date,Station_No,PM2.5,TSP,O3,CO,NO2,SO2,Temperature,Humidity
24-02-2021 16:00,1,15.32,32.48833333,56.37081667,1467.262,102.9767667,355.8833333,25.78,61.42666667
24-02-2021 16:00,2,14.02666667,28.44333333,62.94686667,0.0,52.5078,323.1333333,25.92166667,62.03333333
24-02-2021 16:00,3,13.33666667,27.41166667,72.72915,1135.304,66.5287,359.8133333,26.21833333,60.26166667
24-02-2021 16:00,4,13.01166667,25.27166667,36.9044,1150.966,44.19563333,289.0733333,26.19333333,60.94333333
24-02-2021 16:00,5,14.40166667,27.62333333,47.112,1260.409,45.13663333,275.9733333,26.07166667,60.89333333
24-02-2021 16:00,6,14.38181818,27.24545455,49.61036364,1243.41,92.47463636,327.5,25.72727273,62.8
24-02-2021 17:00,1,20.24666667,45.67333333,88.95661667,1020.131,125.1843667,347.5866667,27.42166667,63.38
24-02-2021 17:00,2,18.8,43.32833333,77.9311,0.0,63.95663333,330.9933333,27.565,64.32166667
24-02-2021 17:00,3,17.70833333,39.77833333,65.1716,829.131,76.37783333,312.2166667,28.005,62.03666667
24-02-2021 17:00,4,17.60666667,38.55833333,47.14471667,876.881,55.92676667,295.6233333,27.48666667,64.055
24-02-2021 17:00,5,18.00333333,38.075,60.68941667,1002.368,54.4839,291.2566667,27.64,63.25
24-02-2021 17:00,6,15.22,30.54,59.2826,1155.168,106.8976,324.88,26.7,62.1
05-03-2021 10:00,1,20.72166667,45.66,46.81755,492.398,54.26433333,230.56,28.145,51.85
05-03-2021 10:00,2,19.54166667,42.26833333,36.02105,0.0,22.4899,330.5566667,28.30833333,51.835
05-03-2021 10:00,3,18.02666667,39.24833333,24.50478333,483.612,27.0067,261.1266667,28.59333333,50.67666667
05-03-2021 10:00,4,16.735,34.245,9.553266667,502.712,16.21656667,245.4066667,28.29833333,51.94166667
05-03-2021 10:00,5,18.425,36.85666667,16.62006667,437.581,19.60416667,275.5366667,28.78166667,50.23833333
05-03-2021 10:00,6,11.18695652,31.43478261,2.645782609,1450.935652,39.44017391,519.4434783,25.66956522,48.92608696
05-03-2021 11:00,1,28.44666667,62.36333333,68.01795,1236.152,99.77736667,266.3666667,26.94166667,57.79833333
05-03-2021 11:00,2,26.73833333,57.54166667,67.26546667,0.0,47.95963333,289.51,27.09333333,57.64
05-03-2021 11:00,3,24.65833333,53.23333333,49.33673333,981.931,51.50406667,239.2933333,27.22833333,56.925
05-03-2021 11:00,4,22.62833333,47.12166667,32.42221667,981.358,39.08286667,239.73,27.21833333,57.3
05-03-2021 11:00,5,25.02166667,51.05333333,43.25143333,868.095,41.2158,259.8166667,27.37,56.54166667
05-03-2021 11:00,6,10.45625,23.18125,0.8588125,1120.93125,31.75875,379.9,24.43125,46.21875
05-03-2021 14:00,1,16.40333333,34.555,60.39496667,890.442,88.8304,292.5666667,27.16833333,57.28333333
05-03-2021 14:00,2,15.25166667,30.56833333,61.96536667,0.0,48.02236667,314.4,27.38166667,56.92333333
05-03-2021 14:00,3,14.26333333,29.155,46.85026667,744.327,51.53543333,264.62,27.41166667,56.54166667
05-03-2021 14:00,4,12.48333333,23.425,26.40235,753.304,37.8282,263.31,27.56166667,56.40333333
05-03-2021 14:00,5,15.82666667,29.65166667,39.58716667,684.735,39.4279,284.7066667,27.62,55.93833333
05-03-2021 14:00,6,8.946666667,20.82,8.768066667,11551.68,27.22626667,379.9,22.47333333,44.65333333
05-03-2021 15:00,1,18.12833333,40.08166667,61.0493,1008.289,91.43383333,295.6233333,27.16833333,57.88833333
05-03-2021 15:00,2,18.04,38.215,64.05923333,0.0,48.7438,314.4,27.46666667,57.435
05-03-2021 15:00,3,15.83166667,34.02166667,47.8972,836.771,51.59816667,266.3666667,27.445,57.055
05-03-2021 15:00,4,14.97833333,30.115,26.66408333,821.109,37.8282,262.0,27.60833333,57.01
05-03-2021 15:00,5,16.29666667,32.46833333,42.46623333,797.043,40.3689,288.2,27.70833333,56.305
05-03-2021 15:00,6,7.805084746,14.16610169,35.00128814,1201.551864,73.55749153,389.8915254,22.35084746,46.73898305
05-03-2021 16:00,1,26.07833333,57.42833333,53.85163333,836.962,87.19933333,292.5666667,27.38666667,56.07666667
05-03-2021 16:00,2,24.93,53.38666667,63.53576667,0.0,48.30466667,314.8366667,27.795,55.41666667
05-03-2021 16:00,3,22.435,48.50166667,45.44345,720.07,50.65716667,265.93,27.595,55.53666667
05-03-2021 16:00,4,20.35666667,41.825,22.70536667,729.429,36.73036667,263.7466667,27.79333333,55.195
05-03-2021 16:00,5,23.62833333,47.73166667,39.52173333,677.859,38.23596667,288.2,27.88166667,54.73666667
05-03-2021 16:00,6,7.485714286,11.99285714,31.17430952,904.5214286,70.08209524,252.6428571,21.99285714,44.71190476
11-03-2021 17:00,1,22.53,52.865,81.75895,1041.905,113.1082,339.29,29.015,57.75333333
11-03-2021 17:00,2,21.31166667,48.055,60.78756667,0.0,51.72363333,341.91,29.34,57.68833333
11-03-2021 17:00,3,12.55454545,29.57272727,82.62445455,1235.596364,81.09709091,335.8363636,24.22727273,60.46363636
11-03-2021 17:00,4,17.17666667,37.60666667,37.52601667,965.123,34.3465,328.3733333,29.28666667,57.54166667
11-03-2021 17:00,5,19.83,41.82666667,64.15738333,705.363,50.5317,314.8366667,29.20666667,57.22166667
11-03-2021 17:00,6,13.76666667,29.54,53.91706667,1290.396,107.0230667,349.3333333,23.72,60.24
12-03-2021 10:00,1,37.09666667,89.38833333,83.39478333,1560.852,74.18216667,365.49,30.235,56.02166667
12-03-2021 10:00,2,35.31666667,65.78666667,67.78893333,0.0,32.96636667,417.0166667,30.03833333,56.51
12-03-2021 10:00,3,12.8,37.84444444,0.0,10613.23333,0.0,335.8363636,22.45555556,48.93333333
12-03-2021 10:00,4,27.23166667,61.33833333,46.88298333,1542.707,18.22403333,394.31,30.06666667,56.13833333
12-03-2021 10:00,5,32.96666667,73.66666667,63.4049,1290.969,40.5571,417.0166667,30.38666667,55.635
12-03-2021 10:00,6,14.59230769,40.33846154,0.453,21092.57077,4.198307692,349.3333333,23.31538462,51.53846154
26-03-2021 16:00,1,19.62333333,58.58166667,95.63081667,772.213,106.7094,370.2933333,32.845,52.90166667
26-03-2021 16:00,2,14.725,42.29545455,17.44393182,0.0,6.244818182,417.0166667,32.80909091,53.59318182
26-03-2021 16:00,3,16.56833333,49.98166667,59.44618333,1435.556,6.994766667,604.7833333,33.84166667,51.95333333
26-03-2021 16:00,4,23.23333333,90.73,71.8458,1099.205,30.36293333,489.0666667,33.46,53.62833333
26-03-2021 16:00,5,15.835,42.45166667,133.6475833,1935.594,66.96783333,638.8433333,33.16333333,54.21166667
26-03-2021 16:00,6,60.64745763,145.9762712,87.40340678,2543.731525,77.70427119,349.3333333,33.82033898,51.98983051
26-03-2021 17:00,1,18.42666667,51.22166667,91.96655,687.6,124.5256667,334.4866667,31.60166667,55.78833333
26-03-2021 17:00,2,15.795,43.73833333,72.46741667,0.0,30.64523333,654.1266667,31.44833333,58.77666667
26-03-2021 17:00,3,17.55666667,55.25166667,73.84151667,1950.683,32.58996667,611.77,32.46166667,55.88166667
26-03-2021 17:00,4,23.94333333,81.055,55.09486667,1002.177,30.55113333,394.7466667,32.37333333,53.41666667
26-03-2021 17:00,5,16.28166667,42.06833333,115.0645167,2417.678,71.516,674.65,32.06166667,57.39166667
26-03-2021 17:00,6,103.68,237.3016667,93.76596667,2776.758,100.3419667,349.3333333,32.42666667,56.24
26-03-2021 18:00,1,17.56829268,44.19512195,89.05317073,660.2078049,123.3857561,310.5658537,30.6902439,58.69268293
26-03-2021 18:00,2,17.70238095,45.3047619,107.3574048,0.0,54.21952381,515.2666667,30.51428571,62.53809524
26-03-2021 18:00,3,16.11818182,48.85227273,67.94656818,1710.144545,42.00281818,517.45,31.60227273,56.02954545
26-03-2021 18:00,4,22.05128205,59.17179487,68.95666667,1160.398462,48.98025641,392.3282051,31.4025641,57.05384615
26-03-2021 18:00,5,15.0225,38.6625,95.30365,1715.562,64.69375,533.825,31.34,57.07
26-03-2021 18:00,6,105.1714286,235.5357143,88.70890476,2152.024286,106.2881905,693.6761905,31.76190476,57.30238095
09-04-2021 16:00,1,33.37166667,80.82166667,170.781,989.189,177.2530333,233.18,30.73833333,69.275
09-04-2021 16:00,2,30.06166667,59.40666667,110.2551667,0.0,47.26956667,368.5466667,30.0,71.30333333
09-04-2021 16:00,3,45.16,0.0,45.9342,2697.684,30.4884,517.45,30.04,70.38
09-04-2021 16:00,4,40.66727273,102.7145455,108.0363818,1358.947636,57.69185455,386.8072727,27.89636364,92.57636364
09-04-2021 16:00,5,26.465,64.19666667,132.2734833,1799.029,65.1172,472.0366667,29.99833333,73.435
09-04-2021 16:00,6,28.80833333,68.41333333,111.6947,1393.536,89.61456667,383.3933333,30.11833333,70.85166667
09-04-2021 17:00,1,32.78833333,82.67166667,152.0670667,1152.303,161.3815,239.73,29.68666667,69.04
09-04-2021 17:00,2,26.82166667,55.96166667,131.4555667,0.0,61.7296,399.55,28.83166667,76.44333333
09-04-2021 17:00,3,48.665,0.0,102.8939167,1398.502,68.5048,391.69,29.53333333,73.72333333
09-04-2021 17:00,4,39.895,97.39,84.17998333,1070.555,48.14783333,286.89,22.435,34.89166667
09-04-2021 17:00,5,25.81,59.60666667,127.2351167,2988.195,68.25386667,694.3,29.75333333,72.32166667
09-04-2021 17:00,6,28.09333333,67.40833333,107.7359833,1815.837,102.3180667,470.29,29.555,74.34666667
09-04-2021 18:00,1,29.15333333,71.93666667,143.59345,1023.378,142.3419333,214.84,29.15666667,70.95
09-04-2021 18:00,2,24.87,51.425,140.4199333,0.0,74.93496667,320.0766667,27.37,83.25166667
09-04-2021 18:00,3,43.24,0.0,105.9365667,1324.012,73.14706667,347.5866667,26.81,87.37333333
09-04-2021 18:00,4,45.095,108.5616667,91.44308333,1144.281,60.09853333,272.9166667,22.01333333,32.04333333
09-04-2021 18:00,5,20.56333333,44.14666667,157.6943333,2257.62,91.02606667,501.2933333,27.09166667,86.14333333
09-04-2021 18:00,6,29.09333333,79.26166667,121.41155,1555.504,116.5899,382.0833333,27.41166667,83.5
09-04-2021 19:00,1,32.46166667,81.62833333,131.7173,999.312,143.0633667,206.5433333,28.82333333,71.52333333
09-04-2021 19:00,2,20.62833333,44.46833333,169.2760333,0.0,84.47043333,234.49,25.52,88.07166667
09-04-2021 19:00,3,37.41,0.0,139.3075667,1342.73,100.8752,282.96,25.09333333,92.10833333
09-04-2021 19:00,4,41.81833333,105.5883333,88.89118333,1291.542,65.36813333,283.8333333,27.95166667,81.91333333
09-04-2021 19:00,5,24.00333333,51.73166667,144.4113667,2953.242,98.0522,600.4166667,27.26,84.04833333
09-04-2021 19:00,6,23.79166667,48.57833333,122.0331667,1516.54,127.7564333,338.4166667,27.07333333,83.02166667
09-04-2021 20:00,1,31.76666667,78.66333333,134.1383333,959.393,155.0454333,192.57,28.445,74.1
09-04-2021 20:00,2,23.87333333,48.89333333,147.4540167,0.0,87.513,305.23,26.67833333,86.84333333
09-04-2021 20:00,3,43.71833333,0.0,124.0943167,1945.526,104.2628,402.17,26.32833333,89.14166667
09-04-2021 20:00,4,41.16833333,103.1,89.02205,1019.94,66.4346,234.0533333,28.17666667,80.32333333
09-04-2021 20:00,5,25.36333333,59.95666667,128.0530333,2885.819,91.8416,599.1066667,27.70166667,83.24666667
09-04-2021 20:00,6,29.065,68.77333333,109.6008333,3205.171,140.8990667,665.0433333,27.52833333,83.905
09-04-2021 21:00,1,32.34666667,79.39333333,134.2692,975.246,163.3576,197.81,28.08166667,77.07333333
09-04-2021 21:00,2,24.74833333,51.01333333,120.43005,0.0,80.20456667,339.7266667,27.02166667,86.56833333
09-04-2021 21:00,3,49.47833333,0.0,116.6676333,2171.479,108.5286667,450.2033333,26.655,90.08166667
09-04-2021 21:00,4,39.47166667,99.44333333,83.68923333,1092.711,65.36813333,244.97,28.01166667,80.69333333
09-04-2021 21:00,5,26.41166667,63.68666667,107.0489333,2122.201,77.31883333,480.77,28.06166667,79.72166667
09-04-2021 21:00,6,30.55833333,80.11833333,97.23393333,3413.361,132.5555333,665.0433333,27.88,82.585
09-04-2021 22:00,1,30.64,74.82,135.2179833,863.129,171.5756667,173.3566667,27.87166667,79.23
09-04-2021 22:00,2,29.02333333,59.64,116.2096,0.0,85.5369,352.39,27.125,86.67333333
09-04-2021 22:00,3,52.08666667,0.0,103.9081333,2085.147,103.1649667,448.8933333,27.29333333,87.445
09-04-2021 22:00,4,39.53833333,99.89333333,81.59536667,1060.05,69.50853333,233.6166667,27.885,81.33333333
09-04-2021 22:00,5,27.05166667,63.89166667,103.0902167,1546.718,74.7154,375.5333333,28.09333333,78.8
09-04-2021 22:00,6,30.24666667,77.35,90.72331667,2308.617,125.6862333,501.73,28.01166667,81.33666667
09-04-2021 23:00,1,30.75666667,79.18666667,130.8666667,851.287,179.0723,157.6366667,27.78166667,80.57166667
09-04-2021 23:00,2,36.17931034,67.31206897,108.3372931,0.0,80.34193103,299.9448276,27.2137931,86.23275862
09-04-2021 23:00,3,48.15166667,0.0,85.94668333,1374.054,88.20306667,335.7966667,27.455,85.78166667
09-04-2021 23:00,4,39.55833333,98.91833333,82.51143333,837.153,74.9977,194.7533333,27.84333333,81.83333333
09-04-2021 23:00,5,24.97166667,58.455,106.68905,1152.112,73.83713333,317.8933333,28.16833333,79.10166667
09-04-2021 23:00,6,27.78333333,69.415,87.51708333,1309.878,112.7004333,324.4433333,28.05333333,80.41
10-04-2021 00:00,1,30.01166667,74.13666667,121.21525,777.943,152.4733667,157.2,27.875,80.58666667
10-04-2021 00:00,2,36.92833333,68.55833333,107.27795,0.0,80.04773333,265.4933333,27.21166667,86.81333333
10-04-2021 00:00,3,44.49,0.0,75.44463333,712.621,73.61756667,229.25,27.66833333,83.87666667
10-04-2021 00:00,4,37.495,93.49,80.22126667,602.605,61.6355,172.4833333,27.77,82.21833333
10-04-2021 00:00,5,23.25833333,53.07833333,101.4871,720.834,66.49733333,260.69,28.11666667,80.07833333
10-04-2021 00:00,6,27.29833333,67.15,84.89975,924.631,106.5839333,254.5766667,27.94333333,81.53166667
10-04-2021 01:00,1,28.51166667,69.9,125.0431,738.979,154.3553667,157.2,27.62666667,82.32
10-04-2021 01:00,2,29.73833333,60.195,92.68631667,0.0,79.45176667,293.8766667,27.14166667,88.075
10-04-2021 01:00,3,53.22333333,0.0,89.18563333,803.728,86.79156667,230.1233333,26.92333333,88.54333333
10-04-2021 01:00,4,38.765,98.48833333,80.81016667,593.819,61.9178,165.4966667,27.52666667,83.93833333
10-04-2021 01:00,5,23.785,54.84166667,101.8797,774.314,69.4458,287.3266667,27.99833333,81.22166667
10-04-2021 01:00,6,26.64833333,62.42333333,86.92818333,630.109,108.1209,194.3166667,27.83333333,82.79666667
10-04-2021 02:00,1,28.68,69.53333333,120.0701667,747.383,147.6742667,157.6366667,27.38666667,83.18833333
10-04-2021 02:00,2,28.58666667,59.01,91.4758,0.0,79.01263333,304.7933333,26.81,89.37333333
10-04-2021 02:00,3,72.58333333,0.0,94.71475,1189.93,99.9342,286.4533333,26.47833333,91.73
10-04-2021 02:00,4,39.05666667,98.35666667,77.80023333,556.192,58.93796667,157.6366667,27.465,83.68833333
10-04-2021 02:00,5,23.55333333,53.93,101.0617833,922.912,68.09703333,348.0233333,27.79166667,82.64166667
10-04-2021 02:00,6,26.63448276,63.94137931,84.91667241,632.8686207,108.1501034,191.0793103,27.63793103,84.02068966
10-04-2021 03:00,1,32.49666667,79.33166667,116.0460167,764.955,148.4584333,164.1866667,27.16333333,83.715
10-04-2021 03:00,2,30.79666667,60.55833333,93.30793333,0.0,80.11046667,305.23,26.63666667,90.14166667
10-04-2021 03:00,3,127.6616667,0.0,75.9681,1218.771,89.80276667,309.16,27.36833333,88.44333333
10-04-2021 03:00,4,38.81833333,98.67333333,72.53285,530.216,58.1538,151.5233333,27.27166667,83.03166667
10-04-2021 03:00,5,24.43833333,58.82833333,101.9451333,689.51,70.92003333,264.62,27.66833333,81.90333333
10-04-2021 03:00,6,28.02166667,74.345,86.60101667,1117.923,122.4241,272.48,27.47333333,84.29333333
10-04-2021 04:00,1,31.11833333,76.53,114.7046333,793.414,155.7668667,158.51,27.01,84.555
10-04-2021 04:00,2,28.45166667,58.625,99.78583333,0.0,80.61233333,327.0633333,26.71,89.435
10-04-2021 04:00,3,162.6933333,0.0,48.2898,1226.22,68.75573333,341.91,27.675,86.65
10-04-2021 04:00,4,41.97333333,110.22,79.82866667,611.2,76.4092,146.72,27.095,84.11
10-04-2021 04:00,5,24.045,55.54666667,105.2168,505.577,76.5974,204.7966667,27.45666667,82.33166667
10-04-2021 04:00,6,27.605,66.4,79.79595,871.151,107.6817667,230.1233333,27.80833333,81.40166667
10-04-2021 05:00,1,39.04666667,104.0966667,115.6534167,978.302,179.0095667,187.7666667,26.56166667,87.81666667
10-04-2021 05:00,2,27.09166667,55.94166667,93.96226667,0.0,73.24116667,339.29,26.96833333,84.69833333
10-04-2021 05:00,3,76.53,0.0,74.594,1442.05,84.4077,359.3766667,26.94833333,87.74666667
10-04-2021 05:00,4,47.22833333,127.4433333,78.61815,810.031,70.4809,191.6966667,26.93166667,84.40333333
10-04-2021 05:00,5,26.41,66.02833333,104.7587667,676.14,80.29866667,241.9133333,27.35166667,82.14666667
10-04-2021 05:00,6,33.10833333,90.10666667,86.01211667,1999.961,127.4741333,461.5566667,27.33333333,83.125
10-04-2021 06:00,1,49.66833333,138.9216667,113.3959667,1801.13,179.0723,342.3466667,26.45,89.42333333
10-04-2021 06:00,2,32.125,63.49666667,96.21971667,0.0,78.1971,564.61,27.91166667,79.53
10-04-2021 06:00,3,97.235,0.0,61.47461667,2203.949,77.50703333,519.1966667,27.875,85.39333333
10-04-2021 06:00,4,50.32,132.8983333,79.01075,1398.12,69.47716667,299.5533333,27.10833333,84.36
10-04-2021 06:00,5,26.38166667,65.25333333,97.03763333,1177.133,70.07313333,327.0633333,27.51,80.135
10-04-2021 06:00,6,33.06666667,89.34333333,85.03061667,4073.839,127.7878,519.4434783,27.68333333,80.51666667
10-04-2021 07:00,1,62.20166667,162.48,108.7502,1957.941,153.5084667,373.35,26.95166667,87.49833333
10-04-2021 07:00,2,33.655,63.86833333,80.6793,0.0,54.51526667,482.5166667,29.1,73.15833333
10-04-2021 07:00,3,102.2116667,0.0,72.79458333,2088.012,72.9275,515.7033333,28.60833333,80.85
10-04-2021 07:00,4,71.96833333,189.545,80.71201667,1568.301,65.08583333,338.4166667,27.99333333,81.68333333
10-04-2021 07:00,5,34.14666667,84.47333333,98.67346667,1224.501,63.92526667,340.6,28.20333333,78.68666667
10-04-2021 07:00,6,39.64666667,105.005,88.46586667,4839.749,125.0275333,379.9,28.445,78.33166667
10-04-2021 08:00,1,57.19,139.3183333,103.35195,1406.142,100.5615333,273.3533333,28.69666667,78.715
10-04-2021 08:00,2,41.73166667,74.97,91.01776667,0.0,49.27703333,457.19,30.35,69.08333333
10-04-2021 08:00,3,137.815,0.0,84.2127,1829.971,66.2464,474.6566667,29.78166667,75.98
10-04-2021 08:00,4,79.39333333,198.875,78.94531667,1593.322,46.54813333,349.77,29.05166667,77.46
10-04-2021 08:00,5,52.98,132.2833333,117.48555,1843.532,61.98053333,446.2733333,29.33333333,75.055
10-04-2021 08:00,6,58.06,151.565,106.5909,4882.533,128.9483667,379.9,29.12166667,76.685
10-04-2021 09:00,1,61.1,155.055,131.61915,1285.621,74.30763333,241.9133333,30.23166667,72.29333333
10-04-2021 09:00,2,50.01833333,84.96166667,85.09605,0.0,21.1725,465.9233333,31.80166667,63.16
10-04-2021 09:00,3,104.4733333,0.0,56.76341667,1065.398,22.3017,375.5333333,31.84666667,64.71666667
10-04-2021 09:00,4,63.99833333,157.0933333,79.17433333,1262.51,17.62806667,310.0333333,30.78666667,68.705
10-04-2021 09:00,5,63.62333333,154.6783333,121.8695833,1434.983,38.7692,401.7333333,31.28666667,66.59333333
10-04-2021 09:00,6,61.875,158.4866667,111.3021,3609.327,98.0522,389.8915254,30.62333333,69.55666667
10-04-2021 10:00,1,56.6,141.87,127.7585833,1039.231,27.50856667,215.7133333,31.91666667,64.22666667
10-04-2021 10:00,2,51.87166667,88.35833333,124.3233333,0.0,23.08586667,422.6933333,32.86166667,57.785
10-04-2021 10:00,3,116.69,0.0,75.60821667,1068.263,9.2218,402.6066667,32.925,61.37666667
10-04-2021 10:00,4,62.79666667,158.0766667,102.8939167,1022.041,7.9044,270.2966667,31.59,64.79666667
10-04-2021 10:00,5,56.495,150.6983333,100.60375,1224.883,3.795366667,465.4866667,33.355,57.53333333
10-04-2021 10:00,6,57.11166667,152.9733333,134.5309333,3522.422,93.3472,252.6428571,31.275,65.93666667
10-04-2021 11:00,1,39.995,99.62333333,117.87815,862.174,28.29273333,212.6566667,32.72166667,57.76166667
10-04-2021 11:00,2,41.655,74.53,90.13441667,0.0,1.7879,457.19,34.70333333,48.28
10-04-2021 11:00,3,94.84333333,0.0,63.73206667,861.792,1.160566667,385.5766667,33.49166667,55.885
10-04-2021 11:00,4,57.205,144.6083333,110.0588667,917.182,9.159066667,265.93,31.92333333,63.10333333
10-04-2021 11:00,5,48.015,118.3466667,103.4828167,1576.705,3.795366667,593.43,34.61,52.09833333
10-04-2021 11:00,6,55.515,144.7516667,134.9235333,2809.992,73.80576667,680.3266667,32.60666667,60.04
10-04-2021 12:00,1,35.84,87.57833333,115.2935333,802.009,31.39803333,216.5866667,33.13,54.08166667
10-04-2021 12:00,2,41.47833333,74.76,120.4954833,0.0,2.666166667,419.6366667,34.58166667,48.285
10-04-2021 12:00,3,82.08333333,0.0,90.46158333,723.508,2.697533333,387.76,34.1,53.24833333
10-04-2021 12:00,4,45.47166667,112.2516667,88.59673333,766.865,0.909633333,279.03,33.13833333,56.28166667
10-04-2021 12:00,5,42.59166667,101.7783333,152.3615167,1457.521,17.18893333,532.2966667,34.10833333,51.80166667
10-04-2021 12:00,6,50.10666667,127.8233333,81.0719,2320.268,13.76996667,680.3266667,34.94166667,51.6
10-04-2021 13:00,1,35.08,87.43166667,113.854,730.957,25.06196667,237.5466667,34.645,50.00833333
10-04-2021 13:00,2,37.82833333,70.87833333,135.2507,0.0,10.1628,413.96,34.48,47.54833333
10-04-2021 13:00,3,71.05166667,0.0,72.72915,666.972,3.6699,392.1266667,34.11333333,51.87333333
10-04-2021 13:00,4,41.65333333,103.0783333,81.62808333,704.026,1.5056,297.8066667,34.23666667,52.28833333
10-04-2021 13:00,5,36.425,90.565,152.9831333,840.973,23.46226667,389.9433333,34.38,48.66333333
10-04-2021 13:00,6,44.32166667,110.265,87.1572,1669.149,8.1867,637.0966667,34.995,49.13
10-04-2021 14:00,1,31.99166667,78.11833333,93.99498333,645.962,2.227033333,253.2666667,35.74,43.86666667
10-04-2021 14:00,2,36.46833333,68.65833333,157.8579167,0.0,15.96563333,411.34,34.01,50.64
10-04-2021 14:00,3,66.17666667,0.0,59.51161667,605.088,2.132933333,432.3,35.55,46.87
10-04-2021 14:00,4,39.185,96.99166667,73.67793333,669.073,1.286033333,324.0066667,34.95333333,49.29166667
10-04-2021 14:00,5,34.24,83.78333333,160.7697,1129.574,39.58473333,430.99,34.16833333,50.69666667
10-04-2021 14:00,6,41.21666667,104.4516667,75.08475,1500.496,2.383866667,637.0966667,35.43333333,48.40166667
10-04-2021 15:00,1,31.68,80.74,185.60165,819.199,121.5772,256.3233333,33.62166667,54.73333333
10-04-2021 15:00,2,29.47666667,58.495,155.4696,0.0,49.52796667,413.0866667,33.51333333,56.70833333
10-04-2021 15:00,3,57.59166667,0.0,92.16285,733.631,11.0097,440.5966667,33.87166667,55.59833333
10-04-2021 15:00,4,34.99,91.10166667,98.28086667,791.886,14.115,340.6,34.04833333,55.80833333
10-04-2021 15:00,5,30.48166667,74.23333333,168.71985,1064.443,54.07613333,392.1266667,33.34166667,56.30666667
10-04-2021 15:00,6,34.48666667,85.02833333,117.68185,1055.657,47.01863333,524.0,34.16666667,54.48333333
10-04-2021 16:00,1,25.8,64.64166667,189.8875333,935.327,146.0432,238.8566667,30.73666667,63.74833333
10-04-2021 16:00,2,25.83018868,56.09245283,119.7800377,0.0,42.93090566,395.4716981,32.20943396,59.81698113
10-04-2021 16:00,3,48.32413793,0.0,104.6143621,972.7168966,45.46003448,401.1310345,32.81551724,59.20172414
10-04-2021 16:00,4,33.18166667,83.07333333,104.4643167,893.116,39.6161,313.9633333,31.62,63.46
10-04-2021 16:00,5,25.525,61.31,137.0828333,1294.789,60.1299,455.4433333,31.61666667,64.24166667
10-04-2021 16:00,6,29.74333333,74.67333333,110.2878833,1346.359,75.53093333,524.8733333,32.64333333,58.54833333
10-04-2021 17:00,1,28.76,73.35,178.92745,1194.705,180.1387667,286.4533333,29.80333333,71.11
10-04-2021 17:00,2,25.52333333,58.84,154.0300667,0.0,72.8334,374.66,30.50333333,65.88666667
10-04-2021 17:00,3,43.61,0.0,111.7274167,1296.317,68.47343333,409.5933333,30.84333333,66.05
10-04-2021 17:00,4,38.91833333,94.33166667,119.5139833,1335.854,84.28223333,339.7266667,30.35833333,70.47833333
10-04-2021 17:00,5,22.77666667,54.225,158.51225,2022.499,95.3233,498.2366667,30.215,70.75
10-04-2021 17:00,6,27.14333333,70.60166667,133.3204167,2899.38,139.2052667,524.8733333,30.51666667,69.17666667
10-04-2021 18:00,1,26.33833333,60.9,178.2076833,1312.934,188.3254667,279.9033333,27.65833333,83.29166667
10-04-2021 18:00,2,24.02833333,51.99166667,141.5650167,0.0,84.90956667,367.6733333,29.95333333,69.775
10-04-2021 18:00,3,47.22666667,0.0,113.1342333,1475.475,82.08656667,421.3833333,30.03166667,71.135
10-04-2021 18:00,4,40.945,104.5433333,100.0802833,1614.714,77.22473333,389.5066667,30.01166667,71.78
10-04-2021 18:00,5,24.30666667,57.57333333,121.3461167,1733.134,79.76543333,457.6266667,30.36,69.55666667
10-04-2021 18:00,6,28.985,73.96666667,110.1243,2610.397,126.9095333,660.6766667,30.80833333,67.75333333
10-04-2021 19:00,1,26.20666667,62.09166667,149.87505,1762.93,175.4651333,341.91,27.44833333,83.51833333
10-04-2021 19:00,2,25.18,54.14166667,119.5794167,0.0,85.5369,406.5366667,29.875,70.26333333
10-04-2021 19:00,3,48.69,0.0,120.9208,1613.377,96.67206667,405.6633333,28.095,82.41
10-04-2021 19:00,4,43.28,108.76,106.2310167,2239.475,92.81396667,470.29,29.00166667,78.14666667
10-04-2021 19:00,5,23.42166667,53.53166667,106.002,1220.49,67.62653333,367.2366667,29.99666667,68.19833333
10-04-2021 19:00,6,30.31166667,73.04166667,87.5498,2036.442,103.51,544.0866667,30.85666667,65.15666667
10-04-2021 20:00,1,27.13666667,71.0,148.30465,1729.696,170.7601333,316.5833333,26.59333333,85.23333333
10-04-2021 20:00,2,22.26166667,49.12166667,113.4286833,0.0,78.2912,309.5966667,29.44,69.735
10-04-2021 20:00,3,38.92,0.0,91.6721,1234.815,74.21353333,317.02,27.73666667,80.85166667
10-04-2021 20:00,4,46.29,116.78,110.3860333,2217.701,93.66086667,454.1333333,27.73666667,82.05666667
10-04-2021 20:00,5,27.60166667,66.07166667,127.4314167,2099.663,88.95586667,510.4633333,29.24166667,74.105
10-04-2021 20:00,6,31.12166667,71.39666667,111.4984,2083.046,133.9356667,524.0,28.77166667,75.85
10-04-2021 21:00,1,25.39666667,66.16666667,128.3802,1703.529,162.5420667,318.7666667,26.85833333,83.48833333
10-04-2021 21:00,2,24.52881356,52.42542373,116.8484068,0.0,85.61505085,347.7050847,29.01016949,73.01525424
10-04-2021 21:00,3,37.98,0.0,76.22983333,1211.322,66.7169,295.1866667,28.09166667,77.46
10-04-2021 21:00,4,42.26666667,107.1245614,104.7622105,2250.181053,90.73221053,437.5859649,27.65438596,81.28421053
10-04-2021 21:00,5,27.42666667,66.665,124.1270333,2645.35,92.7826,586.0066667,28.90666667,75.92333333
10-04-2021 21:00,6,31.70666667,86.51833333,114.5083333,3536.938,153.4457333,524.0,28.61333333,77.0
10-04-2021 22:00,1,25.0,65.01166667,124.4869167,1366.605,168.1880667,258.5066667,27.04666667,82.465
10-04-2021 22:00,2,23.55333333,52.29833333,119.8084333,0.0,89.6773,289.51,28.57666667,75.13666667
10-04-2021 22:00,3,47.20333333,0.0,88.04055,1777.637,87.95213333,395.1833333,28.59333333,76.11
10-04-2021 22:00,4,37.18387097,94.46129032,90.55129032,1290.913548,86.26845161,286.5096774,28.30967742,78.35483871
10-04-2021 22:00,5,25.12833333,59.03833333,106.7544833,1402.131,79.7968,385.14,28.8,75.48166667
10-04-2021 22:00,6,28.14,78.27166667,85.55408333,2122.392,113.2336667,520.07,29.11,73.46333333
10-04-2021 23:00,1,29.70166667,80.825,114.1811667,1521.697,179.7937333,276.41,27.30333333,82.50666667
10-04-2021 23:00,2,21.11034483,48.87241379,108.2696034,0.0,83.81389655,246.6413793,28.28965517,76.29137931
10-04-2021 23:00,3,37.67333333,0.0,61.37646667,798.38,61.98053333,249.3366667,28.985,73.31833333
10-04-2021 23:00,4,36.445,89.16333333,66.38211667,912.598,57.18143333,240.6033333,28.25,77.15
10-04-2021 23:00,5,21.50333333,49.22833333,96.05613333,869.432,67.752,292.5666667,28.60333333,74.69166667
10-04-2021 23:00,6,22.72333333,51.625,77.86566667,823.592,95.95063333,277.72,29.34833333,71.74833333
11-04-2021 00:00,1,33.61166667,84.76833333,103.6136833,1178.852,160.3777667,237.9833333,27.16166667,83.16166667
11-04-2021 00:00,2,17.73666667,42.92,92.22828333,0.0,68.3166,219.6433333,28.235,73.91
11-04-2021 00:00,3,35.01166667,0.0,55.29116667,624.57,56.11496667,217.0233333,28.82333333,72.53666667
11-04-2021 00:00,4,33.205,80.79166667,66.90558333,757.506,61.13363333,209.6,27.97,76.70333333
11-04-2021 00:00,5,21.18,47.74666667,96.67775,536.901,69.32033333,241.04,28.28166667,74.825
11-04-2021 00:00,6,22.32,52.06333333,75.60821667,715.104,97.14256667,244.5333333,29.12666667,71.19833333
11-04-2021 01:00,1,30.17166667,76.94333333,95.23821667,1007.716,148.1761333,218.3333333,27.285,81.575
11-04-2021 01:00,2,17.08666667,42.17666667,93.66781667,0.0,68.5989,203.4866667,28.04,73.79833333
11-04-2021 01:00,3,34.29666667,0.0,64.84443333,564.978,64.7408,198.6833333,28.64666667,72.51333333
11-04-2021 01:00,4,30.16833333,73.43166667,66.9383,656.467,59.12616667,193.0066667,28.01333333,75.86833333
11-04-2021 01:00,5,21.835,50.36333333,93.86411667,502.33,68.1284,233.6166667,28.2,74.52166667
11-04-2021 01:00,6,22.69166667,52.08,77.47306667,653.411,104.4196333,225.7566667,29.01333333,71.15166667
11-04-2021 02:00,1,31.62,77.14333333,89.87268333,899.61,139.2052667,217.46,27.14166667,79.095
11-04-2021 02:00,2,21.21666667,48.21333333,97.88826667,0.0,75.71913333,210.91,27.69833333,74.81
11-04-2021 02:00,3,31.24666667,0.0,69.91551667,526.969,67.59516667,183.8366667,28.43333333,71.72166667
11-04-2021 02:00,4,27.71833333,65.83166667,63.83021667,585.988,52.66463333,182.09,27.83833333,75.22
11-04-2021 02:00,5,19.79166667,44.85833333,92.19556667,454.389,69.03803333,224.01,27.93833333,74.78
11-04-2021 02:00,6,21.36551724,47.66034483,74.89860345,590.5851724,99.48641379,209.1482759,28.87068966,70.48965517
11-04-2021 03:00,1,32.5,83.775,104.4316,1000.076,164.4240667,225.32,26.545,82.58
11-04-2021 03:00,2,22.79833333,49.845,97.03763333,0.0,79.45176667,225.32,27.50666667,74.94
11-04-2021 03:00,3,29.28333333,0.0,67.9198,516.273,65.83863333,178.16,28.08333333,72.59166667
11-04-2021 03:00,4,26.26333333,61.07333333,64.81171667,581.022,51.9432,177.2866667,27.57166667,75.265
11-04-2021 03:00,5,19.195,41.99333333,92.49001667,455.344,68.09703333,209.6,27.65333333,74.78
11-04-2021 03:00,6,20.51166667,45.03333333,73.93966667,602.796,98.2404,205.67,28.62,70.53333333
11-04-2021 04:00,1,31.795,78.72833333,103.6464,998.357,157.2411,221.39,26.23666667,83.38833333
11-04-2021 04:00,2,22.60333333,48.59333333,97.9537,0.0,79.26356667,251.0833333,27.41,73.93
11-04-2021 04:00,3,27.30666667,0.0,77.5385,546.069,73.398,171.1733333,27.77,73.28833333
11-04-2021 04:00,4,24.39,54.81166667,67.82165,580.258,51.0963,168.1166667,27.15,76.09333333
11-04-2021 04:00,5,18.87166667,41.63166667,96.31786667,657.231,73.99396667,248.0266667,27.49833333,75.58166667
11-04-2021 04:00,6,21.08666667,46.17333333,80.05768333,656.085,107.8699667,213.53,28.41666667,71.44833333
11-04-2021 05:00,1,40.905,113.5383333,113.9848667,1251.623,178.7272667,268.9866667,25.895,86.46
11-04-2021 05:00,2,25.67166667,53.745,101.8469833,0.0,87.57573333,364.18,27.34833333,74.435
11-04-2021 05:00,3,27.96833333,0.0,90.298,854.343,87.45026667,211.7833333,27.29,75.07166667
11-04-2021 05:00,4,24.42,55.19,73.54706667,725.609,57.46373333,186.02,26.88166667,77.385
11-04-2021 05:00,5,17.57666667,37.865,99.16421667,678.432,76.44056667,220.9533333,27.335,76.12
11-04-2021 05:00,6,20.78,51.21166667,83.36206667,1163.19,118.7855667,292.13,28.11833333,72.71333333
11-04-2021 06:00,1,44.22833333,120.6866667,105.3476667,1355.145,164.2672333,296.06,26.395,84.31333333
11-04-2021 06:00,2,25.855,54.425,97.33208333,0.0,81.7729,396.93,28.72166667,69.26333333
11-04-2021 06:00,3,32.14166667,0.0,85.32506667,1114.485,83.2785,265.4933333,28.00166667,73.39833333
11-04-2021 06:00,4,31.43,74.51833333,75.60821667,928.069,63.01563333,224.4466667,27.11666667,77.48833333
11-04-2021 06:00,5,16.36666667,34.66833333,98.31358333,756.933,67.15603333,242.35,27.53166667,74.61
11-04-2021 06:00,6,19.11166667,44.94833333,81.4645,1745.167,112.1985667,412.65,28.35666667,71.28833333
11-04-2021 07:00,1,32.12,85.32666667,77.17861667,956.146,103.8236667,224.4466667,28.30666667,74.04
11-04-2021 07:00,2,21.77333333,48.53,82.67501667,0.0,58.37336667,365.49,29.86833333,64.41666667
11-04-2021 07:00,3,56.98,0.0,68.57413333,1016.311,58.40473333,286.89,29.64166667,68.55666667
11-04-2021 07:00,4,41.19166667,104.2433333,69.98095,1158.606,49.52796667,274.2266667,28.71166667,71.955
11-04-2021 07:00,5,19.555,42.65666667,97.3648,967.797,59.7535,284.27,28.445,72.00166667
11-04-2021 07:00,6,21.39166667,53.41,81.75895,2526.93,107.3053667,572.0333333,29.18,68.68333333
11-04-2021 08:00,1,26.38333333,68.08,67.10188333,854.725,57.0246,214.4033333,30.72333333,63.16166667
11-04-2021 08:00,2,19.44,45.69166667,68.1161,0.0,39.45926667,378.59,31.53166667,57.73
11-04-2021 08:00,3,49.47166667,0.0,61.60548333,896.745,32.02536667,296.06,31.55666667,60.19666667
11-04-2021 08:00,4,27.27833333,66.12833333,49.23858333,931.698,14.52276667,264.1833333,30.75833333,62.645
11-04-2021 08:00,5,24.73833333,54.985,83.6238,1013.064,43.34873333,317.02,30.86166667,62.51
11-04-2021 08:00,6,28.705,72.26166667,87.77881667,3053.326,103.9805,686.8766667,30.37666667,63.875
11-04-2021 09:00,1,23.72333333,66.98666667,57.22145,619.031,13.70723333,193.0066667,32.52833333,55.07833333
11-04-2021 09:00,2,19.585,45.58166667,62.78328333,0.0,18.88273333,371.6033333,32.34333333,53.87666667
11-04-2021 09:00,3,41.49,0.0,52.44481667,782.145,9.159066667,306.9766667,33.10666667,53.89333333
11-04-2021 09:00,4,25.79833333,64.98166667,38.8674,816.907,0.125466667,276.8466667,32.64166667,55.015
11-04-2021 09:00,5,21.91833333,47.74166667,11.3854,732.867,0.690066667,414.8333333,33.64166667,52.51
11-04-2021 09:00,6,24.39166667,59.37833333,78.84716667,2038.543,72.14333333,520.5066667,32.07166667,56.89
11-04-2021 10:00,1,24.63833333,66.60333333,63.86293333,560.203,4.014933333,211.7833333,33.99666667,49.685
11-04-2021 10:00,2,20.29833333,45.79333333,88.49858333,0.0,28.16726667,350.6433333,33.31333333,51.02666667
11-04-2021 10:00,3,38.74833333,0.0,44.1675,637.749,0.972366667,327.0633333,34.20166667,50.16
11-04-2021 10:00,4,24.73333333,58.29,29.21598333,676.713,0.0,307.85,34.385,49.60166667
11-04-2021 10:00,5,20.96,44.74333333,20.97138333,656.085,0.0,485.1366667,35.34,47.75833333
11-04-2021 10:00,6,23.00666667,53.85666667,76.39341667,1376.346,42.94096667,428.37,33.235,53.01666667
11-04-2021 11:00,1,22.78,54.06666667,56.37081667,515.318,2.195666667,257.1966667,35.56833333,44.75333333
11-04-2021 11:00,2,21.89,47.72833333,90.13441667,0.0,16.68706667,374.66,34.18,48.11833333
11-04-2021 11:00,3,33.83333333,0.0,35.75931667,543.204,0.0,349.77,35.02,47.05166667
11-04-2021 11:00,4,24.40833333,54.29,17.24168333,649.973,0.0,351.9533333,35.76166667,44.86166667
11-04-2021 11:00,5,21.91833333,46.29666667,34.45065,571.663,0.0,516.5766667,36.24166667,43.32333333
11-04-2021 11:00,6,23.735,54.29833333,63.14316667,1357.246,24.81103333,456.7533333,35.00833333,46.65166667
11-04-2021 12:00,1,22.69333333,50.295,75.34648333,523.149,7.088866667,274.6633333,35.95833333,43.66333333
11-04-2021 12:00,2,23.89,50.82,126.4499167,0.0,26.78713333,364.18,34.44,48.29666667
11-04-2021 12:00,3,36.78333333,0.0,29.01968333,489.915,0.0,375.97,35.765,43.915
11-04-2021 12:00,4,25.52666667,56.64,31.27713333,586.561,0.0,371.6033333,36.16,43.92333333
11-04-2021 12:00,5,24.355,51.68,116.6349167,756.36,17.7849,461.5566667,34.58,47.95
11-04-2021 12:00,6,26.78666667,60.81,40.20878333,1157.842,1.944733333,545.3966667,35.80166667,45.45833333
11-04-2021 13:00,1,28.30166667,66.14333333,148.8608333,713.003,78.5735,265.4933333,34.165,50.57666667
11-04-2021 13:00,2,22.54333333,49.81333333,131.7827333,0.0,36.35396667,367.2366667,33.94166667,52.45833333
11-04-2021 13:00,3,40.48166667,0.0,92.98076667,721.789,23.93276667,356.32,32.29833333,59.635
11-04-2021 13:00,4,29.45833333,69.87333333,117.2565333,827.794,32.3704,347.15,33.07166667,59.91
11-04-2021 13:00,5,20.05,43.44,237.2612667,2119.336,114.4256,513.9566667,30.32166667,71.99833333
11-04-2021 13:00,6,28.31,66.22666667,134.4327833,1505.462,87.35616667,519.6333333,32.28,61.15
11-04-2021 14:00,1,24.405,56.96166667,136.91925,802.582,87.95213333,301.3,34.2,53.07833333
11-04-2021 14:00,2,19.87333333,45.69833333,100.4728833,0.0,29.95516667,386.0133333,34.02,51.66
11-04-2021 14:00,3,26.59666667,0.0,172.6131333,750.057,99.11866667,232.3066667,26.62666667,87.685
11-04-2021 14:00,4,33.47333333,79.17,161.2277333,990.335,82.93346667,264.1833333,28.615,79.96833333
11-04-2021 14:00,5,19.23,41.115,206.7366167,1888.799,106.8662333,437.1033333,29.60166667,76.19666667
11-04-2021 14:00,6,21.87,47.08333333,159.6573333,2151.233,144.8199,567.23,29.89833333,74.09166667
11-04-2021 15:00,1,21.62666667,52.71,92.58816667,820.727,54.51526667,337.98,35.25166667,50.88
11-04-2021 15:00,2,17.81333333,43.35333333,91.11591667,0.0,34.4406,396.93,33.53,52.76833333
11-04-2021 15:00,3,27.39833333,0.0,191.1634833,1506.417,128.6033333,320.95,27.57,89.70333333
11-04-2021 15:00,4,28.025,65.495,145.36015,1859.767,97.9581,374.2233333,30.47333333,72.33666667
11-04-2021 15:00,5,17.995,41.29666667,130.0814667,2132.133,73.27253333,521.8166667,31.38333333,64.22
11-04-2021 15:00,6,19.15833333,44.25,111.891,1651.577,96.98573333,443.6533333,31.55166667,63.53166667
11-04-2021 16:00,1,23.98,58.61833333,113.5268333,830.086,82.49433333,295.6233333,32.88,52.91
11-04-2021 16:00,2,17.45,42.535,90.72331667,0.0,33.90736667,396.93,32.94166667,54.215
11-04-2021 16:00,3,25.41206897,0.0,96.39006897,1117.152414,69.17972414,293.6206897,30.20172414,69.52413793
11-04-2021 16:00,4,21.69166667,52.805,58.75913333,1008.098,30.6766,282.0866667,31.9,61.28833333
11-04-2021 16:00,5,18.595,42.48833333,70.79886667,1028.726,29.76696667,386.0133333,32.47166667,55.38666667
11-04-2021 16:00,6,18.53333333,43.285,64.87715,1027.58,41.46673333,359.8133333,32.675,54.4
11-04-2021 17:00,1,26.83166667,70.665,157.0727167,1250.286,146.6391667,327.9366667,31.12,61.46333333
11-04-2021 17:00,2,19.76666667,45.68333333,106.9835,0.0,50.68853333,397.8033333,31.755,57.59166667
11-04-2021 17:00,3,29.34833333,0.0,64.02651667,999.121,49.93573333,296.9333333,30.83,62.01666667
11-04-2021 17:00,4,25.10666667,61.10166667,62.48883333,1231.186,44.4152,313.9633333,31.22166667,63.33666667
11-04-2021 17:00,5,20.26333333,46.08833333,90.00355,1420.467,49.62206667,437.1033333,31.7,58.505
11-04-2021 17:00,6,20.64,49.69,73.84151667,1627.893,67.03056667,480.77,32.07166667,56.55833333
11-04-2021 18:00,1,24.34,62.32166667,109.8625667,1080.296,120.3225333,293.0033333,30.905,58.04166667
11-04-2021 18:00,2,21.71333333,48.31,126.8752333,0.0,72.6452,374.66,30.51333333,62.57833333
11-04-2021 18:00,3,31.62333333,0.0,74.92116667,1187.065,60.72586667,333.6133333,30.31166667,64.26166667
11-04-2021 18:00,4,27.64,68.74666667,79.17433333,1691.496,71.82966667,370.73,30.12,67.83166667
11-04-2021 18:00,5,20.72333333,47.115,107.8014167,2043.891,71.95513333,518.3233333,30.90333333,62.31833333
11-04-2021 18:00,6,23.23166667,58.49333333,87.97511667,2340.896,97.4876,597.7966667,30.935,61.73666667
11-04-2021 19:00,1,24.47,59.44833333,113.7885667,967.224,132.0536667,267.6766667,29.97166667,62.315
11-04-2021 19:00,2,20.05833333,46.255,118.9578,0.0,74.55856667,351.08,29.85666667,65.085
11-04-2021 19:00,3,35.36166667,0.0,82.446,1486.935,72.77066667,372.9133333,30.03166667,65.255
11-04-2021 19:00,4,28.07333333,69.55,62.88143333,1257.544,48.0851,304.7933333,29.77666667,64.36833333
11-04-2021 19:00,5,21.58333333,49.32666667,102.2723,1689.395,69.7281,451.0766667,30.31,63.94333333
11-04-2021 19:00,6,24.72,59.81333333,88.62945,2025.746,103.9491333,521.8166667,30.61,63.04666667
11-04-2021 20:00,1,23.96166667,59.29,126.9406667,942.012,148.1761333,250.21,29.035,68.61
11-04-2021 20:00,2,21.09333333,47.97166667,117.5509833,0.0,82.49433333,334.9233333,29.31,68.29333333
11-04-2021 20:00,3,37.385,0.0,84.08183333,1259.072,74.49583333,330.9933333,29.52833333,65.86833333
11-04-2021 20:00,4,30.40666667,76.37,76.78601667,1080.678,56.80503333,271.6066667,29.06833333,69.09333333
11-04-2021 20:00,5,21.52166667,48.99333333,102.7957667,1190.312,68.9753,362.87,29.59666667,66.50833333
11-04-2021 20:00,6,25.68666667,59.52666667,83.6238,1332.989,97.864,381.6466667,30.22166667,63.97166667
11-04-2021 21:00,1,23.4,56.72833333,118.7287833,971.044,153.5084667,240.6033333,28.35333333,73.67333333
11-04-2021 21:00,2,21.03166667,47.47833333,116.4386167,0.0,83.78036667,290.82,28.98166667,70.42333333
11-04-2021 21:00,3,37.72666667,0.0,94.58388333,1095.003,83.59216667,291.6933333,29.08666667,70.14166667
11-04-2021 21:00,4,33.08,86.00166667,82.87131667,1137.023,65.33676667,269.86,28.54833333,73.32333333
11-04-2021 21:00,5,21.56833333,50.69833333,111.3675333,933.99,75.81323333,309.5966667,29.02,71.02
11-04-2021 21:00,6,25.18333333,58.22833333,88.76031667,1005.806,104.3255333,314.4,29.79,67.57166667
11-04-2021 22:00,1,22.82833333,55.33833333,112.18545,899.801,146.2627667,212.6566667,27.93333333,76.17
11-04-2021 22:00,2,20.05833333,46.53166667,109.3391,0.0,81.80426667,276.41,28.785,71.72666667
11-04-2021 22:00,3,38.455,0.0,94.55116667,1057.185,87.54436667,282.0866667,28.83,72.11333333
11-04-2021 22:00,4,33.63666667,88.63666667,78.38913333,990.908,63.01563333,240.6033333,28.21,75.10833333
11-04-2021 22:00,5,21.34,50.475,106.9835,889.869,73.05296667,298.68,28.70833333,72.69666667
11-04-2021 22:00,6,24.95833333,61.74166667,85.9794,1390.289,110.6302333,372.9133333,29.40666667,69.80666667
11-04-2021 23:00,1,23.71166667,58.66666667,107.3761,821.109,137.3546333,186.8933333,27.67833333,76.96666667
11-04-2021 23:00,2,18.32241379,43.88965517,107.7280862,0.0,79.69296552,233.9931034,28.45344828,73.12758621
11-04-2021 23:00,3,34.17,0.0,89.05476667,812.705,81.99246667,236.2366667,28.60166667,72.865
11-04-2021 23:00,4,33.77166667,87.84833333,80.02496667,878.409,72.2688,214.84,27.88166667,76.42333333
11-04-2021 23:00,5,19.52,43.93333333,99.39323333,624.188,65.7759,247.1533333,28.45333333,73.18
11-04-2021 23:00,6,25.40833333,59.015,82.11883333,907.25,100.9693,278.1566667,29.21333333,70.365
12-04-2021 00:00,1,24.49833333,60.65,105.1513667,797.998,143.9416333,183.8366667,27.47,77.70333333
12-04-2021 00:00,2,17.36,42.60333333,96.64503333,0.0,71.95513333,213.0933333,28.23333333,73.27166667
12-04-2021 00:00,3,32.67,0.0,85.68495,679.196,81.14556667,205.67,28.32333333,73.575
12-04-2021 00:00,4,32.125,80.91666667,76.03353333,743.945,70.07313333,188.2033333,27.6,77.32166667
12-04-2021 00:00,5,20.505,47.03333333,99.03335,542.44,70.0104,221.8266667,28.19,74.00333333
12-04-2021 00:00,6,22.495,51.47,79.53421667,622.469,99.49506667,215.7133333,29.00833333,70.46166667
12-04-2021 01:00,1,32.68833333,82.96,100.5056,795.897,139.6444,183.4,27.27,78.12
12-04-2021 01:00,2,16.23333333,41.30333333,98.7389,0.0,69.00666667,199.5566667,28.01833333,73.685
12-04-2021 01:00,3,34.88166667,0.0,86.73188333,575.101,83.12166667,175.9766667,28.275,73.51666667
12-04-2021 01:00,4,29.575,75.79833333,74.92116667,648.445,67.12466667,164.1866667,27.50333333,77.29666667
12-04-2021 01:00,5,21.01,49.61333333,99.26236667,455.153,70.26133333,210.0366667,27.99833333,74.54833333
12-04-2021 01:00,6,22.65666667,52.66166667,80.41756667,681.297,107.2426333,211.7833333,28.70333333,71.495
12-04-2021 02:00,1,25.63,65.61333333,99.16421667,783.864,149.7758333,182.09,26.98833333,79.35333333
12-04-2021 02:00,2,18.92333333,45.29833333,99.65496667,0.0,76.72286667,204.36,27.965,73.48666667
12-04-2021 02:00,3,34.64666667,0.0,93.30793333,573.955,92.0298,168.1166667,28.105,74.08166667
12-04-2021 02:00,4,27.765,70.32666667,73.6125,622.469,61.41593333,159.82,27.35,77.695
12-04-2021 02:00,5,20.38,47.97166667,96.31786667,519.329,69.28896667,224.4466667,27.86833333,74.91666667
12-04-2021 02:00,6,23.99827586,58.0137931,80.14455172,682.4627586,109.8698621,209.6,28.50517241,72.30689655
12-04-2021 03:00,1,26.145,66.63,102.1414333,786.538,159.6563333,183.4,26.72166667,80.88166667
12-04-2021 03:00,2,21.42833333,48.58166667,96.93948333,0.0,81.27103333,220.9533333,27.955,72.77
12-04-2021 03:00,3,29.37,0.0,90.298,575.865,90.58693333,167.68,27.70833333,75.32666667
12-04-2021 03:00,4,26.36166667,64.025,66.84015,626.289,54.54663333,165.06,27.17666667,77.375
12-04-2021 03:00,5,18.455,42.69166667,98.60803333,475.59,75.06043333,210.4733333,27.65166667,75.78666667
12-04-2021 03:00,6,20.94833333,51.92333333,79.07618333,805.256,112.6377,228.3766667,28.33833333,72.92666667
12-04-2021 04:00,1,31.83333333,83.16166667,102.3050167,873.825,166.9020333,192.1333333,26.575,81.21833333
12-04-2021 04:00,2,21.24333333,47.97,101.0290667,0.0,82.6198,237.9833333,27.835,73.63333333
12-04-2021 04:00,3,30.49666667,0.0,81.13733333,659.141,83.0903,184.71,27.32666667,76.53833333
12-04-2021 04:00,4,31.46333333,78.83166667,72.53285,745.664,67.8461,180.3433333,26.91333333,79.09666667
12-04-2021 04:00,5,18.37833333,42.11666667,96.84133333,499.656,75.31136667,212.6566667,27.46666667,76.65333333
12-04-2021 04:00,6,22.37,60.71666667,81.59536667,1337.764,125.2784667,331.43,27.89333333,75.21833333
12-04-2021 05:00,1,32.82166667,89.61833333,100.2765833,1096.149,166.4315333,231.87,26.49833333,81.28333333
12-04-2021 05:00,2,22.90188679,51.54339623,112.8910189,0.0,91.72086792,322.8037736,27.82264151,74.13207547
12-04-2021 05:00,3,43.60666667,0.0,85.81581667,1330.124,91.4652,303.4833333,27.35333333,77.43166667
12-04-2021 05:00,4,46.06,116.6533333,72.36926667,1101.306,75.90733333,238.42,26.855,79.56333333
12-04-2021 05:00,5,18.40166667,40.54333333,90.298,737.833,72.86476667,247.59,27.40666667,76.60166667
12-04-2021 05:00,6,30.59,80.80666667,77.30948333,2120.864,121.8595,506.97,27.85166667,75.16666667
12-04-2021 06:00,1,38.78666667,102.6416667,93.6351,1397.738,157.6488667,299.5533333,27.36833333,77.97666667
12-04-2021 06:00,2,25.04666667,53.80833333,113.7231333,0.0,84.47043333,436.23,28.08166667,74.09666667
12-04-2021 06:00,3,50.10333333,0.0,86.53558333,2313.392,92.0298,494.3066667,27.65166667,76.72666667
12-04-2021 06:00,4,40.55833333,105.2333333,66.08766667,1582.244,68.15976667,324.0066667,27.505,76.28166667
12-04-2021 06:00,5,20.88666667,48.63,89.54551667,1680.8,75.0918,418.7633333,27.81666667,75.695
12-04-2021 06:00,6,23.57833333,58.31166667,72.92545,2748.49,114.6451667,638.8433333,28.335,73.50833333
12-04-2021 07:00,1,35.38666667,94.12833333,73.57978333,1159.561,106.8662333,265.4933333,29.28,69.68333333
12-04-2021 07:00,2,24.72,52.84833333,105.11865,0.0,77.03653333,478.15,29.89,66.76333333
12-04-2021 07:00,3,46.90333333,0.0,72.59828333,2364.962,70.60636667,544.0866667,30.24166667,67.065
12-04-2021 07:00,4,34.41666667,85.64166667,57.15601667,1320.574,47.17546667,306.9766667,28.99666667,70.90833333
12-04-2021 07:00,5,23.78166667,54.82,85.48865,1714.989,64.01936667,435.7933333,28.94,71.055
12-04-2021 07:00,6,27.83,70.525,75.60821667,4196.843,111.3203,572.0333333,29.58166667,68.63833333
12-04-2021 08:00,1,36.90333333,134.34,91.8684,983.841,94.35093333,220.5166667,30.12333333,65.28833333
12-04-2021 08:00,2,27.82333333,57.79166667,82.15155,0.0,45.76396667,406.1,31.81833333,58.885
12-04-2021 08:00,3,44.65166667,0.0,64.3864,1610.894,41.52946667,442.78,31.66,61.09666667
12-04-2021 08:00,4,28.61,70.385,48.02806667,1094.048,28.73186667,285.58,30.465,65.68666667
12-04-2021 08:00,5,26.16,70.56,87.81153333,1231.759,56.0836,386.0133333,30.41,65.41333333
12-04-2021 08:00,6,26.26,70.13833333,79.46878333,4769.843,106.6466667,686.8766667,30.56166667,64.075
12-04-2021 09:00,1,32.70338983,105.9898305,98.94850847,824.7315254,55.34355932,203.8271186,31.54067797,58.82542373
12-04-2021 09:00,2,27.65333333,56.39333333,82.08611667,0.0,28.54366667,430.99,32.81833333,55.45833333
12-04-2021 09:00,3,38.06,0.0,67.1346,946.405,26.31663333,346.7133333,32.855,56.2
12-04-2021 09:00,4,30.28983051,82.48813559,52.10267797,982.4522034,14.67322034,303.7423729,32.3440678,59.69830508
12-04-2021 09:00,5,23.59491525,55.95762712,38.26186441,1180.768475,14.73701695,476.4847458,33.28305085,55.52881356
12-04-2021 09:00,6,25.78245614,68.50175439,86.99189474,3408.646316,96.08105263,520.5066667,31.65263158,59.59473684
12-04-2021 10:00,1,29.1,97.49333333,89.54551667,703.453,18.03583333,218.77,33.55,52.73
12-04-2021 10:00,2,26.35166667,54.67833333,127.0061,0.0,31.20983333,375.5333333,33.88,52.33333333
12-04-2021 10:00,3,36.83666667,0.0,67.46176667,743.754,14.64823333,351.08,33.91,52.50666667
12-04-2021 10:00,4,24.345,58.08666667,43.48045,677.477,0.031366667,301.3,33.905,51.94
12-04-2021 10:00,5,24.01,54.94333333,56.27266667,860.646,0.533233333,481.2066667,34.98,50.28333333
12-04-2021 10:00,6,25.91666667,66.00833333,96.48145,2049.621,71.07686667,562.4266667,33.01,55.50666667
12-04-2021 11:00,1,21.13333333,56.43,89.08748333,670.41,25.0306,248.0266667,33.98833333,50.69333333
12-04-2021 11:00,2,24.66833333,51.97,133.7457333,0.0,27.7595,389.07,34.46,50.69166667
12-04-2021 11:00,3,32.77666667,0.0,68.05066667,608.717,6.147866667,350.2066667,34.635,50.47166667
12-04-2021 11:00,4,24.485,59.12166667,44.33108333,610.245,0.1882,310.9066667,35.08333333,49.17
12-04-2021 11:00,5,22.09666667,48.05833333,89.48008333,1149.629,0.533233333,572.9066667,36.23166667,46.79833333
12-04-2021 11:00,6,26.68867925,64.17169811,95.63143396,1753.812453,48.00875472,543.2792453,34.72830189,51.02830189
12-04-2021 12:00,1,20.705,53.065,107.1470833,636.794,39.4279,254.14,35.14166667,48.67333333
12-04-2021 12:00,2,23.19833333,49.765,150.8892667,0.0,38.7692,361.1233333,34.29833333,51.41166667
12-04-2021 12:00,3,32.50833333,0.0,60.2641,594.965,0.721433333,382.9566667,35.415,48.59333333
12-04-2021 12:00,4,23.37833333,52.14,55.29116667,623.997,0.0941,341.4733333,35.71166667,48.2
12-04-2021 12:00,5,22.61833333,48.74166667,181.67565,1017.648,33.62506667,458.5,33.92666667,52.65666667
12-04-2021 12:00,6,25.61166667,62.195,61.37646667,1712.315,8.531733333,654.5633333,36.10333333,47.43833333
12-04-2021 13:00,1,22.53666667,53.80166667,126.4826333,666.208,56.58546667,273.3533333,34.47666667,52.23833333
12-04-2021 13:00,2,20.575,47.54833333,151.5763167,0.0,45.7326,387.76,32.29333333,61.53
12-04-2021 13:00,3,35.76,0.0,88.23685,816.716,10.31963333,425.75,33.33,57.37833333
12-04-2021 13:00,4,25.98666667,70.93,97.43023333,983.459,24.71693333,364.18,32.44333333,60.69166667
12-04-2021 13:00,5,18.09,39.67666667,207.8489833,1144.472,85.3487,401.2966667,29.16166667,73.885
12-04-2021 13:00,6,22.73166667,51.93333333,116.6022,1086.79,74.6213,487.32,30.76333333,68.025
12-04-2021 14:00,1,22.30833333,56.89722222,163.6923889,962.64,169.0663333,283.8333333,31.55555556,64.275
12-04-2021 14:00,2,12.65166667,36.715,195.1549167,0.0,104.451,247.1533333,26.99666667,80.505
12-04-2021 14:00,3,17.84166667,0.0,141.6958833,918.519,84.2195,306.54,28.335,76.09
12-04-2021 14:00,4,16.53333333,49.35833333,102.8612,1077.431,57.33826667,306.54,29.98333333,65.03333333
12-04-2021 14:00,5,9.553333333,20.05333333,200.5858833,1417.029,118.8796667,329.6833333,26.01166667,83.49
12-04-2021 14:00,6,10.54666667,19.71,161.4894667,1096.913,164.7377333,310.0333333,26.63166667,81.65666667
12-04-2021 15:00,1,20.27166667,54.36166667,140.1254833,1055.657,148.5839,275.5366667,31.31,64.49833333
12-04-2021 15:00,2,15.67166667,41.01,183.8022333,0.0,109.0305333,324.0066667,28.98833333,74.82
12-04-2021 15:00,3,20.36,0.0,151.9689167,1615.669,110.6929667,381.21,28.93666667,75.64666667
12-04-2021 15:00,4,23.375,105.3966667,106.49275,1441.668,69.9163,362.87,31.26666667,64.175
12-04-2021 15:00,5,14.09,32.1,176.2119667,3335.051,112.92,657.1833333,28.86833333,75.925
12-04-2021 15:00,6,14.62833333,31.58833333,150.1695,2212.735,153.5084667,498.2366667,29.03166667,73.555
12-04-2021 16:00,1,33.24333333,92.91333333,182.1336833,1521.124,218.4061,334.9233333,29.41,76.2
12-04-2021 16:00,2,17.68666667,45.59666667,96.90676667,0.0,53.9193,393.4366667,31.04166667,64.10833333
12-04-2021 16:00,3,28.74310345,0.0,91.21181034,1892.283103,64.99389655,489.2172414,31.02068966,66.44310345
12-04-2021 16:00,4,21.42,54.38166667,82.57686667,1367.942,62.16873333,362.87,31.22333333,64.95166667
12-04-2021 16:00,5,17.34333333,40.73333333,97.88826667,2768.354,65.36813333,648.45,30.655,65.56666667
12-04-2021 16:00,6,19.825,52.615,102.6649,3108.907,111.1007333,359.8133333,30.85,67.83333333
12-04-2021 17:00,1,24.70166667,66.92666667,93.40608333,1219.344,124.8707,298.2433333,30.76333333,64.30833333
12-04-2021 17:00,2,17.40166667,44.00333333,121.0516667,0.0,60.56903333,367.6733333,30.10833333,68.13
12-04-2021 17:00,3,26.92,0.0,82.77316667,1969.21,61.41593333,519.6333333,30.68833333,67.635
12-04-2021 17:00,4,23.495,61.87833333,81.95525,1493.047,67.40696667,361.56,30.72833333,65.45166667
12-04-2021 17:00,5,15.83333333,36.00666667,106.3291667,3219.687,66.87373333,648.45,30.34666667,65.21
12-04-2021 17:00,6,18.915,51.11166667,90.33071667,3773.969,104.9842333,480.77,30.505,67.15666667
12-04-2021 18:00,1,32.28333333,82.82,94.78018333,904.194,120.9498667,254.5766667,30.23666667,65.43666667
12-04-2021 18:00,2,18.22166667,44.97166667,142.6446667,0.0,75.3741,328.81,29.22166667,72.70666667
12-04-2021 18:00,3,26.17,0.0,87.02633333,1696.462,68.5989,451.5133333,29.925,70.78333333
12-04-2021 18:00,4,24.45,58.69,93.20978333,1259.072,76.8797,306.54,29.885,70.01
12-04-2021 18:00,5,15.75833333,36.04333333,114.4101833,2729.39,76.7856,643.6466667,29.74333333,69.545
12-04-2021 18:00,6,17.86166667,45.77166667,92.62088333,2790.128,112.2299333,691.68,29.76,70.80166667
12-04-2021 19:00,1,19.885,46.66166667,106.3946,795.324,131.6459,221.39,29.34166667,68.98333333
12-04-2021 19:00,2,15.645,40.57166667,140.06005,0.0,78.22846667,300.4266667,28.68166667,76.50833333
12-04-2021 19:00,3,23.405,0.0,81.49721667,1396.019,69.94766667,379.4633333,29.40666667,72.18166667
12-04-2021 19:00,4,27.72333333,65.07333333,92.09741667,1119.642,71.0455,275.5366667,29.155,74.34333333
12-04-2021 19:00,5,16.03,37.36833333,120.1683167,2388.264,83.68626667,552.82,29.16833333,73.48
12-04-2021 19:00,6,17.37358491,43.56226415,94.70549057,2614.393585,121.6908302,629.2943396,29.37169811,72.48490566
12-04-2021 20:00,1,19.3,45.425,120.1683167,805.829,156.2687333,210.91,28.55666667,73.42833333
12-04-2021 20:00,2,14.945,39.93833333,130.24505,0.0,83.2785,268.1133333,28.355,76.985
12-04-2021 20:00,3,26.12,0.0,88.49858333,1268.24,82.30613333,329.2466667,29.07833333,73.075
12-04-2021 20:00,4,25.75166667,61.05,81.82438333,1138.36,64.01936667,266.8033333,28.59833333,75.625
12-04-2021 20:00,5,16.38166667,38.595,108.5539,1595.423,76.84833333,407.41,28.75,74.26833333
12-04-2021 20:00,6,19.97,51.54333333,93.2425,2039.689,127.2232,495.6166667,29.13833333,73.67833333
12-04-2021 21:00,1,20.52,48.33666667,127.88945,847.658,157.1783667,201.3033333,28.1,77.03666667
12-04-2021 21:00,2,16.02166667,42.28333333,130.5067833,0.0,89.04996667,267.6766667,28.10166667,78.725
12-04-2021 21:00,3,25.83666667,0.0,84.27813333,1229.849,80.89463333,306.54,28.80833333,73.53333333
12-04-2021 21:00,4,23.345,55.19833333,81.36635,998.166,65.7759,239.73,28.41,75.07333333
12-04-2021 21:00,5,15.82,33.925,110.3533167,1505.844,80.0791,382.0833333,28.40166667,76.18833333
12-04-2021 21:00,6,18.32666667,43.675,89.38193333,1361.83,118.9424,358.0666667,29.12333333,73.215
12-04-2021 22:00,1,18.65666667,42.47,130.5722167,708.992,156.5510333,172.4833333,27.67,81.09333333
12-04-2021 22:00,2,16.51666667,43.11333333,125.14125,0.0,91.9357,260.2533333,27.96,79.745
12-04-2021 22:00,3,23.24166667,0.0,87.48436667,1129.192,79.57723333,271.17,28.61,74.53833333
12-04-2021 22:00,4,27.29,68.14333333,88.23685,944.877,82.40023333,212.6566667,28.16833333,76.84833333
12-04-2021 22:00,5,15.44666667,33.08333333,109.7971333,1360.111,77.85206667,335.36,28.14833333,77.775
12-04-2021 22:00,6,17.39666667,41.91,90.06898333,1515.203,121.0126,365.9266667,28.73,75.20666667
12-04-2021 23:00,1,17.25833333,42.17333333,124.9776667,658.759,158.1507333,157.2,27.34,83.32333333
12-04-2021 23:00,2,16.09137931,42.67413793,114.0909138,0.0,88.74603448,225.862069,27.77241379,80.40689655
12-04-2021 23:00,3,22.39298246,0.0,88.40387719,737.8631579,81.28919298,210.5192982,28.15964912,77.92631579
12-04-2021 23:00,4,30.23833333,75.055,88.17141667,711.666,75.3741,180.78,27.96,79.425
12-04-2021 23:00,5,14.40833333,30.59166667,113.4286833,528.497,72.42563333,216.5866667,27.83166667,80.71166667
12-04-2021 23:00,6,17.10677966,39.93559322,92.46062712,1016.055254,122.6489831,288.2,28.52711864,77.58305085
13-04-2021 00:00,1,21.03166667,52.44,115.8824333,644.816,155.8296,155.0166667,27.12,83.85666667
13-04-2021 00:00,2,15.17166667,39.91833333,118.27075,0.0,80.20456667,185.1466667,27.475,81.71166667
13-04-2021 00:00,3,23.70833333,0.0,88.89118333,494.69,80.51823333,168.5533333,27.99166667,78.91333333
13-04-2021 00:00,4,25.29666667,61.575,84.34356667,584.46,69.38306667,156.3266667,27.66333333,80.92833333
13-04-2021 00:00,5,15.20166667,33.32666667,112.1200167,394.415,75.68776667,196.5,27.64166667,82.16
13-04-2021 00:00,6,17.235,37.74333333,89.87268333,489.915,113.5159667,192.1333333,28.47666667,78.29666667
13-04-2021 01:00,1,18.21666667,45.07166667,109.0773667,594.965,146.7019,144.9733333,26.895,84.45
13-04-2021 01:00,2,15.50166667,40.14166667,114.93365,0.0,79.29493333,182.9633333,27.245,83.33333333
13-04-2021 01:00,3,23.335,0.0,88.56401667,427.076,78.91853333,158.51,27.75166667,79.93833333
13-04-2021 01:00,4,26.71166667,67.305,81.69351667,547.979,63.7057,154.58,27.46,81.48666667
13-04-2021 01:00,5,15.10166667,33.04666667,106.4273167,343.418,69.5399,186.4566667,27.46333333,82.46
13-04-2021 01:00,6,18.81206897,44.45689655,87.55656897,497.9172414,114.9317931,182.4965517,28.19137931,79.11724138
13-04-2021 02:00,1,22.41833333,52.85666667,107.2452333,670.792,164.5181667,155.0166667,26.64166667,86.05833333
13-04-2021 02:00,2,16.90526316,43.08070175,123.4623684,0.0,84.26077193,176.9649123,27.10701754,84.31403509
13-04-2021 02:00,3,26.97333333,0.0,89.34921667,418.29,81.3965,150.65,27.64833333,80.37666667
13-04-2021 02:00,4,28.715,72.62666667,79.73051667,556.574,67.21876667,151.96,27.37,81.59166667
13-04-2021 02:00,5,16.62166667,38.41666667,99.7204,538.047,68.47343333,229.25,27.41333333,82.37333333
13-04-2021 02:00,6,19.16333333,45.41833333,86.60101667,448.468,112.7318,167.68,27.88166667,80.32333333
13-04-2021 03:00,1,18.24666667,41.44833333,102.7957667,709.947,156.1432667,150.2133333,26.68666667,85.50666667
13-04-2021 03:00,2,20.01833333,46.45666667,118.2053167,0.0,83.81173333,211.3466667,26.88333333,86.39666667
13-04-2021 03:00,3,24.365,0.0,88.5313,485.522,79.63996667,160.6933333,27.55333333,81.445
13-04-2021 03:00,4,28.11,70.83166667,77.89838333,580.449,64.42713333,155.89,27.46666667,81.74666667
13-04-2021 03:00,5,15.22666667,32.855,96.74318333,837.917,64.01936667,299.5533333,27.46166667,82.75333333
13-04-2021 03:00,6,19.1,43.80166667,86.01211667,575.865,114.5824333,178.16,27.69833333,81.86
13-04-2021 04:00,1,19.49666667,46.565,100.2438667,733.249,155.6414,137.55,27.03166667,83.14
13-04-2021 04:00,2,18.20166667,43.375,121.9677333,0.0,87.54436667,224.8833333,26.98666667,86.98333333
13-04-2021 04:00,3,31.13,0.0,81.2682,745.282,78.35393333,197.3733333,27.72666667,82.67666667
13-04-2021 04:00,4,31.775,77.88833333,78.87988333,1177.897,71.516,207.4166667,27.49833333,82.47166667
13-04-2021 04:00,5,16.26166667,36.36166667,96.35058333,1042.86,68.37933333,309.16,27.49333333,83.84166667
13-04-2021 04:00,6,21.59666667,55.49,89.9054,753.495,122.5809333,210.91,27.39666667,84.99333333
13-04-2021 05:00,1,18.825,44.92166667,100.6691833,718.16,143.1574667,148.4666667,26.99333333,82.65333333
13-04-2021 05:00,2,20.30666667,46.53166667,120.82265,0.0,91.99843333,272.9166667,27.13333333,85.995
13-04-2021 05:00,3,49.06,0.0,71.81308333,1102.261,77.13063333,274.6633333,28.01166667,81.9
13-04-2021 05:00,4,32.83666667,83.07,77.44035,1214.951,73.52346667,220.5166667,27.28,83.33833333
13-04-2021 05:00,5,15.24666667,33.70166667,109.63355,783.482,80.33003333,242.35,27.35,84.765
13-04-2021 05:00,6,18.53333333,45.65333333,85.9794,1120.406,120.9498667,287.3266667,27.93166667,82.625
13-04-2021 06:00,1,21.63666667,51.855,103.4828167,887.959,142.7497,191.26,27.33333333,82.46666667
13-04-2021 06:00,2,21.90833333,50.68333333,112.77435,0.0,89.89686667,484.7,28.87166667,78.93333333
13-04-2021 06:00,3,41.78333333,0.0,77.30948333,1753.953,80.8319,393.8733333,28.24,80.13166667
13-04-2021 06:00,4,31.03,83.605,76.91688333,1378.829,70.0104,275.1,27.94333333,79.85666667
13-04-2021 06:00,5,16.4490566,37.30943396,105.1501321,1574.344528,79.11501887,384.1018868,27.75660377,82.56037736
13-04-2021 06:00,6,21.59833333,57.64666667,89.44736667,2781.724,127.7878,611.77,28.26833333,80.26333333
13-04-2021 07:00,1,25.75666667,63.13,92.261,817.671,118.4405333,195.6266667,28.585,78.43333333
13-04-2021 07:00,2,22.38,50.33333333,101.5198167,0.0,62.35693333,460.6833333,29.81666667,73.885
13-04-2021 07:00,3,34.26166667,0.0,73.97238333,1675.07,66.30913333,415.27,29.87166667,73.01666667
13-04-2021 07:00,4,28.65666667,74.53666667,62.19438333,1297.845,50.87673333,297.8066667,29.575,74.39
13-04-2021 07:00,5,17.88139535,41.31860465,98.83476744,1321.897674,62.89381395,346.6930233,28.56744186,78.59534884
13-04-2021 07:00,6,22.12333333,56.15333333,85.42321667,2567.231,104.7960333,596.4866667,29.62666667,74.35666667
13-04-2021 08:00,1,25.61,65.43666667,63.33946667,736.878,70.54363333,183.8366667,30.68333333,69.11
13-04-2021 08:00,2,22.43166667,49.31833333,97.72468333,0.0,52.47643333,346.2766667,31.24333333,67.21333333
13-04-2021 08:00,3,36.48333333,0.0,57.61405,1117.541,41.7804,342.3466667,30.97,67.79666667
13-04-2021 08:00,4,30.185,79.14833333,52.6084,1058.522,28.92006667,287.3266667,30.995,68.36166667
13-04-2021 08:00,5,20.8372549,49.17058824,73.70872549,1301.496471,43.13839216,393.5137255,31.10588235,66.8254902
13-04-2021 08:00,6,25.17,62.52166667,76.45885,2181.22,84.94093333,549.7633333,30.785,68.01166667
13-04-2021 09:00,1,23.99666667,60.82,70.50441667,669.073,43.63103333,181.6533333,32.35,62.47833333
13-04-2021 09:00,2,22.13,48.98666667,76.42613333,0.0,22.42716667,365.9266667,32.285,62.78
13-04-2021 09:00,3,39.90666667,0.0,61.8345,861.792,29.86106667,304.3566667,32.01166667,63.065
13-04-2021 09:00,4,32.345,87.08333333,55.78191667,910.879,9.6923,288.6366667,32.51166667,62.54666667
13-04-2021 09:00,5,25.375,59.895,44.26565,1465.161,12.86033333,512.21,32.37,62.83
13-04-2021 09:00,6,28.96333333,79.67333333,85.42321667,2196.5,83.05893333,573.3433333,31.81,64.59333333
13-04-2021 10:00,1,22.82833333,54.87833333,70.01366667,623.233,14.71096667,204.7966667,33.865,57.21166667
13-04-2021 10:00,2,19.7,45.92833333,95.76168333,0.0,24.1837,349.3333333,33.08833333,58.29333333
13-04-2021 10:00,3,43.67166667,0.0,66.02223333,828.558,21.61163333,318.7666667,32.42666667,62.24
13-04-2021 10:00,4,30.50166667,77.58666667,65.33518333,768.011,4.5168,283.3966667,33.43,58.61833333
13-04-2021 10:00,5,25.47666667,63.71,96.67775,1452.173,29.86106667,497.3633333,32.86333333,60.545
13-04-2021 10:00,6,29.26833333,83.27666667,98.08456667,2143.402,76.18963333,572.0333333,32.37666667,62.07166667
13-04-2021 11:00,1,20.18666667,45.51,86.73188333,605.279,30.5825,217.46,34.06,54.53
13-04-2021 11:00,2,17.76,43.13666667,96.5796,0.0,21.04703333,338.8533333,33.795,55.86666667
13-04-2021 11:00,3,37.36833333,0.0,74.13596667,835.816,18.7259,334.4866667,33.20833333,60.08
13-04-2021 11:00,4,29.26,99.12166667,66.61113333,839.445,3.8581,319.2033333,34.66666667,55.30666667
13-04-2021 11:00,5,21.3,48.775,74.10325,1263.274,15.02463333,537.5366667,34.78,54.32166667
13-04-2021 11:00,6,23.34833333,60.44,91.73753333,1791.58,53.3547,519.1966667,33.675,57.25833333
13-04-2021 12:00,1,22.11166667,54.505,134.6290833,698.869,70.07313333,227.0666667,34.51,56.06166667
13-04-2021 12:00,2,17.10666667,42.32166667,92.94805,0.0,22.33306667,379.0266667,34.545,54.25166667
13-04-2021 12:00,3,29.61833333,0.0,54.89856667,661.815,2.572066667,365.0533333,34.32,55.90666667
13-04-2021 12:00,4,22.715,53.42166667,52.67383333,626.671,0.062733333,345.84,36.005,51.55
13-04-2021 12:00,5,19.37666667,42.79333333,98.7389,817.098,14.5855,458.5,34.43833333,55.01166667
13-04-2021 12:00,6,20.395,48.90833333,76.49156667,633.547,29.42193333,342.3466667,33.67,57.77166667
13-04-2021 13:00,1,19.385,48.14833333,116.2750333,693.139,71.6101,262.4366667,34.365,57.11333333
13-04-2021 13:00,2,15.375,40.08666667,74.46313333,0.0,11.54293333,407.8466667,34.49833333,53.88666667
13-04-2021 13:00,3,26.73684211,0.0,49.21275439,636.9347368,5.646,484.4701754,34.22105263,56.51578947
13-04-2021 13:00,4,20.56,52.08833333,51.85591667,608.335,0.0,366.3633333,35.98666667,51.28666667
13-04-2021 13:00,5,16.95833333,41.24333333,111.7601333,749.293,44.227,418.3266667,33.305,59.37333333
13-04-2021 13:00,6,18.39444444,45.81296296,60.59853704,678.4744444,31.29696296,394.4555556,34.08518519,56.95555556
13-04-2021 14:00,1,17.12833333,42.22166667,105.2168,686.263,89.80276667,260.69,33.68666667,57.525
13-04-2021 14:00,2,13.83833333,38.19666667,60.4604,0.0,10.9156,408.2833333,33.99166667,51.88166667
13-04-2021 14:00,3,23.99666667,0.0,23.88316667,583.123,0.0,431.4266667,34.52666667,55.45333333
13-04-2021 14:00,4,18.51166667,45.48166667,47.3083,642.524,2.948466667,394.7466667,34.99166667,54.71
13-04-2021 14:00,5,16.51333333,39.89166667,104.6933333,818.435,46.8618,427.9333333,33.10666667,60.15333333
13-04-2021 14:00,6,17.94745763,46.02711864,43.31908475,798.8979661,13.20589831,461.8305085,34.47627119,55.85762712
13-04-2021 15:00,1,16.185,38.455,98.15,659.523,99.80873333,260.69,33.54666667,56.98666667
13-04-2021 15:00,2,14.22333333,38.60833333,91.21406667,0.0,32.49586667,389.07,32.87833333,55.72666667
13-04-2021 15:00,3,19.88,0.0,30.0339,502.712,7.559366667,395.1833333,33.26833333,55.13666667
13-04-2021 15:00,4,19.98833333,67.68333333,60.98386667,722.553,20.702,346.2766667,33.46333333,58.15666667
13-04-2021 15:00,5,16.585,39.81,99.1315,823.592,48.77516667,388.1966667,32.425,61.72333333
13-04-2021 15:00,6,17.49833333,44.72166667,48.84598333,1100.16,19.1964,539.72,33.49666667,57.605
13-04-2021 16:00,1,16.40166667,39.42333333,113.9848667,725.609,128.1642,259.8166667,31.97666667,63.24666667
13-04-2021 16:00,2,16.38333333,41.78333333,126.0900333,0.0,53.1665,392.5633333,31.915,62.02666667
13-04-2021 16:00,3,20.87833333,0.0,70.17725,770.112,39.96113333,366.8,31.995,58.42166667
13-04-2021 16:00,4,20.5,62.26833333,86.43743333,960.921,51.97456667,337.5433333,32.18833333,64.24166667
13-04-2021 16:00,5,15.465,36.105,93.73325,1276.262,52.85283333,455.0066667,31.64833333,62.82
13-04-2021 16:00,6,16.30166667,38.72833333,95.4018,1113.721,85.3487,424.44,31.70833333,62.49833333
13-04-2021 17:00,1,15.355,36.885,130.5722167,807.548,156.7706,237.9833333,30.05666667,69.83
13-04-2021 17:00,2,16.27333333,41.58166667,154.97885,0.0,74.74676667,363.7433333,30.28333333,71.08
13-04-2021 17:00,3,23.03166667,0.0,82.31513333,1202.154,57.43236667,408.2833333,30.81166667,65.09
13-04-2021 17:00,4,20.50333333,50.76666667,89.25106667,1095.767,59.50256667,326.19,30.86666667,69.39666667
13-04-2021 17:00,5,14.72666667,31.915,112.3163167,2339.368,73.05296667,628.3633333,30.84166667,67.655
13-04-2021 17:00,6,15.39,35.815,111.0730833,1520.36,114.2687667,460.6833333,30.65666667,68.46166667
13-04-2021 18:00,1,16.15666667,37.62666667,143.2662833,950.989,179.5428,239.2933333,29.21166667,76.06833333
13-04-2021 18:00,2,15.86166667,40.32333333,172.0896667,0.0,90.96333333,296.4966667,29.015,77.64166667
13-04-2021 18:00,3,21.63833333,0.0,97.46295,915.845,75.24863333,323.1333333,29.64166667,74.05333333
13-04-2021 18:00,4,21.74,51.67166667,95.43451667,1136.641,69.69673333,297.8066667,29.69833333,74.775
13-04-2021 18:00,5,13.905,31.395,121.60785,1546.909,77.162,452.8233333,29.63166667,74.98833333
13-04-2021 18:00,6,15.57166667,35.36,117.2238167,1780.12,126.5958667,478.15,29.49833333,75.625
13-04-2021 19:00,1,16.105,37.22333333,127.6277167,879.173,165.1141333,215.7133333,28.71166667,78.93833333
13-04-2021 19:00,2,14.60333333,38.40666667,157.8906333,0.0,88.6422,270.7333333,28.72,79.50166667
13-04-2021 19:00,3,21.33333333,0.0,90.85418333,924.631,75.59366667,299.1166667,29.14,76.305
13-04-2021 19:00,4,25.42,62.51333333,97.1685,1018.03,73.61756667,260.2533333,29.08,78.16333333
13-04-2021 19:00,5,13.88666667,30.53166667,117.1583833,1496.294,77.38156667,418.3266667,29.16166667,77.02833333
13-04-2021 19:00,6,15.69333333,37.385,107.7687,2309.954,123.9610667,540.5933333,29.335,76.395
13-04-2021 20:00,1,20.07333333,47.66333333,113.6577,848.422,156.9588,205.67,28.26666667,80.16833333
13-04-2021 20:00,2,14.15666667,37.98,143.7243167,0.0,82.5257,241.04,28.40833333,80.99333333
13-04-2021 20:00,3,20.86,0.0,89.7091,796.47,76.62876667,264.1833333,28.785,78.36666667
13-04-2021 20:00,4,41.47166667,97.425,85.09605,1055.084,64.6467,266.8033333,28.82833333,78.5
13-04-2021 20:00,5,13.805,30.19,109.6662667,1073.42,74.339,337.5433333,28.92333333,78.08166667
13-04-2021 20:00,6,15.83833333,36.12833333,102.6649,1676.025,118.1582333,417.0166667,29.075,78.34833333
13-04-2021 21:00,1,19.75333333,45.90666667,110.2878833,761.326,150.56,186.02,28.10666667,80.275
13-04-2021 21:00,2,14.325,38.29166667,130.6049333,0.0,83.02756667,245.8433333,28.4,81.07666667
13-04-2021 21:00,3,19.04166667,0.0,80.58115,681.87,69.88493333,230.9966667,28.70333333,77.78
13-04-2021 21:00,4,27.92,68.39833333,75.31376667,1082.397,63.6116,251.52,28.72333333,78.315
13-04-2021 21:00,5,13.92166667,30.505,98.67346667,1043.051,71.07686667,336.67,28.88166667,77.80166667
13-04-2021 21:00,6,15.39245283,36.36037736,90.52022642,1754.028679,107.4515472,420.1886792,29.10377358,77.10188679
13-04-2021 22:00,1,17.43,39.45333333,114.9663667,692.566,150.9991333,165.4966667,27.79166667,83.06833333
13-04-2021 22:00,2,13.795,37.785,123.4072667,0.0,75.1859,208.7266667,28.15833333,82.20166667
13-04-2021 22:00,3,18.63666667,0.0,69.71921667,555.428,64.89763333,210.0366667,28.645,78.11
13-04-2021 22:00,4,29.93,73.99166667,74.26683333,1053.747,65.6818,237.9833333,28.44833333,79.54333333
13-04-2021 22:00,5,13.86666667,30.965,93.92955,848.231,70.2927,300.4266667,28.60333333,79.72666667
13-04-2021 22:00,6,16.20833333,43.525,86.5683,1274.352,113.2964,348.46,28.82166667,78.435
13-04-2021 23:00,1,17.08666667,38.52666667,109.2082333,658.759,156.3942,157.2,27.70166667,83.99166667
13-04-2021 23:00,2,14.43666667,38.37333333,112.2181667,0.0,72.457,192.57,27.94166667,83.51333333
13-04-2021 23:00,3,17.395,0.0,71.22418333,403.583,64.99173333,181.6533333,28.44666667,79.1
13-04-2021 23:00,4,27.58,68.30166667,75.34648333,771.64,67.1874,196.5,28.22,81.56
13-04-2021 23:00,5,13.115,29.09166667,86.43743333,463.939,65.3995,241.04,28.445,80.90333333
13-04-2021 23:00,6,14.015,30.72166667,81.59536667,892.161,99.6519,256.76,28.825,78.715
14-04-2021 00:00,1,20.20666667,46.27,109.24095,639.659,163.4830667,157.2,27.70166667,84.765
14-04-2021 00:00,2,13.62,37.22666667,104.72605,0.0,69.38306667,184.2733333,27.93,83.52333333
14-04-2021 00:00,3,17.555,0.0,70.40626667,357.17,65.7759,163.75,28.42833333,79.61666667
14-04-2021 00:00,4,26.565,64.35166667,72.07481667,608.717,63.76843333,179.47,28.27333333,82.055
14-04-2021 00:00,5,12.795,27.945,84.31085,266.827,60.9768,206.5433333,28.35166667,80.97166667
14-04-2021 00:00,6,13.62,29.01166667,77.70208333,691.42,95.3233,217.8966667,28.81,78.95833333
14-04-2021 01:00,1,16.68166667,38.12,105.4131,638.131,156.3942,152.8333333,27.47,86.17333333
14-04-2021 01:00,2,13.20333333,36.70333333,106.2310167,0.0,67.3756,179.9066667,27.88833333,83.59333333
14-04-2021 01:00,3,16.8559322,0.0,72.73081356,305.7294915,67.33732203,156.7559322,28.38135593,80.45762712
14-04-2021 01:00,4,24.405,58.60833333,69.85008333,564.596,60.6004,163.3133333,28.06333333,83.09333333
14-04-2021 01:00,5,12.89833333,31.16333333,84.9979,430.896,62.82743333,242.35,28.33,81.42166667
14-04-2021 01:00,6,13.27931034,26.89827586,80.31377586,573.0,96.85810345,191.0793103,28.61206897,80.61551724
14-04-2021 02:00,1,17.98,41.65833333,105.7729833,648.063,160.5973333,156.7633333,27.33,87.28
14-04-2021 02:00,2,14.41551724,38.11551724,106.3066034,0.0,71.58089655,190.6275862,27.78793103,84.2362069
14-04-2021 02:00,3,18.29333333,0.0,70.96245,333.868,68.19113333,157.2,28.285,81.64833333
14-04-2021 02:00,4,22.355,53.34166667,69.2939,548.552,58.78113333,157.2,27.90666667,83.51166667
14-04-2021 02:00,5,12.77166667,32.91333333,88.49858333,962.258,64.11346667,418.7633333,28.26,82.61333333
14-04-2021 02:00,6,13.78,29.49,83.2312,569.753,103.4159,182.5266667,28.47833333,82.03333333
14-04-2021 03:00,1,17.17,41.56666667,98.37901667,631.446,151.2814333,156.3266667,27.38833333,87.00166667
14-04-2021 03:00,2,14.55849057,38.33018868,105.5205094,0.0,72.51026415,199.2188679,27.80566038,84.26981132
14-04-2021 03:00,3,18.61166667,0.0,71.58406667,345.137,67.8461,158.9466667,28.07666667,83.05
14-04-2021 03:00,4,25.24333333,62.07,70.99516667,618.267,65.17993333,164.1866667,27.92666667,83.765
14-04-2021 03:00,5,12.71166667,26.98833333,86.20841667,549.698,65.99546667,272.48,28.19,83.56333333
14-04-2021 03:00,6,15.55333333,33.965,82.77316667,581.595,105.4547333,180.3433333,28.17166667,83.60833333
14-04-2021 04:00,1,17.01,38.69333333,100.9636333,666.972,154.9827,157.2,27.295,87.95166667
14-04-2021 04:00,2,13.77666667,37.58666667,107.67055,0.0,68.75573333,214.84,27.67333333,84.465
14-04-2021 04:00,3,16.26833333,0.0,71.35505,363.855,68.75573333,162.8766667,28.07166667,82.99166667
14-04-2021 04:00,4,25.86333333,65.35833333,74.13596667,748.72,72.2688,169.4266667,27.90166667,84.76333333
14-04-2021 04:00,5,12.93833333,27.43666667,88.5313,581.022,64.99173333,287.3266667,28.02333333,84.04666667
14-04-2021 04:00,6,13.875,30.28333333,81.6608,657.613,102.3808,186.4566667,28.01666667,83.84333333
14-04-2021 05:00,1,17.95333333,44.62,100.8327667,712.812,159.2485667,163.75,27.095,89.83166667
14-04-2021 05:00,2,15.64333333,39.97833333,110.3533167,0.0,71.7983,271.6066667,27.63333333,84.505
14-04-2021 05:00,3,17.80666667,0.0,56.40353333,601.459,60.8827,208.29,28.16833333,82.62166667
14-04-2021 05:00,4,24.46833333,61.25,71.58406667,874.016,62.45103333,191.26,27.785,85.06333333
14-04-2021 05:00,5,12.815,27.34166667,86.47015,730.193,69.79083333,279.4666667,28.03833333,83.41666667
14-04-2021 05:00,6,14.66,34.18333333,82.54415,1038.276,107.5876667,246.7166667,28.02666667,83.78166667
14-04-2021 06:00,1,31.38166667,83.195,97.3648,1005.615,162.6048,220.9533333,27.13666667,89.81333333
14-04-2021 06:00,2,15.845,40.84166667,105.5439667,0.0,69.75946667,361.1233333,27.935,84.11333333
14-04-2021 06:00,3,23.36166667,0.0,62.97958333,1409.771,66.7169,380.3366667,28.29166667,82.67166667
14-04-2021 06:00,4,25.78666667,72.28,73.90695,1578.233,68.56753333,310.9066667,28.14666667,83.84
14-04-2021 06:00,5,13.17833333,27.62333333,92.39186667,1315.99,70.79456667,368.5466667,28.18833333,83.33833333
14-04-2021 06:00,6,15.48,35.99166667,85.84853333,1436.893,110.0342667,330.12,28.10666667,83.92666667
14-04-2021 07:00,1,25.92333333,64.44166667,74.92116667,887.195,115.4293333,210.4733333,28.56666667,82.30666667
14-04-2021 07:00,2,15.60333333,40.33166667,96.64503333,0.0,53.4488,386.45,28.99,79.21333333
14-04-2021 07:00,3,20.77666667,0.0,64.51726667,1736.19,61.8237,443.6533333,28.91833333,79.97833333
14-04-2021 07:00,4,25.07666667,57.86833333,78.74901667,1701.237,64.6467,366.3633333,26.965,87.35833333
14-04-2021 07:00,5,14.33166667,30.99833333,100.1784333,2292.0,76.34646667,541.03,28.22,83.61166667
14-04-2021 07:00,6,15.18833333,38.80333333,91.77025,2828.901,110.8498,618.7566667,28.49666667,82.52833333
14-04-2021 08:00,1,18.52833333,43.12666667,65.62963333,768.202,89.42636667,184.2733333,29.80833333,76.51166667
14-04-2021 08:00,2,14.41333333,38.73666667,61.11473333,0.0,28.7005,328.81,31.21333333,67.93
14-04-2021 08:00,3,21.99166667,0.0,49.53303333,1196.806,38.23596667,366.8,30.82,71.08833333
14-04-2021 08:00,4,26.96,61.88166667,100.0475667,1816.601,79.07536667,371.6033333,28.12666667,83.99
14-04-2021 08:00,5,13.82,29.60333333,114.7700667,2498.28,72.99023333,586.88,29.53833333,78.59
14-04-2021 08:00,6,17.27833333,44.54333333,92.22828333,2880.853,94.63323333,643.6466667,29.86666667,75.73333333
14-04-2021 09:00,1,20.885,47.40166667,42.53166667,737.069,54.42116667,196.9366667,31.39333333,68.24833333
14-04-2021 09:00,2,14.665,39.23333333,34.84325,0.0,7.277066667,364.18,32.50333333,60.81
14-04-2021 09:00,3,22.28166667,0.0,20.90595,677.668,9.535466667,305.23,31.665,64.64666667
14-04-2021 09:00,4,21.08166667,50.34166667,36.83896667,986.324,21.29796667,292.5666667,31.02833333,71.385
14-04-2021 09:00,5,16.66037736,38.50943396,48.88981132,1474.447925,15.55313208,497.3056604,31.98490566,67.0754717
14-04-2021 09:00,6,16.94333333,43.72333333,62.19438333,1884.215,53.76246667,493.87,31.60166667,65.30833333
14-04-2021 10:00,1,14.62666667,32.86333333,23.78501667,570.326,13.20536667,208.29,33.36833333,59.19833333
14-04-2021 10:00,2,14.85714286,39.5125,50.37198214,0.0,6.385357143,372.8821429,33.52321429,56.91071429
14-04-2021 10:00,3,25.00333333,0.0,33.86175,649.209,11.26063333,324.4433333,32.55166667,60.52833333
14-04-2021 10:00,4,17.29,39.58833333,31.27713333,681.488,2.572066667,268.1133333,32.94,62.72833333
14-04-2021 10:00,5,16.67666667,39.61333333,59.38075,1166.437,17.94173333,450.2033333,32.46166667,62.51833333
14-04-2021 10:00,6,15.765,41.18,57.77763333,1734.853,41.7804,487.7566667,32.275,60.48
14-04-2021 11:00,1,15.47166667,35.29,77.11318333,601.268,40.40026667,204.36,33.1,58.98166667
14-04-2021 11:00,2,14.43392857,39.10357143,46.76146429,0.0,5.242714286,415.4571429,34.30892857,53.54285714
14-04-2021 11:00,3,33.76333333,0.0,41.64831667,666.781,9.096333333,330.5566667,33.385,58.89166667
14-04-2021 11:00,4,19.29833333,52.29166667,50.41638333,679.005,3.042566667,274.2266667,33.56833333,60.195
14-04-2021 11:00,5,15.86833333,33.12666667,46.49038333,1140.27,1.3174,534.9166667,34.12833333,55.24666667
14-04-2021 11:00,6,18.90333333,50.425,76.19711667,2466.765,47.92826667,689.9333333,33.65,56.385
14-04-2021 12:00,1,17.01666667,39.05833333,93.53695,656.658,33.46823333,227.5033333,34.75333333,54.09333333
14-04-2021 12:00,2,15.80166667,41.43166667,67.7235,0.0,14.89916667,372.04,34.67666667,51.60166667
14-04-2021 12:00,3,29.22666667,0.0,31.50615,613.492,2.195666667,358.5033333,33.41666667,57.52666667
14-04-2021 12:00,4,19.31,43.45833333,62.06351667,683.016,0.0,293.44,34.32666667,56.44166667
14-04-2021 12:00,5,17.105,35.45833333,102.8939167,904.958,11.1979,437.1033333,34.04,54.34666667
14-04-2021 12:00,6,17.91333333,42.43333333,60.42768333,1526.281,15.3383,530.55,33.97166667,53.82666667
14-04-2021 13:00,1,20.21333333,46.34166667,108.7174833,699.633,18.3495,242.7866667,34.9,51.86666667
14-04-2021 13:00,2,18.66166667,44.81833333,38.18035,0.0,0.313666667,467.67,36.02333333,48.02
14-04-2021 13:00,3,31.34655172,0.0,52.42563793,516.8855172,9.215310345,335.6310345,34.19827586,55.08275862
14-04-2021 13:00,4,20.81,52.69833333,77.63665,870.769,2.9171,320.5133333,34.14333333,55.57833333
14-04-2021 13:00,5,16.87833333,38.02333333,109.5681167,1256.398,29.2651,473.3466667,33.67166667,53.285
14-04-2021 13:00,6,18.97666667,46.39666667,55.02943333,1133.585,8.029866667,497.3633333,34.77333333,51.16333333
14-04-2021 14:00,1,22.565,53.02333333,182.8861667,848.613,83.52943333,226.1933333,33.93,54.78166667
14-04-2021 14:00,2,20.87166667,47.885,100.60375,0.0,17.5026,451.5133333,34.56333333,51.69
14-04-2021 14:00,3,40.97833333,0.0,26.56593333,514.363,0.0,423.13,35.33333333,51.32666667
14-04-2021 14:00,4,20.00833333,51.83666667,78.19283333,762.854,3.042566667,308.2866667,34.31666667,53.93
14-04-2021 14:00,5,17.53666667,45.33833333,107.2452333,1164.336,23.49363333,466.36,34.38833333,50.49833333
14-04-2021 14:00,6,19.89333333,51.66,72.10753333,1383.222,17.15756667,557.1866667,34.72166667,50.255
14-04-2021 15:00,1,21.8245614,52.96491228,176.4633684,859.0978947,109.2220351,234.8807018,33.99122807,54.43684211
14-04-2021 15:00,2,19.975,47.12666667,138.3587833,0.0,49.74753333,401.2966667,33.715,54.18
14-04-2021 15:00,3,35.765,0.0,62.4234,748.338,8.594466667,426.6233333,34.25333333,53.92166667
14-04-2021 15:00,4,21.79,85.08833333,84.6053,942.585,21.42343333,332.3033333,33.71166667,55.16833333
14-04-2021 15:00,5,17.14833333,40.515,118.4997667,1252.769,32.49586667,478.5866667,34.42,51.72666667
14-04-2021 15:00,6,22.335,57.12,103.7118333,1328.023,54.35843333,504.35,34.22,52.26666667
14-04-2021 16:00,1,21.12372881,56.24745763,143.0993729,929.2311864,122.33,280.2067797,34.06610169,55.42372881
14-04-2021 16:00,2,20.34166667,48.18166667,113.5268333,0.0,40.14933333,461.12,33.89166667,54.94666667
14-04-2021 16:00,3,36.60666667,0.0,95.36908333,1154.213,35.4757,444.09,33.51333333,56.81333333
14-04-2021 16:00,4,20.85833333,62.48333333,87.84425,1411.299,36.7931,415.7066667,33.35666667,57.37833333
14-04-2021 16:00,5,19.19333333,48.24833333,134.4655,1420.467,44.66613333,488.1933333,33.60666667,55.69166667
14-04-2021 16:00,6,23.295,60.54333333,112.9052167,1429.826,69.9163,505.66,33.7,55.46333333
14-04-2021 17:00,1,18.14333333,49.99333333,128.7400833,1041.141,155.2336333,303.92,32.05166667,61.33
14-04-2021 17:00,2,17.59166667,45.495,129.2308333,0.0,60.19263333,472.4733333,31.8,62.65166667
14-04-2021 17:00,3,29.11333333,0.0,78.19283333,1426.197,43.81923333,494.3066667,32.39,60.41833333
14-04-2021 17:00,4,19.63833333,56.33833333,85.5868,1532.584,49.4966,437.1033333,31.96833333,63.01
14-04-2021 17:00,5,14.57,35.07833333,117.4201167,2025.173,56.61683333,588.19,31.98,59.54166667
14-04-2021 17:00,6,17.11666667,43.24,93.30793333,1639.735,85.38006667,536.2266667,32.05166667,59.295
14-04-2021 18:00,1,16.61333333,39.485,133.8438833,933.608,171.4502,285.58,30.07166667,70.91333333
14-04-2021 18:00,2,16.55833333,42.68666667,155.2078667,0.0,81.36513333,367.2366667,30.01333333,71.02
14-04-2021 18:00,3,22.17833333,0.0,83.59108333,1193.941,61.47866667,403.48,30.60833333,67.09333333
14-04-2021 18:00,4,17.56833333,42.6,90.55973333,1123.844,66.30913333,324.4433333,30.31833333,69.98666667
14-04-2021 18:00,5,13.26166667,34.085,132.4370667,2127.931,76.37783333,565.0466667,30.64166667,66.61666667
14-04-2021 18:00,6,13.17833333,30.925,107.4415333,1410.726,113.5159667,435.3566667,30.37166667,66.96333333
14-04-2021 19:00,1,12.615,28.43833333,136.4285,792.459,176.9707333,233.6166667,28.95666667,76.98333333
14-04-2021 19:00,2,16.71,42.42333333,151.9689167,0.0,83.5608,316.5833333,29.44166667,74.235
14-04-2021 19:00,3,18.025,0.0,87.5498,939.72,67.21876667,323.1333333,29.845,73.03833333
14-04-2021 19:00,4,17.55,40.35833333,95.7944,970.853,73.6803,269.4233333,29.43833333,75.38333333
14-04-2021 19:00,5,12.045,28.945,134.95625,1642.218,77.85206667,451.5133333,29.82166667,73.26166667
14-04-2021 19:00,6,12.53166667,29.615,114.73735,1756.818,125.4353,469.4166667,29.73666667,73.85833333
14-04-2021 20:00,1,11.8,27.12166667,122.9492333,759.225,173.2694667,210.0366667,28.57,79.98833333
14-04-2021 20:00,2,16.38333333,42.23666667,127.10425,0.0,76.5033,311.3433333,29.16666667,75.88833333
14-04-2021 20:00,3,20.11333333,0.0,77.3422,731.721,67.3756,277.72,29.32333333,75.09166667
14-04-2021 20:00,4,17.06166667,39.26666667,82.60958333,965.887,70.04176667,265.93,29.13833333,77.43166667
14-04-2021 20:00,5,11.21833333,28.34666667,116.11145,1068.836,70.22996667,351.08,29.38666667,76.26333333
14-04-2021 20:00,6,12.49333333,29.17166667,96.51416667,1159.943,112.7004333,338.8533333,29.35833333,75.71833333
14-04-2021 21:00,1,12.34,28.47333333,105.0532167,715.295,158.1193667,203.05,28.38666667,81.25833333
14-04-2021 21:00,2,15.33166667,40.35333333,118.6306333,0.0,74.2449,279.9033333,28.91833333,77.89166667
14-04-2021 21:00,3,18.73333333,0.0,65.7605,693.903,64.05073333,264.1833333,29.27666667,76.485
14-04-2021 21:00,4,19.68666667,45.09833333,78.78173333,953.854,70.82593333,252.83,28.98166667,79.75
14-04-2021 21:00,5,11.28666667,29.23,108.9137833,1097.677,67.4697,343.6566667,29.25166667,77.585
14-04-2021 21:00,6,11.91166667,25.795,94.6166,1099.587,110.0342667,315.2733333,29.19,77.26833333
14-04-2021 22:00,1,15.3,37.82666667,102.8612,679.578,155.3904667,187.7666667,28.21666667,83.325
14-04-2021 22:00,2,14.445,39.20166667,116.0787333,0.0,74.68403333,255.0133333,28.845,79.27333333
14-04-2021 22:00,3,16.53833333,0.0,63.53576667,575.865,62.6706,235.8,29.17333333,78.00333333
14-04-2021 22:00,4,18.13333333,42.24166667,71.71493333,854.534,60.9768,233.6166667,28.84166667,80.50833333
14-04-2021 22:00,5,10.63166667,26.82166667,102.4031667,805.065,61.13363333,289.51,29.165,78.29
14-04-2021 22:00,6,12.73166667,28.38333333,89.93811667,850.141,106.6153,261.1266667,29.145,78.87833333
14-04-2021 23:00,1,20.645,50.59666667,112.7416333,802.582,178.5077,201.74,27.30166667,89.11
14-04-2021 23:00,2,16.99622642,42.21132075,101.8167358,0.0,63.20679245,227.3962264,28.21320755,80.99245283
14-04-2021 23:00,3,28.525,0.0,63.63391667,438.918,49.74753333,180.78,27.06333333,84.29
14-04-2021 23:00,4,19.28333333,46.155,71.02788333,677.095,49.27703333,192.1333333,28.20333333,82.28666667
14-04-2021 23:00,5,10.77666667,23.19833333,105.4785333,564.405,56.99323333,243.66,28.51333333,81.35833333
14-04-2021 23:00,6,13.98833333,29.25166667,93.96226667,666.399,98.55406667,204.36,27.82666667,84.31333333
15-04-2021 00:00,1,15.44,34.605,106.8199167,711.475,122.3927333,124.45,25.44,90.60833333
15-04-2021 00:00,2,13.42333333,36.025,145.55645,0.0,69.57126667,147.1566667,25.265,91.785
15-04-2021 00:00,3,18.07,0.0,121.4442667,434.716,93.78633333,119.21,23.99666667,98.36333333
15-04-2021 00:00,4,25.81166667,56.81,72.07481667,119.375,59.25163333,127.5066667,24.62,92.815
15-04-2021 00:00,5,9.656666667,18.715,165.4809,547.597,70.44953333,147.5933333,24.28166667,94.78
15-04-2021 00:00,6,11.17,18.585,149.3188667,688.173,140.8363333,113.5333333,24.13,95.80666667
15-04-2021 01:00,1,16.48166667,36.23,146.6361,751.203,188.9528,105.2366667,24.95833333,91.65333333
15-04-2021 01:00,2,11.68166667,33.87833333,136.4612167,0.0,68.1284,134.93,24.50166667,92.75166667
15-04-2021 01:00,3,28.48166667,0.0,119.7102833,517.228,100.7497333,137.1133333,24.43666667,99.225
15-04-2021 01:00,4,26.72166667,57.08166667,69.85008333,755.596,82.83936667,157.6366667,25.14166667,91.84666667
15-04-2021 01:00,5,11.34166667,26.37333333,145.8181833,816.525,77.50703333,208.7266667,24.915,93.29833333
15-04-2021 01:00,6,12.02931034,20.48275862,124.3458966,807.5348276,130.3447241,140.0344828,24.57241379,94.84827586
15-04-2021 02:00,1,16.01833333,35.95333333,143.39715,782.336,205.7339667,123.14,24.885,94.455
15-04-2021 02:00,2,9.324137931,31.15344828,163.1997586,0.0,83.52186207,138.2275862,24.13793103,91.86724138
15-04-2021 02:00,3,16.98,0.0,104.8896333,455.153,85.3487,117.4633333,24.08666667,96.92333333
15-04-2021 02:00,4,28.38333333,61.17333333,69.2939,772.977,67.752,162.0033333,25.17833333,92.22833333
15-04-2021 02:00,5,11.14833333,22.24166667,124.8795167,1103.216,63.73706667,318.33,24.81166667,92.44833333
15-04-2021 02:00,6,10.05,16.24,112.5453333,738.597,108.6227667,121.83,24.68166667,92.09666667
15-04-2021 03:00,1,16.88833333,37.625,124.5850667,845.366,187.4158333,136.24,25.02,94.645
15-04-2021 03:00,2,9.655,31.80666667,162.9617167,0.0,87.16796667,130.5633333,24.37333333,91.26666667
15-04-2021 03:00,3,10.53833333,0.0,99.16421667,550.08,85.28596667,138.86,25.21166667,92.31166667
15-04-2021 03:00,4,24.57833333,52.94666667,70.99516667,801.818,69.00666667,161.13,25.21,91.38
15-04-2021 03:00,5,9.321666667,17.18833333,132.1426167,991.29,64.2703,250.21,25.015,90.10333333
15-04-2021 03:00,6,10.93833333,18.86,107.8014167,1001.795,116.2448667,179.0333333,24.9,92.46666667
15-04-2021 04:00,1,20.06,46.74166667,120.7899333,821.109,183.2127,134.0566667,25.06,94.38166667
15-04-2021 04:00,2,11.88666667,34.79833333,150.7584,0.0,89.4891,168.1166667,24.55666667,91.665
15-04-2021 04:00,3,13.60666667,0.0,96.64503333,750.248,92.81396667,173.3566667,25.68,90.375
15-04-2021 04:00,4,22.58833333,49.47,74.13596667,885.858,81.42786667,143.6633333,25.25166667,90.395
15-04-2021 04:00,5,10.84833333,21.99166667,132.5352167,764.191,78.4794,188.64,25.235,90.33333333
15-04-2021 04:00,6,11.53333333,20.69,114.9663667,1568.683,140.1776333,274.2266667,25.02666667,91.86
15-04-2021 05:00,1,26.02166667,64.665,119.743,1036.175,188.0745333,173.3566667,25.39,93.16
15-04-2021 05:00,2,15.91166667,40.38166667,151.64175,0.0,103.7609333,303.92,25.38,88.02
15-04-2021 05:00,3,20.94666667,0.0,113.55955,1303.384,113.7355333,254.5766667,25.62333333,91.17166667
15-04-2021 05:00,4,32.075,74.905,71.58406667,1036.557,95.57423333,160.6933333,25.29666667,92.34833333
15-04-2021 05:00,5,11.375,23.97333333,142.41565,968.943,92.6885,221.39,25.41833333,90.54833333
15-04-2021 05:00,6,15.58166667,37.06166667,115.6534167,2362.861,158.2762,448.02,25.58833333,91.97666667
15-04-2021 06:00,1,28.08666667,67.62833333,111.3348167,1337.764,169.5682,245.8433333,26.115,90.34166667
15-04-2021 06:00,2,21.47,47.85666667,153.8337667,0.0,104.2314333,497.8,26.47333333,85.26
15-04-2021 06:00,3,33.14,0.0,115.2935333,2208.724,118.2209667,447.5833333,26.815,88.0
15-04-2021 06:00,4,37.575,86.70833333,73.90695,1817.556,91.1829,316.1466667,26.27,89.56833333
15-04-2021 06:00,5,14.76833333,32.495,140.7143833,2314.92,96.01336667,461.5566667,26.24833333,88.61333333
15-04-2021 06:00,6,18.99833333,52.14333333,117.9435833,4712.734,158.8408,330.12,26.37666667,89.49166667
15-04-2021 07:00,1,27.5326087,65.45869565,108.2210435,1327.865217,136.5677391,237.5086957,27.4673913,82.6
15-04-2021 07:00,2,27.274,56.49,153.38882,0.0,100.00948,629.848,28.414,79.342
15-04-2021 07:00,3,40.41052632,0.0,117.5733684,3047.756842,97.93003509,650.8631579,28.84035088,80.95087719
15-04-2021 07:00,4,34.09565217,80.93043478,78.74901667,1896.63,86.89930435,375.3434783,27.69565217,84.3
15-04-2021 07:00,5,17.97391304,40.13695652,156.570587,3507.507391,93.97726087,669.2391304,27.73043478,82.73695652
15-04-2021 07:00,6,26.26041667,74.8375,144.4031875,7089.4425,174.437875,618.7566667,27.77916667,84.28958333
16-04-2021 01:00,1,15.37666667,35.06333333,123.5054167,572.236,168.7526667,133.62,27.27666667,91.26833333
16-04-2021 01:00,2,20.4,45.0,117.78,0.0,72.457,209.6,28.0,83.85
16-04-2021 01:00,3,16.74,0.0,82.6423,291.657,72.2688,180.3433333,28.49,80.63666667
16-04-2021 01:00,4,18.84166667,41.93833333,122.4257667,463.557,58.87523333,148.9033333,28.14333333,82.60166667
16-04-2021 01:00,5,12.82666667,26.69666667,94.94376667,215.639,70.1045,233.18,28.22333333,82.88666667
16-04-2021 01:00,6,16.74655172,33.80689655,96.11931034,614.6906897,104.2238621,186.1103448,28.27241379,83.19310345
16-04-2021 02:00,1,25.32666667,57.87333333,114.9009333,695.049,178.6959,160.6933333,27.39666667,90.82333333
16-04-2021 02:00,2,17.89666667,42.35333333,114.6719167,0.0,73.33526667,212.6566667,27.98,83.89333333
16-04-2021 02:00,3,16.25,0.0,75.1829,284.59,70.98276667,167.68,28.34,81.65333333
16-04-2021 02:00,4,19.95833333,44.94333333,119.1541,489.342,60.44356667,155.4533333,28.16,83.34333333
16-04-2021 02:00,5,12.20833333,25.445,93.47151667,605.088,70.07313333,348.0233333,28.32,83.14
16-04-2021 02:00,6,14.73666667,29.74833333,93.34065,578.921,104.4823667,175.1033333,28.335,83.36333333
16-04-2021 03:00,1,18.53333333,44.94333333,116.5694833,716.441,187.3217333,145.8466667,27.465,90.36833333
16-04-2021 03:00,2,14.52333333,38.17833333,107.1798,0.0,70.73183333,214.84,27.81666667,83.98333333
16-04-2021 03:00,3,14.87,0.0,72.14025,321.262,71.7983,180.3433333,28.11,82.19166667
16-04-2021 03:00,4,20.26666667,44.575,106.0674333,539.575,58.84386667,173.3566667,28.20166667,83.565
16-04-2021 03:00,5,13.55,28.295,75.54278333,490.488,70.1045,337.98,28.17833333,83.58333333
16-04-2021 03:00,6,15.57333333,31.09333333,75.31376667,569.562,97.07983333,183.8366667,28.3,83.02
16-04-2021 04:00,1,28.2375,66.65,97.2911875,700.4925,121.036125,139.1875,26.73125,89.1875
16-04-2021 04:00,2,14.30555556,37.80555556,102.9484444,0.0,69.73855556,216.8777778,27.83888889,83.23888889
16-04-2021 04:00,3,13.99411765,0.0,70.668,351.8894118,72.62305882,183.4,28.11764706,82.07058824
16-04-2021 04:00,4,20.38571429,44.65,91.70014286,812.8414286,58.61085714,205.8571429,28.28571429,82.62857143
16-04-2021 04:00,5,13.95333333,29.26,68.705,983.268,68.5048,480.3333333,28.18666667,83.12
16-04-2021 04:00,6,13.13157895,25.66842105,67.05194737,597.7294737,92.31705263,186.1578947,28.31578947,81.69473684
19-04-2021 07:00,1,39.26,104.02,82.446,1207.884,109.5324,267.24,29.12,77.98
19-04-2021 07:00,2,27.98333333,55.52666667,88.79303333,0.0,53.57426667,511.7733333,29.92666667,72.85
19-04-2021 07:00,3,34.96,0.0,90.85418333,2114.752,63.01563333,489.94,29.32166667,75.75166667
19-04-2021 07:00,4,38.015,97.31833333,79.27248333,1511.001,81.23966667,316.5833333,28.73166667,79.34666667
19-04-2021 07:00,5,19.07333333,40.75166667,112.3163167,2138.627,66.96783333,489.94,28.435,77.02
19-04-2021 07:00,6,21.78,47.88333333,105.4785333,2596.836,102.3494333,539.2833333,28.48833333,77.25833333
19-04-2021 08:00,1,26.32166667,64.37666667,71.15875,922.721,78.16573333,221.8266667,30.16166667,72.49666667
19-04-2021 08:00,2,18.67,44.1,60.13323333,0.0,16.8439,356.7566667,31.36666667,65.29833333
19-04-2021 08:00,3,26.84166667,0.0,70.89701667,1337.573,34.97383333,392.1266667,30.90166667,69.24333333
19-04-2021 08:00,4,28.27333333,72.7,66.21853333,1207.884,38.23596667,303.92,30.73333333,68.99666667
19-04-2021 08:00,5,20.06,42.45333333,97.39751667,1749.751,49.4966,463.74,30.27166667,69.56666667
19-04-2021 08:00,6,17.46166667,38.46166667,91.37765,1726.64,78.6676,399.55,29.58833333,71.325
19-04-2021 09:00,1,25.69,62.22,89.97083333,729.047,74.65266667,199.5566667,30.83833333,69.41
19-04-2021 09:00,2,17.53666667,42.32333333,52.11765,0.0,3.356233333,343.6566667,32.19166667,61.73
19-04-2021 09:00,3,24.945,0.0,65.26975,722.553,27.06943333,293.8766667,31.61833333,66.235
19-04-2021 09:00,4,29.42666667,84.49,98.86976667,1227.748,22.52126667,330.9933333,31.325,66.38833333
19-04-2021 09:00,5,21.38,46.41833333,79.76323333,1781.266,27.03806667,536.6633333,30.66833333,67.31
19-04-2021 09:00,6,19.75333333,44.195,96.54688333,1407.861,72.01786667,348.8966667,30.38666667,68.72333333
19-04-2021 10:00,1,27.63666667,65.595,135.9050333,831.805,64.70943333,199.5566667,31.95166667,65.55833333
19-04-2021 10:00,2,18.68166667,44.13833333,85.55408333,0.0,12.01343333,336.2333333,33.32833333,57.54166667
19-04-2021 10:00,3,30.04666667,0.0,80.77745,643.861,31.053,265.4933333,31.83333333,65.43666667
19-04-2021 10:00,4,26.31333333,63.015,95.49995,1023.76,20.3256,313.09,32.29666667,62.4
19-04-2021 10:00,5,20.75666667,45.58666667,103.4501,1774.008,39.17696667,532.7333333,32.37,61.2
19-04-2021 10:00,6,20.42833333,47.5,106.1983,1457.139,67.81473333,352.39,30.995,65.745
19-04-2021 11:00,1,25.91333333,60.95666667,135.7087333,711.284,40.11796667,200.43,33.36666667,60.06833333
19-04-2021 11:00,2,19.175,44.81333333,95.56538333,0.0,9.441366667,339.29,33.73166667,55.23833333
19-04-2021 11:00,3,32.14333333,0.0,77.44035,669.264,22.17623333,300.4266667,33.09833333,61.56666667
19-04-2021 11:00,4,25.46333333,78.59833333,77.60393333,945.259,8.469,322.26,33.55166667,57.78833333
19-04-2021 11:00,5,21.55333333,46.825,97.07035,1862.25,28.1359,590.81,32.94333333,58.28833333
19-04-2021 11:00,6,21.81833333,51.18333333,107.7687,1838.566,57.84013333,442.78,32.06,60.75833333
19-04-2021 12:00,1,23.495,55.4,156.2220833,684.162,66.18366667,205.67,32.355,62.77
19-04-2021 12:00,2,18.84833333,44.41166667,109.3718167,0.0,16.71843333,331.43,33.77,53.46666667
19-04-2021 12:00,3,28.42666667,0.0,69.03216667,539.384,3.889466667,300.4266667,33.41166667,58.11
19-04-2021 12:00,4,23.68666667,54.03333333,81.39906667,853.579,3.983566667,323.57,33.91,56.14166667
19-04-2021 12:00,5,20.615,43.55833333,121.4769833,1199.671,34.50333333,451.5133333,32.395,60.29666667
19-04-2021 12:00,6,22.45666667,52.115,113.5268333,1994.04,68.44206667,505.2233333,32.20666667,60.68333333
19-04-2021 13:00,1,26.165,61.78166667,177.16075,750.057,102.7258333,203.05,31.99166667,64.17833333
19-04-2021 13:00,2,18.93333333,45.37833333,103.9735667,0.0,14.83643333,365.9266667,34.55,51.27
19-04-2021 13:00,3,27.05166667,0.0,85.06333333,876.69,11.54293333,372.04,34.32833333,55.23166667
19-04-2021 13:00,4,23.5,57.30666667,102.2395833,860.073,23.93276667,318.7666667,32.85333333,58.845
19-04-2021 13:00,5,20.17666667,43.20166667,195.7765333,2254.755,83.4667,544.96,31.56833333,65.63333333
19-04-2021 13:00,6,23.20833333,56.08666667,103.2538,3078.156,78.7617,505.2233333,33.53166667,58.065
19-04-2021 14:00,1,22.85166667,54.49,151.2818667,692.375,92.93943333,206.1066667,33.71,57.73666667
19-04-2021 14:00,2,20.69166667,47.69666667,119.5467,0.0,18.6318,396.0566667,34.16,55.66
19-04-2021 14:00,3,26.87666667,0.0,95.56538333,908.587,23.65046667,369.8566667,32.80333333,59.75833333
19-04-2021 14:00,4,24.695,60.21333333,100.9309167,741.08,18.50633333,329.6833333,34.205,56.035
19-04-2021 14:00,5,21.525,67.765,138.1297667,1052.983,50.21803333,391.69,32.435,61.99166667
19-04-2021 14:00,6,22.21166667,53.64833333,77.57121667,1581.289,21.76846667,551.51,33.71833333,56.4
19-04-2021 15:00,1,21.97833333,53.07833333,140.4853667,718.924,139.2366333,251.52,31.72,67.9
19-04-2021 15:00,2,20.47666667,46.88333333,151.1182833,0.0,49.873,372.9133333,32.04166667,66.565
19-04-2021 15:00,3,24.64166667,0.0,116.7330667,899.801,58.4361,334.05,32.21,65.36
19-04-2021 15:00,4,26.31666667,67.99666667,120.1683167,977.92,65.7759,349.77,31.21333333,72.34166667
19-04-2021 15:00,5,18.00333333,44.43666667,120.62635,725.609,58.342,348.0233333,31.5,67.71333333
19-04-2021 15:00,6,19.645,44.46166667,105.8384167,1048.208,75.4682,406.9733333,32.17333333,64.965
19-04-2021 16:00,1,18.97,49.59,136.6248,766.101,154.1985333,248.9,30.49666667,72.22833333
19-04-2021 16:00,2,14.615,40.39,167.7710667,0.0,64.23893333,262.4366667,28.405,74.305
19-04-2021 16:00,3,18.045,0.0,112.8397833,785.392,62.23146667,258.07,28.80666667,74.69166667
19-04-2021 16:00,4,23.16166667,57.62666667,121.5751333,1202.154,65.4936,365.9266667,29.79833333,73.49333333
19-04-2021 16:00,5,15.045,45.40166667,136.8538167,1357.246,66.02683333,409.5933333,29.32,73.37333333
19-04-2021 16:00,6,15.75384615,37.74230769,127.595,1208.148462,111.6532692,357.2269231,29.44615385,72.81730769
19-04-2021 17:00,1,19.68833333,47.83333333,145.262,1377.683,165.3650667,305.6666667,28.72833333,73.70833333
19-04-2021 17:00,2,15.17833333,40.925,175.8193667,0.0,88.76766667,275.1,27.37833333,77.21333333
19-04-2021 17:00,3,19.86333333,0.0,132.3716333,1158.224,91.40246667,273.79,27.47,79.34166667
19-04-2021 17:00,4,19.14,52.01833333,110.6477667,2188.287,76.0328,471.1633333,28.73666667,72.41833333
19-04-2021 17:00,5,14.525,31.76833333,147.0941333,3000.037,83.5608,672.4666667,28.185,73.59166667
19-04-2021 17:00,6,15.84166667,36.72333333,130.8012333,2105.011,128.6974333,475.9666667,28.21,74.11666667
19-04-2021 18:00,1,20.17833333,51.98666667,145.55645,1720.528,178.5077,344.53,27.88,74.97333333
19-04-2021 18:00,2,21.19833333,47.55,153.6701833,0.0,87.35616667,273.3533333,27.52666667,78.57166667
19-04-2021 18:00,3,28.26166667,0.0,113.9848667,1198.907,87.7012,274.6633333,27.56,78.595
19-04-2021 18:00,4,20.73666667,48.65333333,108.6193333,2474.596,90.08506667,512.21,28.53666667,73.22333333
19-04-2021 18:00,5,16.05,34.775,138.8168167,4192.068,90.9006,672.4666667,28.655,72.305
19-04-2021 18:00,6,15.295,32.98666667,118.3689,1785.277,121.4517333,402.17,28.065,75.15333333
19-04-2021 19:00,1,27.475,78.49666667,145.5237333,2115.898,189.8310667,427.06,27.08666667,81.96833333
19-04-2021 19:00,2,18.28166667,44.68166667,129.7870167,0.0,75.9387,278.1566667,27.73,77.03
19-04-2021 19:00,3,29.88666667,0.0,104.2353,1136.641,82.2434,265.0566667,27.435,79.075
19-04-2021 19:00,4,25.06333333,57.67,98.96791667,2037.97,83.52943333,439.2866667,28.29333333,74.39333333
19-04-2021 19:00,5,15.14833333,32.63166667,118.66335,2490.64,80.98873333,584.26,28.37666667,73.93333333
19-04-2021 19:00,6,17.76166667,39.77833333,108.9137833,2198.983,124.5256667,477.7133333,28.09166667,75.60333333
19-04-2021 20:00,1,31.60166667,86.325,144.4113667,2381.961,208.3687667,465.05,26.66333333,84.79333333
19-04-2021 20:00,2,17.55833333,43.505,123.17825,0.0,71.516,259.8166667,27.45333333,78.41
19-04-2021 20:00,3,36.005,0.0,98.18271667,1179.998,82.68253333,264.1833333,27.26333333,80.15166667
19-04-2021 20:00,4,22.97166667,53.8,98.28086667,1945.908,86.2897,417.89,28.17833333,75.39
19-04-2021 20:00,5,15.42666667,32.64,109.9607167,2125.448,76.34646667,526.62,28.615,72.93333333
19-04-2021 20:00,6,17.46333333,38.76833333,101.2253667,1581.671,114.7706333,358.94,27.92833333,76.01
19-04-2021 21:00,1,31.22,82.18333333,134.8908167,2581.747,206.8318,500.42,26.695,84.68666667
19-04-2021 21:00,2,21.56923077,49.30384615,125.06575,0.0,87.80253846,311.3769231,27.41730769,79.10769231
19-04-2021 21:00,3,31.53,0.0,99.06606667,1186.683,87.95213333,280.34,27.135,79.97333333
19-04-2021 21:00,4,20.76833333,48.63333333,92.261,2145.312,83.21576667,450.64,27.975,76.09333333
19-04-2021 21:00,5,15.51333333,33.70166667,108.3576,1882.687,78.88716667,475.0933333,28.27666667,75.015
19-04-2021 21:00,6,17.38166667,40.55666667,97.33208333,1901.023,123.6474,418.3266667,27.98833333,76.57
19-04-2021 22:00,1,37.89666667,106.01,121.9023,2288.371,197.2963333,458.0633333,27.19666667,82.315
19-04-2021 22:00,2,18.765,45.06833333,126.0900333,0.0,86.3838,256.76,27.14666667,81.64333333
19-04-2021 22:00,3,29.11166667,0.0,96.9722,1219.917,87.7953,286.0166667,27.35,80.38666667
19-04-2021 22:00,4,20.24166667,46.935,90.36343333,1684.811,80.01636667,368.11,28.02166667,76.445
19-04-2021 22:00,5,14.86166667,31.68666667,109.3391,1156.505,76.34646667,348.46,27.925,77.03666667
19-04-2021 22:00,6,17.72166667,44.85666667,93.86411667,1438.612,119.5697333,336.67,27.81166667,78.29
19-04-2021 23:00,1,37.74166667,103.5233333,120.7572167,2033.004,195.728,414.8333333,26.88833333,84.16666667
19-04-2021 23:00,2,19.98833333,45.99333333,116.6676333,0.0,85.00366667,250.21,27.46333333,81.24833333
19-04-2021 23:00,3,39.69333333,0.0,88.30228333,876.499,83.02756667,224.01,27.37166667,81.15833333
19-04-2021 23:00,4,20.37833333,47.395,84.11455,1431.354,80.51823333,328.3733333,27.87333333,77.57333333
19-04-2021 23:00,5,15.29666667,32.07666667,107.67055,958.629,78.22846667,317.8933333,28.16833333,77.23666667
19-04-2021 23:00,6,17.145,39.49,89.41465,1174.65,113.0141,282.5233333,27.81,79.13666667
20-04-2021 00:00,1,34.17166667,98.72333333,119.7757167,1563.335,194.5360667,334.4866667,26.70333333,85.80833333
20-04-2021 00:00,2,26.03833333,53.27166667,119.7757167,0.0,86.60336667,224.8833333,27.08666667,82.70666667
20-04-2021 00:00,3,57.87666667,0.0,84.86703333,972.381,83.02756667,244.0966667,26.78,83.635
20-04-2021 00:00,4,21.1,48.05666667,84.11455,1048.972,77.56976667,265.0566667,27.59833333,79.365
20-04-2021 00:00,5,14.625,31.06333333,97.46295,851.478,72.14333333,305.6666667,27.92,77.79166667
20-04-2021 00:00,6,18.57166667,42.11,88.85846667,883.757,115.6175333,221.39,27.72333333,79.55333333
20-04-2021 01:00,1,26.89166667,76.835,113.5268333,860.646,185.5965667,215.7133333,26.49333333,87.205
20-04-2021 01:00,2,21.19482759,48.15517241,118.8630345,0.0,86.7017931,233.5413793,26.95862069,82.70689655
20-04-2021 01:00,3,32.97413793,0.0,81.59987931,832.4306897,79.27113793,215.4724138,27.11034483,82.43965517
20-04-2021 01:00,4,23.79333333,55.81333333,78.84716667,835.434,76.221,226.63,27.35,80.92
20-04-2021 01:00,5,14.45833333,30.54833333,96.71046667,670.028,70.79456667,270.2966667,27.56,79.075
20-04-2021 01:00,6,17.595,38.19833333,81.49721667,775.842,107.8699667,202.6133333,27.53333333,79.91333333
20-04-2021 02:00,1,22.695,61.56333333,104.52975,734.968,176.1238333,189.95,26.30166667,88.225
20-04-2021 02:00,2,21.975,48.41833333,108.6847667,0.0,76.7856,230.56,26.87833333,83.40666667
20-04-2021 02:00,3,30.75,0.0,68.34511667,814.615,71.76693333,227.0666667,27.97333333,79.025
20-04-2021 02:00,4,25.37833333,59.25333333,81.00646667,676.331,78.3853,197.81,27.21333333,81.39166667
20-04-2021 02:00,5,16.50833333,34.85333333,91.31221667,870.387,68.2225,322.6966667,27.50166667,79.80166667
20-04-2021 02:00,6,17.08,36.75333333,79.37063333,797.998,105.5488333,206.98,27.45833333,80.55833333
20-04-2021 03:00,1,26.705,69.555,102.5013167,800.099,174.2104667,211.3466667,26.235,88.30666667
20-04-2021 03:00,2,20.72333333,46.26666667,108.06315,0.0,80.33003333,231.87,26.91833333,83.38
20-04-2021 03:00,3,25.55,0.0,56.1418,767.82,64.01936667,220.5166667,28.43666667,77.67
20-04-2021 03:00,4,25.5,62.58166667,85.88125,747.765,86.7602,207.8533333,27.04166667,83.18
20-04-2021 03:00,5,15.12,31.84833333,89.57823333,1039.422,67.50106667,374.2233333,27.49333333,80.02833333
20-04-2021 03:00,6,20.81833333,46.27166667,76.19711667,956.528,106.8035,234.9266667,27.315,81.98166667
20-04-2021 04:00,1,38.31,106.5583333,106.0674333,934.563,179.5741667,224.01,26.105,88.74666667
20-04-2021 04:00,2,19.78666667,46.215,107.7032667,0.0,84.06266667,275.9733333,26.94,83.45833333
20-04-2021 04:00,3,18.78833333,0.0,62.6197,656.849,61.29046667,213.9666667,28.40666667,77.83
20-04-2021 04:00,4,29.13166667,73.705,86.43743333,870.387,90.2419,202.6133333,27.07,83.53166667
20-04-2021 04:00,5,13.49166667,28.78333333,89.87268333,760.562,65.08583333,305.23,27.63833333,79.63
20-04-2021 04:00,6,16.595,35.99333333,79.27248333,976.774,106.3016333,231.4333333,27.51,80.89
20-04-2021 05:00,1,44.67833333,132.3033333,105.5766833,1211.322,179.8564667,278.1566667,25.83333333,89.575
20-04-2021 05:00,2,22.405,49.51,111.20395,0.0,87.16796667,351.5166667,27.04166667,82.925
20-04-2021 05:00,3,19.23,0.0,75.3792,895.981,69.4458,239.73,27.46666667,81.25166667
20-04-2021 05:00,4,29.88666667,77.32666667,89.83996667,1457.521,97.2994,269.4233333,26.82666667,85.51666667
20-04-2021 05:00,5,15.02166667,32.24833333,95.69625,1397.356,78.69896667,396.0566667,27.59833333,80.29333333
20-04-2021 05:00,6,16.52833333,34.37666667,83.75466667,1007.143,110.4420333,238.42,27.595,80.53666667
20-04-2021 06:00,1,51.19166667,152.3616667,105.2822333,1448.162,177.1589333,326.19,26.21833333,88.68666667
20-04-2021 06:00,2,25.02166667,53.60833333,102.1414333,0.0,78.8558,420.51,28.47833333,77.75666667
20-04-2021 06:00,3,24.045,0.0,91.54123333,1742.302,83.0903,387.76,27.525,81.93
20-04-2021 06:00,4,33.84333333,102.9916667,95.33636667,2022.69,102.3494333,410.03,27.515,83.73
20-04-2021 06:00,5,18.20833333,39.14,107.27795,2639.238,81.83563333,582.95,27.79,79.94166667
20-04-2021 06:00,6,17.66166667,37.53666667,92.4573,1651.959,115.8057333,356.7566667,27.76833333,80.26
20-04-2021 07:00,1,40.94,130.615,102.6976167,1390.289,148.9916667,310.9066667,28.10333333,81.35833333
20-04-2021 07:00,2,19.315,45.405,80.22126667,0.0,45.10526667,415.7066667,30.29,71.41833333
20-04-2021 07:00,3,23.63666667,0.0,86.372,1717.472,66.56006667,415.7066667,29.24333333,76.9
20-04-2021 07:00,4,40.09,107.8416667,111.891,2096.607,83.749,496.0533333,29.02666667,78.25666667
20-04-2021 07:00,5,16.95166667,36.96666667,122.7202167,2413.285,73.52346667,552.3833333,28.56,77.84833333
20-04-2021 07:00,6,16.38166667,37.24333333,105.90385,2445.182,110.8184333,515.2666667,28.64166667,77.77666667
20-04-2021 08:00,1,33.035,84.395,103.5155333,1384.368,115.0215667,315.71,30.62166667,72.79833333
20-04-2021 08:00,2,17.39833333,42.72166667,80.94103333,0.0,34.4406,343.6566667,31.025,68.88333333
20-04-2021 08:00,3,21.94666667,0.0,69.22846667,1048.017,44.82296667,326.6266667,30.66333333,72.245
20-04-2021 08:00,4,24.245,75.17166667,99.42595,1659.599,39.67883333,455.88,30.285,72.43
20-04-2021 08:00,5,17.24166667,43.70333333,95.9907,1704.293,51.1904,506.0966667,29.93166667,72.77833333
20-04-2021 08:00,6,16.87666667,38.58,96.12156667,1740.965,85.22323333,399.1133333,29.57666667,74.69666667
20-04-2021 09:00,1,21.08666667,50.50333333,98.50988333,898.082,64.01936667,259.38,31.915,67.15666667
20-04-2021 09:00,2,15.965,40.77666667,66.97101667,0.0,15.997,317.4566667,32.06333333,63.26
20-04-2021 09:00,3,22.5490566,0.0,55.8899434,677.6535849,27.12920755,280.7849057,31.5,67.41320755
20-04-2021 09:00,4,22.725,88.02,86.99361667,1116.013,21.61163333,403.48,31.73,65.96833333
20-04-2021 09:00,5,17.42166667,42.77,61.70363333,1590.075,25.7834,530.9866667,31.63333333,65.30166667
20-04-2021 09:00,6,15.99661017,36.81694915,79.85084746,1047.327458,67.05023729,324.1694915,30.55084746,68.60338983
20-04-2021 10:00,1,18.87,44.355,88.04055,836.58,29.95516667,274.6633333,32.80166667,62.04833333
20-04-2021 10:00,2,15.69666667,40.46,78.22555,0.0,11.6684,296.4966667,33.105,58.12333333
20-04-2021 10:00,3,23.93833333,0.0,61.76906667,576.438,23.17996667,269.86,32.61666667,62.37833333
20-04-2021 10:00,4,20.225,48.96,88.59673333,875.353,6.053766667,369.8566667,32.94666667,59.81
20-04-2021 10:00,5,21.14166667,52.17833333,68.86858333,1718.809,14.89916667,599.1066667,32.69833333,59.985
20-04-2021 10:00,6,17.72,39.97666667,97.3648,936.091,59.283,275.5366667,31.24833333,64.44333333
20-04-2021 11:00,1,20.44833333,49.86833333,145.16385,977.156,81.71016667,269.86,32.55166667,61.99666667
20-04-2021 11:00,2,15.50166667,40.15666667,103.2210833,0.0,13.3622,290.82,33.525,55.645
20-04-2021 11:00,3,18.15,0.0,65.53148333,488.769,21.01566667,272.0433333,32.93166667,60.26833333
20-04-2021 11:00,4,25.915,112.4483333,93.20978333,851.86,7.935766667,366.3633333,33.265,57.55666667
20-04-2021 11:00,5,19.42166667,43.28166667,106.4273167,1946.099,24.81103333,618.32,33.07666667,56.445
20-04-2021 11:00,6,17.48474576,40.56271186,100.5787966,1095.304068,53.87623729,330.8305085,32.12033898,59.61694915
20-04-2021 12:00,1,20.565,48.07833333,144.5422333,774.887,80.11046667,251.9566667,32.70833333,60.83
20-04-2021 12:00,2,13.86833333,37.845,75.93538333,0.0,4.171766667,331.43,34.52166667,52.295
20-04-2021 12:00,3,13.77333333,0.0,39.94705,391.741,4.924566667,317.8933333,34.20833333,55.00166667
20-04-2021 12:00,4,19.58166667,44.24666667,89.38193333,639.659,6.932033333,348.46,34.19333333,53.59333333
20-04-2021 12:00,5,16.48,34.20833333,102.1414333,1324.585,29.95516667,515.2666667,33.52666667,54.175
20-04-2021 12:00,6,15.84833333,33.67666667,72.66371667,880.51,25.72066667,318.33,33.40333333,54.89166667
20-04-2021 13:00,1,19.165,46.00166667,121.8368667,641.569,50.814,254.5766667,33.49666667,57.745
20-04-2021 13:00,2,13.19,37.565,69.4902,0.0,2.791633333,355.01,34.85333333,50.94833333
20-04-2021 13:00,3,14.39166667,0.0,31.6043,485.331,0.941,379.9,34.66166667,53.265
20-04-2021 13:00,4,16.62166667,42.42666667,74.23411667,496.791,1.913366667,368.11,34.63333333,51.14166667
20-04-2021 13:00,5,16.26833333,35.88,98.24815,1101.688,26.75576667,489.0666667,33.82,52.69666667
20-04-2021 13:00,6,15.52666667,34.85,69.8828,883.566,20.07466667,352.39,33.885,53.15166667
20-04-2021 14:00,1,19.34666667,46.31166667,108.8156333,606.234,42.09406667,276.8466667,33.92333333,54.86833333
20-04-2021 14:00,2,13.06603774,37.28113208,72.07543396,0.0,2.982792453,366.8,34.78490566,49.68490566
20-04-2021 14:00,3,15.76166667,0.0,67.7235,536.137,12.92306667,348.46,34.525,54.48833333
20-04-2021 14:00,4,17.56,42.91833333,94.4203,553.327,13.86406667,362.4333333,34.56833333,51.91666667
20-04-2021 14:00,5,17.42333333,48.68,118.9905167,1547.482,44.85433333,542.34,33.77333333,53.335
20-04-2021 14:00,6,17.21,43.075,91.4758,1122.507,45.7326,399.9866667,33.89666667,53.48
20-04-2021 15:00,1,25.10166667,69.55833333,196.39815,765.146,105.9252333,224.8833333,33.40333333,58.76166667
20-04-2021 15:00,2,13.79666667,38.435,87.48436667,0.0,13.11126667,363.7433333,34.70666667,50.6
20-04-2021 15:00,3,18.78833333,0.0,66.08766667,564.596,12.64076667,367.2366667,34.31333333,55.33666667
20-04-2021 15:00,4,22.18333333,90.66666667,102.1087167,696.004,19.35323333,377.28,34.10166667,53.64
20-04-2021 15:00,5,17.81833333,71.35333333,122.1313167,1689.395,45.19936667,578.5833333,33.75333333,53.34333333
20-04-2021 15:00,6,17.81166667,47.24166667,96.35058333,1210.558,51.03356667,421.82,33.91666667,53.28
20-04-2021 16:00,1,21.44166667,58.845,140.06005,923.485,98.30313333,309.5966667,33.31,59.06
20-04-2021 16:00,2,20.87333333,50.87166667,180.30155,0.0,80.1732,316.5833333,30.40833333,70.31166667
20-04-2021 16:00,3,26.435,0.0,125.33755,870.578,65.43086667,327.0633333,31.17833333,67.76
20-04-2021 16:00,4,22.94,69.70166667,115.2281,1257.162,57.24416667,431.4266667,32.58166667,61.11333333
20-04-2021 16:00,5,21.08166667,48.63666667,141.23785,2049.43,65.74453333,603.0366667,32.02833333,62.82833333
20-04-2021 16:00,6,21.45833333,53.93166667,141.2705667,1536.404,110.8811667,441.0333333,31.23,66.43
20-04-2021 17:00,1,22.64,59.68333333,170.3229667,1364.886,178.0372,358.94,31.10333333,68.26666667
20-04-2021 17:00,2,26.97333333,57.63,187.0739,0.0,106.0193333,379.9,30.42666667,71.41333333
20-04-2021 17:00,3,34.735,0.0,127.595,1349.988,80.48686667,388.6333333,31.14166667,67.61
20-04-2021 17:00,4,26.41333333,67.865,130.3104833,2141.11,88.20306667,524.4366667,31.745,65.06
20-04-2021 17:00,5,22.56333333,53.34833333,164.9574333,3652.493,95.73106667,672.4666667,31.27,67.145
20-04-2021 17:00,6,24.74,61.55333333,142.8736833,2468.484,133.9356667,595.6133333,30.99333333,68.42833333
20-04-2021 18:00,1,22.66166667,55.67333333,188.15355,1311.597,230.8900333,307.4133333,29.23,78.69666667
20-04-2021 18:00,2,24.59433962,53.78301887,171.0032264,0.0,90.58456604,428.5924528,29.79811321,74.92264151
20-04-2021 18:00,3,42.18,0.0,120.62635,1915.539,87.35616667,491.6866667,30.255,71.03333333
20-04-2021 18:00,4,26.19166667,62.79,125.4029833,2002.253,90.4301,487.7566667,30.62833333,72.26833333
20-04-2021 18:00,5,20.80833333,44.845,161.7839167,2961.455,99.71463333,672.4666667,30.29,73.96333333
20-04-2021 18:00,6,21.81833333,53.54,128.67465,2556.917,132.9319333,610.0233333,30.46,72.72
20-04-2021 19:00,1,18.01666667,44.00166667,164.9574333,1307.013,218.4061,268.55,28.89666667,77.585
20-04-2021 19:00,2,21.68,50.79333333,142.5465167,0.0,91.4652,520.9433333,29.82666667,72.675
20-04-2021 19:00,3,29.76923077,0.0,109.928,2198.336538,86.68057692,546.1692308,31.03461538,70.15
20-04-2021 19:00,4,25.61166667,60.04,128.28205,1895.293,109.0932667,425.3133333,29.89333333,76.24833333
20-04-2021 19:00,5,17.285,36.87166667,145.6218833,3222.361,97.04846667,584.26,30.29333333,73.73833333
20-04-2021 19:00,6,24.315,64.44,124.9776667,5701.732,157.2411,477.7133333,30.455,73.145
20-04-2021 20:00,1,23.21833333,60.87833333,155.4368833,1539.842,222.2642,331.43,28.75666667,81.905
20-04-2021 20:00,2,22.05833333,50.18333333,135.0544,0.0,81.83563333,425.75,29.66666667,75.91166667
20-04-2021 20:00,3,24.685,0.0,99.29508333,2100.236,75.59366667,527.93,30.78833333,72.07333333
20-04-2021 20:00,4,26.48333333,64.24333333,124.9122333,1565.818,112.0103667,353.7,29.72833333,79.57166667
20-04-2021 20:00,5,16.25833333,35.32,132.0771833,2374.894,95.44876667,591.2466667,30.17166667,77.41
20-04-2021 20:00,6,22.99833333,66.75166667,116.1768833,3856.29,148.8034667,358.94,30.21833333,76.43666667
20-04-2021 21:00,1,19.57,46.56166667,137.11555,1042.669,201.8758667,267.24,28.6,85.66166667
20-04-2021 21:00,2,19.43166667,46.04,131.5537167,0.0,73.17843333,338.4166667,29.115,78.095
20-04-2021 21:00,3,22.51,0.0,96.80861667,1403.277,74.18216667,389.07,29.96,76.50666667
20-04-2021 21:00,4,26.61,65.565,107.7032667,1341.202,102.0044,327.0633333,29.64833333,80.71666667
20-04-2021 21:00,5,16.78,35.995,107.1798,1326.113,75.97006667,420.51,29.71166667,78.57833333
20-04-2021 21:00,6,19.295,45.05833333,98.70618333,1559.706,117.3113333,429.68,29.695,78.79833333
20-04-2021 22:00,1,16.40666667,41.97166667,121.1171,862.365,196.8258333,230.1233333,28.59833333,85.98333333
20-04-2021 22:00,2,18.35666667,44.77166667,134.8581,0.0,79.3263,279.9033333,28.72833333,81.28833333
20-04-2021 22:00,3,17.265,0.0,95.27093333,989.571,72.5511,298.68,29.28833333,78.425
20-04-2021 22:00,4,23.66166667,54.83166667,82.90403333,1086.026,68.09703333,297.8066667,29.46833333,78.74333333
20-04-2021 22:00,5,14.75833333,30.91166667,103.2538,946.787,70.8573,350.6433333,29.305,80.41
20-04-2021 22:00,6,17.30666667,40.60833333,97.98641667,1094.43,116.684,315.2733333,29.25,80.19
20-04-2021 23:00,1,17.37166667,45.14166667,116.2096,757.888,194.6929,202.6133333,28.38833333,86.59166667
20-04-2021 23:00,2,16.78333333,41.66833333,128.1184667,0.0,74.37036667,230.1233333,28.31666667,85.03666667
20-04-2021 23:00,3,18.76666667,0.0,91.83568333,796.088,75.21726667,254.5766667,28.80833333,82.26166667
20-04-2021 23:00,4,24.53333333,55.66,82.0534,743.945,66.93646667,241.9133333,29.15333333,81.555
20-04-2021 23:00,5,15.05,31.43333333,100.0475667,583.505,69.88493333,282.0866667,28.92333333,83.255
20-04-2021 23:00,6,18.25666667,40.215,95.72896667,808.694,115.7116333,244.0966667,28.88666667,83.39166667
21-04-2021 00:00,1,16.30666667,40.46,102.95935,596.493,170.6660333,183.4,28.33,87.27666667
21-04-2021 00:00,2,16.65333333,41.44666667,119.1541,0.0,75.0918,224.4466667,28.31,85.81666667
21-04-2021 00:00,3,20.18,0.0,83.91825,625.334,72.39426667,214.4033333,28.39,84.66833333
21-04-2021 00:00,4,27.915,62.56166667,78.29098333,638.704,64.14483333,215.2766667,28.9,82.94166667
21-04-2021 00:00,5,13.87666667,28.91166667,94.55116667,496.791,67.87746667,266.8033333,28.63833333,84.72
21-04-2021 00:00,6,16.88,35.38333333,88.07326667,688.746,112.2299333,211.3466667,28.65166667,84.96333333
21-04-2021 01:00,1,15.16,34.38666667,94.28943333,523.913,158.8408,175.54,28.16333333,87.29
21-04-2021 01:00,2,17.41034483,42.10862069,108.3034483,0.0,71.67824138,211.4068966,28.08103448,86.92241379
21-04-2021 01:00,3,21.46034483,0.0,77.87694828,585.8431034,72.13251724,207.3413793,28.10689655,86.12413793
21-04-2021 01:00,4,27.74166667,61.495,77.30948333,563.068,64.2703,200.43,28.69833333,83.83666667
21-04-2021 01:00,5,13.03,27.085,87.05905,522.194,64.30166667,293.8766667,28.46833333,85.55
21-04-2021 01:00,6,15.66,31.68666667,81.95525,650.355,107.3681,194.7533333,28.50833333,85.83166667
21-04-2021 02:00,1,14.00333333,31.44333333,92.32643333,483.803,149.7758333,162.8766667,28.12666667,87.14333333
21-04-2021 02:00,2,19.37666667,43.93166667,106.29645,0.0,67.97156667,208.7266667,27.83166667,88.24833333
21-04-2021 02:00,3,20.99333333,0.0,73.77608333,545.687,70.98276667,186.4566667,28.055,86.66333333
21-04-2021 02:00,4,23.43833333,51.84,74.92116667,478.073,61.66686667,183.4,28.54833333,84.26666667
21-04-2021 02:00,5,12.22,25.26333333,84.04911667,748.338,61.165,339.7266667,28.375,85.835
21-04-2021 02:00,6,15.92166667,31.91,78.81445,640.423,104.8587667,183.4,28.37333333,86.44166667
21-04-2021 03:00,1,13.5,29.88666667,93.96226667,476.927,154.2926333,158.0733333,28.04333333,87.52166667
21-04-2021 03:00,2,20.34,45.27833333,101.78155,0.0,71.95513333,226.63,27.82333333,88.525
21-04-2021 03:00,3,21.77833333,0.0,71.81308333,546.833,69.634,184.2733333,27.97333333,87.24
21-04-2021 03:00,4,23.65333333,52.46166667,71.58406667,506.532,61.76096667,181.2166667,28.475,84.79333333
21-04-2021 03:00,5,12.01833333,24.95,82.34785,756.933,60.66313333,361.56,28.265,86.47
21-04-2021 03:00,6,15.57166667,31.035,74.82301667,661.624,103.3531667,185.5833333,28.35833333,86.725
21-04-2021 04:00,1,15.99333333,36.85166667,94.0277,524.104,158.7467,165.06,27.90833333,88.49666667
21-04-2021 04:00,2,19.335,44.09,94.32215,0.0,67.87746667,218.77,27.70333333,89.36666667
21-04-2021 04:00,3,27.28666667,0.0,73.08903333,624.952,73.398,206.98,27.49166667,89.71666667
21-04-2021 04:00,4,24.69666667,54.63666667,69.26118333,611.773,61.7296,196.5,28.36666667,85.71833333
21-04-2021 04:00,5,13.34,27.86166667,78.78173333,769.921,62.73333333,327.9366667,28.155,87.27833333
21-04-2021 04:00,6,17.085,34.83,73.6125,777.561,105.5488333,210.4733333,28.23,87.40166667
21-04-2021 05:00,1,16.56166667,38.75833333,90.65788333,739.361,160.9423667,204.7966667,27.40666667,91.125
21-04-2021 05:00,2,25.16333333,51.41,98.50988333,0.0,72.23743333,250.6466667,27.575,89.89
21-04-2021 05:00,3,36.57,0.0,75.80451667,795.515,80.5496,227.94,27.25,90.76166667
21-04-2021 05:00,4,24.97166667,60.325,64.41911667,822.064,62.54513333,230.9966667,28.27333333,84.73833333
21-04-2021 05:00,5,14.19333333,29.71166667,71.02788333,971.044,67.43833333,345.4033333,28.23166667,85.56666667
21-04-2021 05:00,6,18.285,38.80666667,73.08903333,1024.715,113.1709333,248.9,28.125,86.90833333
21-04-2021 06:00,1,19.25166667,46.08,80.0904,1187.256,154.6690333,291.6933333,27.84333333,89.585
21-04-2021 06:00,2,34.87,63.02333333,91.54123333,0.0,70.1045,300.4266667,27.89833333,88.27666667
21-04-2021 06:00,3,47.74,0.0,72.14025,1050.882,79.5145,279.9033333,27.675,88.90666667
21-04-2021 06:00,4,22.05833333,49.51,63.4049,1047.253,57.55783333,273.79,28.6,81.17833333
21-04-2021 06:00,5,15.18166667,31.67166667,69.85008333,1339.483,65.61906667,404.3533333,28.485,82.63
21-04-2021 06:00,6,18.755,39.33,73.44891667,1193.75,109.5951333,288.6366667,28.345,84.97
21-04-2021 07:00,1,18.85666667,43.23166667,64.51726667,1180.571,116.1507667,294.3133333,28.61833333,83.80333333
21-04-2021 07:00,2,29.81166667,57.67,86.01211667,0.0,60.85133333,349.77,28.50666667,85.01
21-04-2021 07:00,3,41.24833333,0.0,66.742,1220.299,69.41443333,341.0366667,28.27166667,86.40833333
21-04-2021 07:00,4,22.15,50.25833333,70.56985,1447.589,56.46,355.01,29.07,79.30333333
21-04-2021 07:00,5,13.85166667,28.83333333,82.70773333,1466.498,63.64296667,435.7933333,28.77333333,82.36833333
21-04-2021 07:00,6,19.19,40.76833333,80.18855,1679.463,106.2702667,418.3266667,28.69166667,83.44
21-04-2021 08:00,1,18.65666667,41.84166667,75.9681,1299.182,89.17543333,310.9066667,29.74666667,77.67
21-04-2021 08:00,2,23.40833333,50.4,81.17005,0.0,47.74006667,292.5666667,29.31833333,81.15166667
21-04-2021 08:00,3,32.90333333,0.0,59.38075,917.755,57.65193333,296.06,29.28166667,82.07333333
21-04-2021 08:00,4,20.065,45.925,74.49585,1362.021,46.8618,348.8966667,30.17666667,74.865
21-04-2021 08:00,5,15.06833333,33.82833333,89.18563333,1547.1,57.71466667,458.0633333,29.675,78.23833333
21-04-2021 08:00,6,18.1,40.12166667,82.446,1464.97,97.0171,355.01,29.24,80.74833333
21-04-2021 09:00,1,18.15,41.455,93.30793333,1128.81,80.70643333,279.4666667,30.45833333,74.02
21-04-2021 09:00,2,17.25,43.43666667,62.97958333,0.0,23.58773333,296.06,30.96666667,72.65166667
21-04-2021 09:00,3,40.87333333,0.0,39.61988333,608.144,34.31513333,262.4366667,30.445,76.20666667
21-04-2021 09:00,4,21.32166667,50.345,73.28533333,1366.987,31.86853333,365.49,30.855,71.58666667
21-04-2021 09:00,5,17.72666667,41.83666667,71.74765,1532.966,39.39653333,485.1366667,30.89666667,71.45666667
21-04-2021 09:00,6,19.21,47.97833333,80.45028333,1469.172,79.29493333,361.1233333,30.29833333,74.47333333
21-04-2021 10:00,1,24.12833333,56.545,102.56675,1076.285,55.20533333,282.5233333,32.08333333,68.51833333
21-04-2021 10:00,2,15.375,40.48,60.98386667,0.0,14.46003333,289.51,31.65166667,69.38333333
21-04-2021 10:00,3,22.43,0.0,41.84461667,554.855,26.4421,247.1533333,31.04166667,73.33
21-04-2021 10:00,4,27.04833333,64.49166667,88.1387,1296.89,29.9238,351.5166667,31.68833333,68.55166667
21-04-2021 10:00,5,18.75,46.27666667,95.14006667,1428.298,44.35246667,459.81,31.48833333,68.94
21-04-2021 10:00,6,20.29,50.25833333,83.75466667,1290.396,70.82593333,345.4033333,30.71166667,72.43333333
21-04-2021 11:00,1,26.31833333,63.16,128.3802,884.521,86.2897,272.0433333,31.93833333,71.4
21-04-2021 11:00,2,14.415,38.845,61.18016667,0.0,9.755033333,288.2,32.56333333,65.035
21-04-2021 11:00,3,19.39666667,0.0,46.68668333,558.675,21.4548,256.3233333,31.43833333,70.945
21-04-2021 11:00,4,24.06833333,55.62166667,75.67365,987.661,20.6079,333.6133333,32.325,65.91666667
21-04-2021 11:00,5,20.26666667,44.36,69.06488333,1054.129,23.30543333,451.95,32.48833333,65.56666667
21-04-2021 11:00,6,21.6862069,49.66896552,87.45503448,1090.675862,68.33606897,305.3655172,31.40517241,69.75862069
21-04-2021 12:00,1,20.005,47.68333333,107.1798,689.51,72.77066667,242.35,31.945,69.68166667
21-04-2021 12:00,2,12.04333333,35.71333333,56.76341667,0.0,4.579533333,292.5666667,33.64666667,59.335
21-04-2021 12:00,3,14.29622642,0.0,41.03781132,540.7822642,17.32860377,264.4716981,33.04150943,62.78679245
21-04-2021 12:00,4,17.05833333,38.355,51.39788333,686.072,12.9858,331.43,34.86666667,57.405
21-04-2021 12:00,5,17.05,35.82833333,79.59965,1087.554,27.53993333,449.33,32.74833333,63.22166667
21-04-2021 12:00,6,14.96833333,32.62333333,75.11746667,975.246,53.2606,296.9333333,32.31166667,64.27833333
21-04-2021 13:00,1,17.50166667,40.99666667,103.8427,646.535,86.25833333,230.9966667,32.145,67.11333333
21-04-2021 13:00,2,12.74,36.89666667,54.50596667,0.0,0.219566667,334.4866667,34.505,56.03833333
21-04-2021 13:00,3,16.43333333,0.0,22.99981667,539.384,0.125466667,329.2466667,33.99333333,58.59333333
21-04-2021 13:00,4,15.6,35.435,55.58561667,721.407,5.959666667,334.9233333,33.585,59.065
21-04-2021 13:00,5,16.63166667,42.10833333,93.56966667,962.831,33.4996,416.1433333,32.98833333,60.76166667
21-04-2021 13:00,6,14.935,33.33333333,58.36653333,854.534,21.4548,311.3433333,33.31666667,59.525
21-04-2021 14:00,1,15.925,38.82333333,124.4542,790.549,123.4278333,228.3766667,31.66666667,68.00333333
21-04-2021 14:00,2,14.33666667,38.88833333,104.13715,0.0,16.2793,300.8633333,33.32833333,58.74333333
21-04-2021 14:00,3,14.92641509,0.0,64.29750943,595.7037736,21.09260377,288.6943396,32.53584906,62.76037736
21-04-2021 14:00,4,18.36833333,43.41833333,90.59245,1049.163,34.4406,352.39,33.05166667,60.79666667
21-04-2021 14:00,5,18.435,47.08666667,129.7543,886.622,49.08883333,358.0666667,32.6,62.05666667
21-04-2021 14:00,6,15.38166667,36.25333333,97.65925,878.791,60.63176667,282.0866667,32.77333333,61.205
21-04-2021 15:00,1,18.24333333,46.49333333,148.0429167,942.203,148.3329667,240.6033333,31.495,69.72833333
21-04-2021 15:00,2,16.24833333,41.74666667,129.06725,0.0,32.2763,282.96,32.76,60.92333333
21-04-2021 15:00,3,22.81833333,0.0,102.6321833,757.888,50.4376,262.4366667,31.975,66.26833333
21-04-2021 15:00,4,24.54166667,63.55166667,102.6976167,1396.401,48.96336667,395.1833333,32.73833333,62.275
21-04-2021 15:00,5,27.245,151.0,143.5280167,1320.956,60.28673333,414.3966667,32.49,63.375
21-04-2021 15:00,6,18.26333333,43.96333333,112.38175,1114.103,79.67133333,317.02,32.53,61.98166667
21-04-2021 16:00,1,20.58333333,52.36833333,152.42695,957.101,146.4196,247.59,30.75333333,72.71666667
21-04-2021 16:00,2,19.77627119,47.58813559,138.5079492,0.0,47.24138983,394.7762712,32.54915254,62.50338983
21-04-2021 16:00,3,23.07666667,0.0,88.20413333,788.066,46.8618,282.96,31.93833333,65.63666667
21-04-2021 16:00,4,29.47333333,74.20333333,110.8440667,1409.771,56.46,386.0133333,32.27333333,65.23833333
21-04-2021 16:00,5,20.71833333,64.45333333,135.5124333,1453.51,64.1762,439.7233333,32.26,64.03833333
21-04-2021 16:00,6,19.785,50.44833333,118.9250833,1846.206,96.10746667,484.7,32.42833333,63.23666667
21-04-2021 17:00,1,17.40666667,39.305,147.8793333,772.404,161.0364667,241.4766667,29.48333333,82.20166667
21-04-2021 17:00,2,21.695,48.71,162.4055333,0.0,75.5623,359.8133333,30.45166667,75.46333333
21-04-2021 17:00,3,24.63666667,0.0,101.4216667,1112.766,61.7296,345.4033333,31.17833333,71.87833333
21-04-2021 17:00,4,24.105,56.625,118.1726,997.402,80.11046667,305.6666667,30.45166667,77.555
21-04-2021 17:00,5,16.51166667,35.95,137.3445667,1185.728,76.81696667,413.0866667,30.46833333,76.99333333
21-04-2021 17:00,6,20.3,49.16833333,122.4257667,1783.367,121.2321667,483.8266667,30.72166667,75.78333333
21-04-2021 18:00,1,14.41,32.28666667,120.0701667,753.113,151.9715,220.9533333,29.02833333,82.66166667
21-04-2021 18:00,2,19.025,45.59833333,142.8409667,0.0,77.94616667,329.2466667,29.52166667,76.38166667
21-04-2021 18:00,3,19.44666667,0.0,92.8499,1045.152,66.1523,313.9633333,29.82833333,75.90333333
21-04-2021 18:00,4,23.685,55.18833333,100.60375,1128.428,74.55856667,305.23,29.97333333,77.16333333
21-04-2021 18:00,5,15.78166667,32.89,118.6960667,1160.325,70.6691,379.9,29.90833333,76.30166667
21-04-2021 18:00,6,18.92833333,42.56166667,107.3761,1395.637,114.6765333,370.2933333,29.89,76.60666667
21-04-2021 19:00,1,14.25333333,32.18166667,114.5737667,929.406,157.5547667,237.11,28.75833333,82.60666667
21-04-2021 19:00,2,20.40333333,47.56166667,121.9677333,0.0,70.0104,330.9933333,29.26666667,76.565
21-04-2021 19:00,3,18.62166667,0.0,79.53421667,1064.634,63.7057,310.0333333,29.56833333,74.55
21-04-2021 19:00,4,27.12833333,63.43166667,88.62945,1386.278,70.51226667,342.7833333,29.90166667,75.75333333
21-04-2021 19:00,5,16.9,35.41166667,104.8896333,1458.858,67.62653333,428.37,29.76,75.25833333
21-04-2021 19:00,6,19.49333333,45.17833333,93.50423333,1725.303,109.2814667,428.8066667,29.79833333,75.49833333
21-04-2021 20:00,1,16.55833333,39.43833333,109.3063833,990.908,159.6877,255.8866667,28.52666667,84.42833333
21-04-2021 20:00,2,17.31730769,42.89615385,116.53425,0.0,70.53880769,293.2384615,28.91730769,78.31346154
21-04-2021 20:00,3,19.58833333,0.0,73.6125,946.405,64.30166667,287.3266667,29.18,77.01833333
21-04-2021 20:00,4,24.73333333,57.06166667,77.27676667,1338.528,61.22773333,342.7833333,29.66333333,75.15666667
21-04-2021 20:00,5,15.645,32.9,98.86976667,1106.654,64.30166667,369.8566667,29.29833333,76.87
21-04-2021 20:00,6,17.595,40.11,90.4943,1274.352,107.4935667,330.9933333,29.29333333,77.14
21-04-2021 21:00,1,16.565,42.55,92.29371667,859.691,155.7668667,222.7,28.655,82.02833333
21-04-2021 21:00,2,17.69333333,42.63,118.5652,0.0,71.95513333,258.9433333,28.63,80.93333333
21-04-2021 21:00,3,19.36551724,0.0,74.86475862,2356.808276,65.9997931,287.3266667,28.69655172,80.36206897
21-04-2021 21:00,4,22.59,52.94,78.19283333,1695.507,68.53616667,455.0066667,29.47166667,77.28166667
21-04-2021 21:00,5,14.695,30.63,98.08456667,1058.904,69.0694,359.3766667,29.04666667,79.45166667
21-04-2021 21:00,6,16.43166667,35.035,88.95661667,1041.332,108.9678,282.5233333,29.09666667,79.63
21-04-2021 22:00,1,17.07833333,42.25166667,98.60803333,801.627,164.8632,216.15,28.29833333,84.06666667
21-04-2021 22:00,2,18.93166667,44.20333333,113.0033667,0.0,71.54736667,244.97,28.46,82.48833333
21-04-2021 22:00,3,19.47666667,0.0,80.8756,950.607,73.9626,254.14,28.825,80.29
21-04-2021 22:00,4,21.52333333,49.15166667,77.3422,950.225,66.3405,275.5366667,29.08833333,79.76666667
21-04-2021 22:00,5,13.69,28.35833333,91.70481667,768.011,66.84236667,305.6666667,28.835,81.21166667
21-04-2021 22:00,6,17.52075472,39.99622642,85.26086792,1075.077736,116.1513585,293.1433962,28.96037736,80.99433962
21-04-2021 23:00,1,16.90833333,41.80833333,100.80005,674.039,167.1843333,189.95,27.79333333,87.17166667
21-04-2021 23:00,2,19.88833333,45.39166667,100.8982,0.0,70.04176667,234.49,28.365,83.31333333
21-04-2021 23:00,3,20.49666667,0.0,67.36361667,837.917,61.6355,229.6866667,28.685,80.355
21-04-2021 23:00,4,27.98666667,62.58833333,75.47735,811.177,64.77216667,246.28,28.82666667,80.93833333
21-04-2021 23:00,5,15.28166667,31.86833333,85.45593333,527.733,61.47866667,270.2966667,28.62333333,82.07333333
21-04-2021 23:00,6,17.65333333,37.94166667,76.32798333,749.293,105.2351667,228.3766667,28.68833333,82.22666667
22-04-2021 00:00,1,17.85833333,44.48,97.1685,771.258,172.9244333,201.74,27.62666667,88.31
22-04-2021 00:00,2,16.98,41.615,93.14435,0.0,68.72436667,216.5866667,28.235,82.465
22-04-2021 00:00,3,24.24333333,0.0,66.18581667,736.687,61.2591,206.98,28.18333333,81.93833333
22-04-2021 00:00,4,20.85166667,46.02333333,67.49448333,770.112,57.1187,237.9833333,28.85666667,79.27166667
22-04-2021 00:00,5,14.03333333,29.185,76.3607,466.804,58.59293333,254.5766667,28.59666667,80.88166667
22-04-2021 00:00,6,16.62833333,34.845,72.79458333,523.531,106.333,193.88,28.66,81.06333333
22-04-2021 01:00,1,15.38833333,34.87666667,86.04483333,637.367,157.9939,179.0333333,27.585,86.79833333
22-04-2021 01:00,2,15.93833333,40.13333333,92.81718333,0.0,68.5989,209.1633333,27.925,84.085
22-04-2021 01:00,3,27.115,0.0,73.08903333,692.184,68.1284,186.02,27.77333333,83.86166667
22-04-2021 01:00,4,18.99833333,41.65166667,67.3309,585.224,59.0007,205.67,28.65666667,80.415
22-04-2021 01:00,5,13.40833333,27.79,83.29663333,628.199,64.20756667,293.44,28.46833333,81.77666667
22-04-2021 01:00,6,14.84833333,29.99,75.05203333,488.005,110.2538333,182.9633333,28.49,82.015
22-04-2021 02:00,1,18.57833333,43.19,85.16148333,703.071,155.5159333,194.3166667,27.43833333,87.345
22-04-2021 02:00,2,15.25333333,39.49,92.88261667,0.0,70.98276667,215.7133333,27.83166667,84.97166667
22-04-2021 02:00,3,37.03666667,0.0,64.61541667,784.819,67.4697,208.7266667,28.355,82.39166667
22-04-2021 02:00,4,19.22166667,42.19666667,64.9753,610.627,60.34946667,204.36,28.46833333,81.68166667
22-04-2021 02:00,5,13.205,27.45833333,74.29955,1075.903,60.81996667,412.2133333,28.42,82.40666667
22-04-2021 02:00,6,14.79833333,30.67,73.15446667,536.137,112.8886333,186.4566667,28.38666667,82.895
22-04-2021 03:00,1,9.758333333,25.18,115.5879833,506.532,107.1171667,99.99666667,24.835,90.625
22-04-2021 03:00,2,17.99166667,42.455,85.75038333,0.0,63.86253333,234.49,28.105,83.33666667
22-04-2021 03:00,3,24.08166667,0.0,38.21306667,713.385,34.03283333,197.81,28.47666667,78.68
22-04-2021 03:00,4,14.835,37.56,68.9013,566.888,42.69003333,164.6233333,27.00166667,83.04833333
22-04-2021 03:00,5,11.18833333,23.36666667,78.25826667,794.178,48.96336667,332.3033333,27.82833333,81.59
22-04-2021 03:00,6,13.94,30.925,71.71493333,514.363,98.20903333,175.9766667,28.01833333,82.775
22-04-2021 04:00,1,8.603333333,18.08166667,152.2633667,585.606,176.3747667,99.99666667,23.74333333,96.85666667
22-04-2021 04:00,2,9.426666667,32.34333333,118.1398833,0.0,59.9417,179.0333333,25.86166667,87.43833333
22-04-2021 04:00,3,6.693333333,0.0,103.0575,651.119,72.01786667,124.8866667,24.555,92.18833333
22-04-2021 04:00,4,16.8,36.84,118.66335,578.73,74.2449,114.4066667,24.56666667,92.835
22-04-2021 04:00,5,7.988333333,16.685,141.336,304.645,71.7042,141.9166667,24.54666667,94.00666667
22-04-2021 04:00,6,9.158333333,15.85166667,113.6249833,852.433,134.4375333,180.3433333,25.33,92.58666667
22-04-2021 05:00,1,8.683333333,20.025,135.2834167,674.803,164.9886667,120.9566667,23.775,96.42833333
22-04-2021 05:00,2,11.3,34.34666667,143.8224667,0.0,91.21426667,251.0833333,25.62166667,88.82
22-04-2021 05:00,3,7.59,0.0,120.8553667,1024.715,97.3935,173.3566667,24.82666667,91.55166667
22-04-2021 05:00,4,25.49166667,55.445,115.7842833,770.303,83.68626667,148.4666667,24.645,92.81333333
22-04-2021 05:00,5,8.791666667,18.10666667,134.8908167,586.561,85.03503333,175.54,24.84833333,93.16666667
22-04-2021 05:00,6,11.28833333,20.88833333,111.8255667,1684.047,147.3606,339.7266667,25.51833333,91.76833333
22-04-2021 07:00,1,17.67666667,43.085,136.3957833,1642.218,183.5577333,279.03,24.235,94.38
22-04-2021 07:00,2,16.14666667,41.57166667,135.54515,0.0,86.9484,342.7833333,25.43166667,88.67
22-04-2021 07:00,3,20.14333333,0.0,91.77025,2651.271,82.30613333,518.3233333,26.83666667,84.63666667
22-04-2021 07:00,4,26.56166667,60.465,118.8923667,1817.365,97.73853333,320.5133333,25.5,89.49666667
22-04-2021 07:00,5,12.29666667,25.765,150.6929667,3401.71,100.4047,650.6333333,25.64833333,88.68333333
22-04-2021 07:00,6,17.88833333,43.19666667,119.8738667,5093.015,159.3426667,288.6366667,25.92166667,88.20166667
22-04-2021 08:00,1,27.01833333,76.38666667,147.9774833,1754.335,180.3897,295.1866667,25.14666667,89.82
22-04-2021 08:00,2,27.78833333,56.54833333,128.3802,0.0,70.44953333,496.9266667,27.66666667,80.36666667
22-04-2021 08:00,3,35.655,0.0,67.29818333,2666.742,52.25686667,529.6766667,27.95333333,80.41
22-04-2021 08:00,4,38.33166667,93.22,130.3432,2512.414,83.5608,467.2333333,26.3,85.05
22-04-2021 08:00,5,17.73833333,40.54833333,191.49065,4742.912,95.5115,435.7933333,26.85833333,84.01333333
22-04-2021 08:00,6,27.385,68.65833333,159.5919,6864.731,183.0558667,418.3266667,27.33666667,83.94166667
22-04-2021 09:00,1,32.97666667,90.975,167.6402,1605.355,179.2918667,276.8466667,26.89,85.31166667
22-04-2021 09:00,2,39.02833333,72.14333333,167.4439,0.0,52.28823333,637.5333333,30.14,72.02333333
22-04-2021 09:00,3,62.37833333,0.0,140.6162333,3138.894,70.16723333,621.3766667,29.225,77.23833333
22-04-2021 09:00,4,51.90666667,130.5466667,170.09395,2750.209,86.69746667,470.29,28.27666667,77.62166667
22-04-2021 09:00,5,37.42333333,90.295,236.3124833,4824.66,92.65713333,458.0633333,28.82666667,77.59333333
22-04-2021 09:00,6,43.43666667,110.9316667,205.9514167,5850.521,146.9842,355.01,29.04333333,77.21666667
22-04-2021 10:00,1,42.03181818,113.0363636,200.6721364,1812.242727,144.9995455,252.4727273,27.06818182,84.23636364
22-04-2021 10:00,2,28.73,58.93833333,157.4980333,0.0,45.32483333,377.28,30.505,71.95666667
22-04-2021 10:00,3,52.52666667,0.0,120.82265,2373.175,43.78786667,534.9166667,30.405,74.31333333
22-04-2021 10:00,4,39.46333333,98.45,142.9064,1656.161,60.7886,324.0066667,29.45,74.04666667
22-04-2021 10:00,5,29.12166667,70.91333333,194.9913333,2294.865,76.37783333,503.04,29.13,75.94333333
22-04-2021 10:00,6,37.91666667,95.43166667,189.4949333,3613.529,114.3628667,361.1233333,30.06,74.19833333
22-04-2021 11:00,1,32.72820513,87.88205128,170.328,1103.686154,37.1574359,182.7282051,31.38205128,70.42051282
22-04-2021 11:00,2,23.27333333,51.60833333,202.87605,0.0,59.7535,296.06,29.83166667,73.855
22-04-2021 11:00,3,62.345,0.0,176.7027167,2450.721,85.4428,482.9533333,28.90333333,77.37333333
22-04-2021 11:00,4,37.4,99.84333333,167.4439,1013.446,49.84163333,217.46,30.67,70.91833333
22-04-2021 11:00,5,21.03333333,47.62833333,171.46805,1380.357,57.05596667,382.0833333,29.92,72.86833333
22-04-2021 11:00,6,24.91034483,61.7137931,156.3631034,2302.076897,103.9967241,577.7551724,30.30517241,73.01034483
22-04-2021 12:00,1,22.21960784,52.77647059,166.3546275,917.6988235,66.7187451,163.3647059,31.79215686,69.34705882
22-04-2021 12:00,2,18.84166667,44.55166667,190.5745833,0.0,81.23966667,251.52,29.41166667,77.075
22-04-2021 12:00,3,39.25666667,0.0,163.3216,1663.801,72.01786667,372.4766667,30.24666667,75.45
22-04-2021 12:00,4,27.49166667,66.225,144.4440833,846.703,25.94023333,235.8,31.48833333,68.81166667
22-04-2021 12:00,5,18.405,40.83333333,168.71985,1667.812,54.73483333,433.1733333,30.64166667,70.77
22-04-2021 12:00,6,18.26,42.385,163.1907333,2143.02,128.4778667,531.4233333,29.55,77.78833333
22-04-2021 13:00,1,22.59302326,54.84651163,211.6844419,1016.74186,82.72046512,135.8744186,32.05581395,67.85116279
22-04-2021 13:00,2,17.03207547,42.76603774,109.1872453,0.0,30.0054717,307.9735849,31.98679245,67.16792453
22-04-2021 13:00,3,25.58833333,0.0,108.5211833,1248.567,26.78713333,387.76,32.03,69.38333333
22-04-2021 13:00,4,18.85666667,47.14666667,120.6590667,1024.906,19.0082,306.54,32.605,63.695
22-04-2021 13:00,5,13.97833333,31.12333333,113.7885667,1478.722,30.89616667,489.5033333,32.04166667,64.06
22-04-2021 13:00,6,15.09666667,36.20166667,103.54825,1618.152,63.76843333,490.3766667,31.73166667,68.04333333
22-04-2021 14:00,1,17.02333333,41.085,158.7739833,1091.374,54.45253333,217.0233333,33.48666667,60.72333333
22-04-2021 14:00,2,18.04333333,44.57333333,79.59965,0.0,7.088866667,385.14,33.53833333,61.21666667
22-04-2021 14:00,3,28.6,0.0,67.23275,968.179,2.854366667,384.7033333,32.82166667,65.57666667
22-04-2021 14:00,4,15.39833333,35.02833333,93.73325,935.518,10.10006667,338.8533333,33.04333333,60.86666667
22-04-2021 14:00,5,15.72333333,35.675,129.65615,1405.378,37.85956667,480.3333333,32.885,60.82333333
22-04-2021 14:00,6,17.90666667,40.03333333,79.17433333,816.907,12.6094,381.6466667,33.135,61.33166667
22-04-2021 15:00,1,17.695,43.96166667,205.82055,1345.213,120.8557667,246.7166667,32.27833333,65.08666667
22-04-2021 15:00,2,28.435,57.98,128.1184667,0.0,28.63776667,335.36,32.475,64.07666667
22-04-2021 15:00,3,33.37,0.0,89.80725,1058.14,13.4563,354.1366667,32.45833333,64.56166667
22-04-2021 15:00,4,29.02833333,103.7383333,135.2179833,976.583,33.7819,311.78,32.99,63.08166667
22-04-2021 15:00,5,21.60754717,60.16037736,158.9659623,1845.492453,57.31222642,534.3811321,32.51509434,63.56415094
22-04-2021 15:00,6,28.60666667,70.39833333,144.9021167,1123.844,71.10823333,384.2666667,32.12166667,65.79666667
22-04-2021 16:00,1,24.52881356,61.81525424,197.364678,1425.31322,116.1417288,268.2169492,32.52542373,65.61864407
22-04-2021 16:00,2,17.53965517,43.95517241,94.224,0.0,37.25062069,356.862069,31.12241379,66.59827586
22-04-2021 16:00,3,29.23833333,0.0,119.7757167,969.707,53.88793333,286.89,30.94666667,68.735
22-04-2021 16:00,4,35.88833333,111.035,150.9874167,1502.406,55.9895,393.0,32.67833333,64.455
22-04-2021 16:00,5,26.535,62.88166667,162.5364,2296.202,57.08733333,613.5166667,32.135,64.53333333
22-04-2021 16:00,6,24.43666667,58.17333333,138.09705,1272.251,94.5705,393.8733333,31.43833333,66.255
22-04-2021 17:00,1,25.71833333,65.45666667,219.0708,1885.17,189.2978333,333.1766667,29.55333333,78.50333333
22-04-2021 17:00,2,19.635,48.835,154.6844,0.0,87.45026667,355.4466667,29.05666667,76.23333333
22-04-2021 17:00,3,25.68333333,0.0,112.5453333,1340.438,72.30016667,345.4033333,29.35833333,74.56
22-04-2021 17:00,4,18.38,47.21333333,93.37336667,1846.779,51.62953333,502.1666667,31.35666667,65.01666667
22-04-2021 17:00,5,17.27333333,39.69,133.8438833,2858.888,80.20456667,613.5166667,30.74833333,68.99333333
22-04-2021 17:00,6,18.21833333,45.21333333,119.4812667,1752.234,124.6825,498.6733333,30.33166667,70.96
22-04-2021 18:00,1,15.45740741,34.69074074,233.851463,1848.667778,276.654,301.7851852,26.16296296,94.27592593
22-04-2021 18:00,2,18.53833333,45.79333333,151.0855667,0.0,97.2053,368.9833333,28.125,80.79
22-04-2021 18:00,3,24.535,0.0,121.706,1427.916,90.46146667,352.8266667,27.95833333,81.70833333
22-04-2021 18:00,4,24.185,58.05666667,118.66335,2263.35,89.64593333,544.0866667,29.30333333,77.14833333
22-04-2021 18:00,5,17.34666667,48.51333333,142.4810833,2039.307,91.5593,534.48,29.00833333,76.65166667
22-04-2021 18:00,6,17.53833333,40.67666667,117.09295,1310.451,135.0648667,390.38,28.855,78.09333333
22-04-2021 19:00,1,15.40363636,34.90363636,184.7004545,2547.037091,252.4617455,450.1636364,26.4,95.56
22-04-2021 19:00,2,17.87666667,44.51333333,121.0843833,0.0,85.78783333,321.3866667,28.01,79.545
22-04-2021 19:00,3,21.63666667,0.0,125.2394,1329.742,101.3770667,305.6666667,26.88666667,87.975
22-04-2021 19:00,4,20.61166667,48.72,102.95935,2002.826,90.02233333,465.9233333,28.8,76.98833333
22-04-2021 19:00,5,13.89666667,30.00833333,122.6220667,1768.469,83.68626667,476.84,28.69666667,76.08333333
22-04-2021 19:00,6,15.57,36.08833333,106.002,1625.983,135.504,424.8766667,28.38333333,78.75833333
22-04-2021 20:00,1,22.09333333,54.65666667,148.0102,2837.687,214.4852667,511.3366667,26.51666667,94.225
22-04-2021 20:00,2,24.44666667,53.00166667,103.7118333,0.0,81.1142,311.78,27.90333333,80.895
22-04-2021 20:00,3,36.68,0.0,97.72468333,1400.221,91.81023333,306.1033333,27.50166667,84.41666667
22-04-2021 20:00,4,28.13,67.59333333,96.9722,2094.506,94.1941,474.6566667,28.53166667,79.05833333
22-04-2021 20:00,5,17.14,36.85,106.6563333,2343.761,84.69,571.5966667,29.06333333,75.445
22-04-2021 20:00,6,21.20833333,50.015,97.26665,1881.923,137.6055667,473.3466667,28.37166667,78.95666667
22-04-2021 21:00,1,29.56833333,73.22666667,115.5879833,1787.951,169.5054667,360.25,26.48666667,93.35333333
22-04-2021 21:00,2,28.45833333,57.61166667,99.81855,0.0,76.94243333,286.4533333,27.68666667,82.63166667
22-04-2021 21:00,3,31.9637931,0.0,87.59041379,1110.434483,85.7607931,261.0965517,27.34482759,85.43448276
22-04-2021 21:00,4,36.15833333,87.55333333,88.89118333,1351.516,83.90583333,352.39,28.08,81.63666667
22-04-2021 21:00,5,22.32166667,50.46333333,99.1315,1651.195,80.2673,467.67,28.65333333,78.91
22-04-2021 21:00,6,23.98333333,57.505,94.74746667,1111.429,131.2381333,330.5566667,27.77166667,83.04666667
22-04-2021 22:00,1,27.29333333,67.23833333,105.5439667,1457.903,152.2851667,297.37,26.35333333,92.86166667
22-04-2021 22:00,2,19.09833333,44.94166667,91.21406667,0.0,61.51003333,240.6033333,27.48333333,79.66
22-04-2021 22:00,3,18.46666667,0.0,59.51161667,770.876,55.92676667,186.4566667,27.27166667,80.14
22-04-2021 22:00,4,29.60833333,68.45833333,80.483,918.328,68.56753333,268.1133333,27.85833333,79.87333333
22-04-2021 22:00,5,18.33333333,39.33333333,89.34921667,1077.049,66.77963333,360.6866667,28.34,78.62666667
22-04-2021 22:00,6,18.78666667,44.64,87.5498,1041.905,114.0178333,286.4533333,27.565,80.56833333
22-04-2021 23:00,1,29.93833333,75.75666667,115.9478667,1563.335,182.5853667,309.5966667,26.25,94.51666667
22-04-2021 23:00,2,19.09166667,44.90666667,92.98076667,0.0,64.67806667,225.32,27.60333333,77.25
22-04-2021 23:00,3,20.62833333,0.0,79.53421667,853.961,73.4921,202.1766667,27.11166667,80.045
22-04-2021 23:00,4,29.54833333,68.76166667,81.79166667,1118.114,74.6213,282.96,27.81333333,79.49
22-04-2021 23:00,5,13.98666667,29.52666667,91.93383333,791.122,61.38456667,282.96,28.11666667,74.68333333
22-04-2021 23:00,6,15.22666667,36.02166667,83.0349,886.049,112.8886333,244.5333333,27.76666667,77.25166667
23-04-2021 00:00,1,33.46833333,82.60666667,115.71885,1500.114,186.2552667,298.2433333,26.14166667,95.15333333
23-04-2021 00:00,2,20.23833333,47.83,104.5951833,0.0,83.34123333,248.0266667,27.21666667,81.695
23-04-2021 00:00,3,15.65833333,0.0,86.11026667,940.866,82.18066667,211.7833333,27.43,80.35166667
23-04-2021 00:00,4,32.62,75.57666667,86.79731667,1023.187,84.43906667,262.0,27.49833333,83.27833333
23-04-2021 00:00,5,19.34666667,42.18666667,105.5766833,922.912,78.73033333,305.6666667,27.68666667,78.90833333
23-04-2021 00:00,6,15.93666667,39.63666667,84.08183333,920.62,122.5182,248.4633333,27.72166667,78.40166667
23-04-2021 01:00,1,49.02666667,119.9516667,114.6064833,1473.947,181.8325667,296.9333333,25.795,95.70666667
23-04-2021 01:00,2,24.95,52.85166667,95.33636667,0.0,78.2912,233.6166667,26.75666667,84.305
23-04-2021 01:00,3,84.72833333,0.0,62.4234,1029.681,73.17843333,230.9966667,27.05666667,81.91666667
23-04-2021 01:00,4,41.83,98.12166667,94.12585,988.998,99.11866667,247.1533333,27.25,86.085
23-04-2021 01:00,5,20.95,46.36666667,98.47716667,1686.53,86.13286667,482.5166667,27.83833333,78.76333333
23-04-2021 01:00,6,20.59,49.23666667,76.58971667,895.026,121.2008,247.1533333,27.45666667,79.7
23-04-2021 02:00,1,44.80333333,112.2783333,108.0304333,1451.218,172.0148,303.0466667,25.595,95.84166667
23-04-2021 02:00,2,33.93333333,63.08333333,103.2865167,0.0,89.42636667,278.1566667,26.57666667,84.11833333
23-04-2021 02:00,3,69.22833333,0.0,54.93128333,874.398,60.0358,221.39,27.38833333,80.53333333
23-04-2021 02:00,4,48.69,115.7633333,86.92818333,1135.495,94.5705,277.2833333,27.03333333,87.52333333
23-04-2021 02:00,5,32.35,73.42166667,85.06333333,1078.004,80.23593333,353.2633333,27.535,78.99333333
23-04-2021 02:00,6,47.25666667,112.29,80.15583333,876.117,136.5391,241.04,26.85666667,83.915
23-04-2021 03:00,1,39.69333333,100.6566667,98.08456667,1314.653,155.2963667,299.5533333,25.33333333,96.52666667
23-04-2021 03:00,2,42.24,73.59,95.10735,0.0,80.01636667,248.4633333,25.98833333,86.31
23-04-2021 03:00,3,83.03,0.0,68.5087,917.373,69.19486667,211.7833333,26.025,84.69666667
23-04-2021 03:00,4,70.29333333,166.5733333,86.04483333,1693.406,93.56676667,421.3833333,26.53666667,90.965
23-04-2021 03:00,5,37.29166667,84.57666667,91.44308333,1942.47,89.70866667,590.3733333,27.31666667,80.65833333
23-04-2021 03:00,6,40.29,92.84,75.60821667,773.168,120.448,226.63,26.85666667,81.85166667
23-04-2021 04:00,1,31.99666667,76.285,97.39751667,1163.954,151.1873333,246.7166667,25.465,95.835
23-04-2021 04:00,2,23.895,49.54833333,94.94376667,0.0,77.00516667,199.12,26.045,85.81
23-04-2021 04:00,3,45.055,0.0,66.18581667,850.332,70.63773333,195.19,26.12166667,85.16
23-04-2021 04:00,4,74.05333333,180.0366667,76.19711667,3221.788,84.2195,515.7033333,26.455,89.585
23-04-2021 04:00,5,22.58833333,49.09833333,87.12448333,1215.906,79.10673333,412.2133333,26.93166667,81.02333333
23-04-2021 04:00,6,30.27333333,68.12166667,86.86275,801.436,128.8542667,216.15,26.40333333,84.20666667
23-04-2021 05:00,1,36.78666667,87.26666667,93.2425,1197.761,146.8273667,249.7733333,25.42166667,96.25666667
23-04-2021 05:00,2,20.645,46.455,93.27521667,0.0,78.16573333,252.3933333,26.365,84.03166667
23-04-2021 05:00,3,69.69166667,0.0,54.70226667,1177.324,69.85356667,250.21,26.03166667,85.58166667
23-04-2021 05:00,4,79.74166667,194.0283333,75.28105,2811.329,82.46296667,462.8666667,26.18166667,89.815
23-04-2021 05:00,5,22.165,47.695,99.58953333,1357.246,83.8431,381.21,27.05833333,80.37333333
23-04-2021 05:00,6,21.26666667,54.72833333,87.48436667,1911.528,137.8251333,432.7366667,26.64833333,83.18
23-04-2021 06:00,1,43.48833333,106.1683333,92.39186667,1529.91,152.1597,304.7933333,25.89166667,94.7
23-04-2021 06:00,2,24.43833333,50.885,80.8756,0.0,68.15976667,330.9933333,28.42333333,75.55333333
23-04-2021 06:00,3,27.225,0.0,74.92116667,1215.524,70.575,264.1833333,27.02166667,81.065
23-04-2021 06:00,4,61.40666667,159.8183333,71.2569,2347.772,74.30763333,458.9366667,27.08333333,83.73166667
23-04-2021 06:00,5,21.11833333,45.385,107.6378333,3452.898,87.85803333,695.61,27.485,78.52333333
23-04-2021 06:00,6,20.62666667,45.66666667,90.52701667,1726.64,120.9498667,389.07,26.975,80.58
23-04-2021 07:00,1,47.21333333,113.4416667,118.9250833,2143.02,150.0267667,366.8,27.45166667,86.12833333
23-04-2021 07:00,2,17.52833333,43.78666667,50.87441667,0.0,34.37786667,346.2766667,29.37,71.60666667
23-04-2021 07:00,3,31.61,0.0,68.37783333,1410.535,56.33453333,310.9066667,27.81,78.61666667
23-04-2021 07:00,4,26.21666667,61.51,79.14161667,1878.103,48.33603333,432.3,28.63,75.43166667
23-04-2021 07:00,5,16.75,35.13666667,112.3163167,2555.58,71.2337,589.9366667,28.57333333,74.23833333
23-04-2021 07:00,6,22.84,53.46666667,108.3903167,2760.141,118.5032667,595.6133333,27.97,77.12166667
23-04-2021 08:00,1,48.71333333,115.4016667,158.9375667,2297.921,152.8184,381.6466667,28.68333333,81.275
23-04-2021 08:00,2,15.57833333,41.655,41.64831667,0.0,16.68706667,324.0066667,31.025,65.37333333
23-04-2021 08:00,3,20.16333333,0.0,71.35505,939.529,53.76246667,238.8566667,28.75833333,75.38
23-04-2021 08:00,4,31.4,88.42,98.80433333,2072.541,36.00893333,480.77,30.21333333,69.74666667
23-04-2021 08:00,5,18.975,42.32333333,111.3348167,2458.934,62.04326667,611.77,30.135,68.12
23-04-2021 08:00,6,22.015,52.35,113.2651,1903.888,101.7221,438.85,28.61666667,74.71166667
23-04-2021 09:00,1,37.28666667,88.86166667,178.4039833,2199.365,98.93046667,364.6166667,30.17,74.575
23-04-2021 09:00,2,14.94333333,40.56166667,74.23411667,0.0,28.95143333,300.8633333,31.36666667,65.42
23-04-2021 09:00,3,26.14833333,0.0,58.1048,879.555,36.47943333,270.7333333,31.23166667,69.37833333
23-04-2021 09:00,4,22.51,86.275,73.25261667,1177.706,11.35473333,389.5066667,32.11666667,62.12166667
23-04-2021 09:00,5,15.74909091,37.68,73.84449091,1653.573818,32.78101818,553.0581818,31.91090909,62.40545455
23-04-2021 09:00,6,16.67666667,42.57,106.1983,1099.587,92.8767,298.68,29.965,70.075
23-04-2021 10:00,1,57.84166667,142.1216667,223.782,1855.565,84.2195,279.9033333,32.10166667,70.115
23-04-2021 10:00,2,15.0,41.00566038,97.26109434,0.0,13.77766038,309.4566038,32.96415094,60.70188679
23-04-2021 10:00,3,14.92166667,0.0,35.30128333,592.1,9.535466667,259.38,32.78,62.675
23-04-2021 10:00,4,19.31,46.60833333,89.25106667,847.658,10.1628,336.2333333,32.72,60.24666667
23-04-2021 10:00,5,14.89310345,37.30344828,61.19144828,1727.891379,5.483758621,664.4862069,33.94482759,56.27068966
23-04-2021 10:00,6,14.29,32.99,100.5383167,851.669,76.84833333,262.4366667,31.12166667,65.23166667
23-04-2021 11:00,1,31.165,75.34333333,187.0739,1366.987,47.36366667,234.9266667,32.90666667,63.01666667
23-04-2021 11:00,2,11.28166667,35.13833333,84.24541667,0.0,20.20013333,294.75,33.29833333,59.22666667
23-04-2021 11:00,3,14.49666667,0.0,59.4789,675.567,24.2778,263.7466667,32.00666667,66.78333333
23-04-2021 11:00,4,20.77166667,82.8,88.00783333,787.302,14.7737,336.67,33.46666667,58.045
23-04-2021 11:00,5,18.10666667,41.94333333,197.8704,2362.67,61.41593333,643.21,33.11833333,60.01333333
23-04-2021 11:00,6,14.39137931,34.90862069,107.5250172,874.3189655,74.43634483,279.1655172,31.92586207,64.06551724
23-04-2021 12:00,1,18.925,46.09,172.0896667,1079.341,89.74003333,241.9133333,32.57166667,64.455
23-04-2021 12:00,2,12.89,36.53833333,80.51571667,0.0,15.40103333,312.2166667,33.61,58.555
23-04-2021 12:00,3,12.595,0.0,38.21306667,614.447,13.39356667,297.37,33.52333333,61.295
23-04-2021 12:00,4,14.76666667,33.83666667,87.18991667,562.686,23.525,303.92,33.88,58.14333333
23-04-2021 12:00,5,12.11833333,24.375,122.39305,1366.223,38.3928,523.5633333,33.965,55.97
23-04-2021 12:00,6,11.57166667,23.58,54.53868333,628.39,35.25613333,306.1033333,33.69333333,57.69166667
23-04-2021 13:00,1,19.73,52.38166667,160.7369833,986.324,97.36213333,247.1533333,32.08166667,67.65333333
23-04-2021 13:00,2,10.73166667,34.32166667,78.25826667,0.0,14.83643333,318.7666667,33.99666667,56.69333333
23-04-2021 13:00,3,15.19333333,0.0,53.68805,706.509,16.81253333,303.0466667,33.34333333,60.43166667
23-04-2021 13:00,4,13.43833333,38.98833333,43.25143333,506.15,3.5758,360.25,34.58333333,54.72
23-04-2021 13:00,5,12.92666667,27.54833333,130.5395,1226.411,48.68106667,496.0533333,33.305,58.68
23-04-2021 13:00,6,12.75,31.34833333,67.29818333,590.19,42.21953333,318.7666667,32.83333333,60.63666667
23-04-2021 14:00,1,13.44666667,31.24,212.2003,906.295,199.8997667,193.0066667,27.67166667,87.18166667
23-04-2021 14:00,2,10.38333333,33.98666667,88.04055,0.0,17.75353333,322.6966667,33.82166667,56.67666667
23-04-2021 14:00,3,17.48833333,0.0,66.05495,780.426,27.22626667,280.7766667,32.52833333,61.51833333
23-04-2021 14:00,4,26.745,66.525,145.4255833,757.506,88.76766667,281.2133333,27.82666667,88.165
23-04-2021 14:00,5,10.51166667,21.96,204.8063333,1147.528,105.392,380.3366667,28.18166667,85.085
23-04-2021 14:00,6,12.31,28.18833333,104.7914833,1497.058,104.7019333,480.3333333,31.92166667,65.59166667
23-04-2021 15:00,1,13.205,29.61666667,196.4963,1223.164,219.8803333,207.8533333,26.42666667,91.38333333
23-04-2021 15:00,2,13.95833333,38.75833333,123.0473833,0.0,46.51676667,358.0666667,31.97666667,65.32666667
23-04-2021 15:00,3,19.43,0.0,110.8767833,1560.088,76.47193333,363.7433333,28.615,84.38833333
23-04-2021 15:00,4,27.38666667,61.35666667,176.3428333,1596.187,134.5316333,350.6433333,26.83666667,93.90833333
23-04-2021 15:00,5,9.876666667,19.115,208.96135,1994.613,123.4592,455.0066667,27.2,90.09166667
23-04-2021 15:00,6,15.87666667,32.58333333,148.6318167,2597.6,169.0349667,638.8433333,27.85166667,88.97
23-04-2021 17:00,1,14.64333333,39.84,153.8664833,1753.38,202.0954333,287.3266667,27.62166667,87.46
23-04-2021 17:00,2,10.16333333,32.57,204.9044833,0.0,109.9088,223.1366667,25.86666667,91.675
23-04-2021 17:00,3,13.675,0.0,126.9406667,1508.327,96.20156667,292.5666667,25.90333333,93.48333333
23-04-2021 17:00,4,14.87166667,34.68833333,120.03745,2962.41,90.21053333,599.1066667,26.25333333,96.10666667
23-04-2021 17:00,5,9.461666667,19.67,150.0059167,5324.316,101.7221,455.0066667,27.47,82.68166667
23-04-2021 17:00,6,10.81166667,22.01166667,137.7371667,2105.966,139.8012333,457.19,26.79166667,85.61
23-04-2021 18:00,1,14.075,31.77166667,153.40845,2652.99,207.1454667,457.6266667,26.725,89.12166667
23-04-2021 18:00,2,11.445,35.005,145.16385,0.0,94.16273333,326.19,27.24333333,84.5
23-04-2021 18:00,3,21.335,0.0,108.3248833,1564.099,95.35466667,331.8666667,26.52666667,92.21
23-04-2021 18:00,4,20.38333333,45.23333333,111.0403667,3060.202,100.7183667,616.1366667,26.395,95.71333333
23-04-2021 18:00,5,11.385,31.86333333,110.6477667,2522.346,84.5018,607.4033333,27.88,83.33333333
23-04-2021 18:00,6,12.35833333,24.55,97.1685,1777.064,120.6048333,428.37,27.89,83.72666667
23-04-2021 19:00,1,13.755,30.79,125.8610167,1530.674,195.0693,291.2566667,26.44,91.70666667
23-04-2021 19:00,2,12.66,37.60833333,131.0956833,0.0,89.26953333,347.5866667,26.92833333,86.97333333
23-04-2021 19:00,3,22.12166667,0.0,97.98641667,1195.469,91.277,257.1966667,26.45833333,91.11333333
23-04-2021 19:00,4,19.37833333,43.885,94.74746667,2589.769,95.041,529.24,26.9,89.50833333
23-04-2021 19:00,5,11.76166667,35.73166667,102.4686,1857.666,82.1493,476.4033333,27.15166667,86.045
23-04-2021 19:00,6,12.965,29.36666667,82.31513333,1812.972,117.4995333,428.37,27.475,84.54833333
23-04-2021 20:00,1,16.54166667,38.025,133.6148667,2003.59,203.6010333,364.6166667,25.69833333,96.62333333
23-04-2021 20:00,2,13.25166667,36.91166667,127.7585833,0.0,91.99843333,268.1133333,26.56,91.45666667
23-04-2021 20:00,3,25.65,0.0,92.78446667,1455.42,92.93943333,309.5966667,26.71166667,90.73
23-04-2021 20:00,4,21.80333333,49.10166667,94.48573333,2310.336,94.3823,482.08,26.67833333,91.51333333
23-04-2021 20:00,5,10.36833333,23.12666667,114.0830167,2083.619,92.06116667,499.5466667,26.975,89.625
23-04-2021 20:00,6,14.735,30.075,91.93383333,1690.732,128.7601667,397.8033333,26.89666667,89.90833333
23-04-2021 21:00,1,15.37833333,35.47666667,122.7202167,2023.072,192.5599667,365.0533333,25.86,96.08333333
23-04-2021 21:00,2,12.34833333,35.92,112.4471833,0.0,82.4316,260.69,26.90833333,89.97666667
23-04-2021 21:00,3,23.52241379,0.0,87.21812069,1253.486897,87.22096552,249.3517241,26.33965517,92.19137931
23-04-2021 21:00,4,20.41833333,44.62833333,87.41893333,1661.318,84.69,385.14,26.92,90.765
23-04-2021 21:00,5,10.93666667,23.59833333,99.19693333,1898.349,86.13286667,481.2066667,27.23833333,88.52
23-04-2021 21:00,6,14.32166667,28.46333333,86.43743333,1402.131,124.4629333,344.9666667,27.245,88.84333333
23-04-2021 22:00,1,13.55,30.58666667,105.3476667,2089.158,175.1514667,388.6333333,25.91833333,96.10666667
23-04-2021 22:00,2,14.76,41.64333333,114.1811667,0.0,88.70493333,256.3233333,27.09,89.70166667
23-04-2021 22:00,3,36.27166667,0.0,68.9013,1183.818,80.20456667,258.07,27.08833333,90.05333333
23-04-2021 22:00,4,21.025,47.2,83.10033333,1405.187,83.8431,332.3033333,27.00333333,90.7
23-04-2021 22:00,5,10.70333333,25.77166667,93.6351,1777.828,83.05893333,447.1466667,27.34666667,88.46166667
23-04-2021 22:00,6,12.39,25.77,81.0719,1102.643,121.8908667,283.8333333,27.32833333,88.78666667
23-04-2021 23:00,1,17.255,40.27166667,107.7032667,1993.467,178.2881333,364.18,26.21333333,94.03666667
23-04-2021 23:00,2,14.83,41.67,104.6279,0.0,82.9962,274.6633333,27.25,88.8
23-04-2021 23:00,3,32.64833333,0.0,42.04091667,911.261,60.72586667,224.8833333,28.21666667,85.39833333
23-04-2021 23:00,4,28.165,67.145,83.72195,1266.521,89.5832,301.3,26.84833333,92.04333333
23-04-2021 23:00,5,11.12666667,26.575,90.85418333,2034.914,83.49806667,492.9966667,27.395,88.75833333
23-04-2021 23:00,6,15.09,36.66333333,74.43041667,1518.068,118.3778,363.7433333,27.27166667,89.21166667
24-04-2021 00:00,1,20.97833333,58.59666667,103.2210833,1779.165,175.9356333,342.7833333,25.98,96.315
24-04-2021 00:00,2,15.09666667,41.26333333,99.88398333,0.0,80.4555,276.41,27.28666667,88.49333333
24-04-2021 00:00,3,30.99833333,0.0,35.85746667,912.598,56.89913333,217.0233333,27.80333333,86.75166667
24-04-2021 00:00,4,35.25333333,83.75833333,82.34785,1369.661,91.40246667,315.2733333,26.79666667,92.48666667
24-04-2021 00:00,5,11.57166667,26.855,88.46586667,1714.416,80.6437,444.9633333,27.25666667,88.98166667
24-04-2021 00:00,6,17.07833333,48.89166667,73.28533333,1880.586,118.4719,428.8066667,27.19,89.415
24-04-2021 01:00,1,29.78,93.41333333,97.07035,1255.825,166.9334,266.3666667,25.825,96.32333333
24-04-2021 01:00,2,16.09166667,45.57833333,106.3291667,0.0,83.87446667,258.9433333,26.96666667,90.72833333
24-04-2021 01:00,3,30.85166667,0.0,71.0606,1113.912,81.9611,262.0,27.95666667,85.43166667
24-04-2021 01:00,4,45.05166667,121.1666667,85.5868,1287.531,93.09626667,304.7933333,26.61333333,93.12333333
24-04-2021 01:00,5,12.32666667,29.67333333,93.8314,1103.789,84.56453333,340.1633333,27.16,89.51
24-04-2021 01:00,6,16.125,44.675,70.30811667,1315.799,115.1156667,343.22,27.17166667,89.08333333
24-04-2021 02:00,1,30.92833333,91.87166667,95.23821667,1219.153,165.0827667,278.5933333,25.53833333,96.88666667
24-04-2021 02:00,2,14.45333333,40.82833333,105.0859333,0.0,82.65116667,236.6733333,26.84333333,91.03833333
24-04-2021 02:00,3,26.07,0.0,87.48436667,1304.339,92.15526667,279.9033333,26.775,90.39833333
24-04-2021 02:00,4,52.105,141.925,79.92681667,890.824,89.55183333,237.11,26.53333333,93.09666667
24-04-2021 02:00,5,14.33,37.66333333,96.9722,1067.117,88.0776,360.6866667,26.90666667,90.705
24-04-2021 02:00,6,17.615,43.73,81.10461667,1060.241,132.1477667,274.6633333,27.26333333,89.50166667
24-04-2021 03:00,1,31.24,89.105,91.34493333,1114.676,161.9147333,252.83,25.49833333,96.83
24-04-2021 03:00,2,13.72666667,38.53833333,105.9365667,0.0,76.6915,235.8,26.44666667,91.41333333
24-04-2021 03:00,3,18.26833333,0.0,80.25398333,868.668,84.9723,205.2333333,26.67666667,90.15666667
24-04-2021 03:00,4,34.015,84.74666667,77.04775,795.515,87.26206667,215.7133333,26.51333333,93.39166667
24-04-2021 03:00,5,11.28666667,24.945,79.66508333,727.901,71.2337,319.64,26.77166667,90.79666667
24-04-2021 03:00,6,13.56,30.25833333,68.86858333,620.368,108.7796,197.3733333,26.96166667,89.86
24-04-2021 04:00,1,26.76166667,71.74833333,88.76031667,1001.031,158.5585,220.5166667,25.78166667,96.29833333
24-04-2021 04:00,2,14.91166667,40.23,103.7118333,0.0,76.0328,242.7866667,26.335,92.43833333
24-04-2021 04:00,3,13.835,0.0,70.43898333,819.199,76.44056667,202.1766667,26.62,89.81166667
24-04-2021 04:00,4,23.88333333,58.685,69.06488333,605.088,76.62876667,181.2166667,26.545,92.69833333
24-04-2021 04:00,5,11.58666667,24.57,75.15018333,670.219,67.1874,297.37,26.72666667,91.41666667
24-04-2021 04:00,6,14.06833333,29.64333333,67.69078333,586.561,104.6392,186.02,26.845,90.25
24-04-2021 05:00,1,25.635,67.25,86.9609,1074.375,156.3628333,223.5733333,25.89,95.96166667
24-04-2021 05:00,2,15.54833333,40.97333333,103.2538,0.0,73.64893333,273.79,26.215,93.07833333
24-04-2021 05:00,3,16.50833333,0.0,69.39205,1104.362,75.12316667,249.7733333,26.465,90.84833333
24-04-2021 05:00,4,22.97333333,55.24166667,65.43333333,726.182,70.3868,194.3166667,26.625,91.975
24-04-2021 05:00,5,11.43833333,24.545,74.69215,769.539,68.19113333,299.99,26.68833333,90.955
24-04-2021 05:00,6,14.10833333,29.91166667,66.87286667,760.944,105.0156,213.9666667,26.72333333,90.43333333
24-04-2021 06:00,1,24.385,63.525,86.60101667,1260.218,152.7870333,263.31,26.38,94.15666667
24-04-2021 06:00,2,18.01333333,44.08833333,85.12876667,0.0,64.48986667,404.79,28.495,82.20666667
24-04-2021 06:00,3,15.935,0.0,65.07345,1471.464,67.6579,330.5566667,27.39333333,86.35
24-04-2021 06:00,4,21.37666667,52.10333333,66.44755,1230.804,68.8812,286.89,26.88833333,89.285
24-04-2021 06:00,5,11.42666667,23.91833333,71.74765,928.451,60.81996667,306.1033333,26.93,87.75
24-04-2021 06:00,6,13.98333333,30.86,68.93401667,1644.128,101.6593667,361.56,27.175,87.22666667
24-04-2021 07:00,1,20.47333333,49.23833333,68.63956667,1015.356,116.1507667,227.0666667,27.785,88.09833333
24-04-2021 07:00,2,16.08166667,41.72166667,47.112,0.0,28.5123,441.0333333,30.99333333,71.92833333
24-04-2021 07:00,3,17.07666667,0.0,54.14608333,1873.519,44.94843333,434.92,29.57333333,78.34833333
24-04-2021 07:00,4,25.67666667,64.14333333,72.2384,1207.693,70.92003333,291.2566667,28.48666667,83.78333333
24-04-2021 07:00,5,11.33166667,24.47,91.2795,1920.887,63.3293,469.4166667,28.00666667,83.685
24-04-2021 07:00,6,13.625,30.64333333,83.16576667,1967.682,92.6885,437.1033333,28.09666667,83.42166667
24-04-2021 08:00,1,15.56,36.01333333,63.73206667,783.1,84.9723,188.2033333,29.425,80.03833333
24-04-2021 08:00,2,12.7,37.52333333,40.30693333,0.0,11.13516667,413.5233333,31.445,69.24666667
24-04-2021 08:00,3,14.04666667,0.0,52.44481667,1308.159,27.5713,351.9533333,30.92666667,72.18333333
24-04-2021 08:00,4,20.34,49.86833333,60.95115,1036.366,42.9096,285.58,30.23666667,76.22
24-04-2021 08:00,5,12.27333333,27.56,51.49603333,1587.592,32.21356667,480.77,31.26,70.80166667
24-04-2021 08:00,6,14.23396226,37.23018868,92.74249057,2979.816226,91.93392453,659.9433962,29.6754717,77.00188679
24-04-2021 09:00,1,11.87,26.64,50.61268333,630.873,34.59743333,166.37,31.54166667,69.99666667
24-04-2021 09:00,2,12.07,36.58333333,52.15036667,0.0,8.6572,362.87,32.29833333,64.41666667
24-04-2021 09:00,3,13.41166667,0.0,48.64968333,917.755,20.35696667,290.3833333,31.81166667,67.29
24-04-2021 09:00,4,14.60666667,35.09666667,66.08766667,827.603,10.94696667,269.4233333,31.76666667,68.54
24-04-2021 09:00,5,13.06833333,32.58666667,8.6372,1593.704,1.5997,630.9833333,32.78,62.90166667
24-04-2021 09:00,6,12.75333333,30.00166667,77.99653333,1377.492,60.44356667,367.2366667,30.51833333,70.27
24-04-2021 10:00,1,12.06666667,27.77166667,74.62671667,640.614,22.83493333,163.3133333,32.53833333,64.78
24-04-2021 10:00,2,10.70833333,34.72,69.19575,0.0,9.064966667,327.0633333,33.185,59.00333333
24-04-2021 10:00,3,13.03,0.0,32.5858,697.15,3.513066667,281.65,33.25333333,59.65166667
24-04-2021 10:00,4,14.20333333,33.05333333,75.31376667,777.561,3.450333333,275.9733333,32.645,63.645
24-04-2021 10:00,5,13.44333333,37.35166667,57.67948333,1427.343,13.89543333,571.16,32.99,59.62333333
24-04-2021 10:00,6,12.44166667,30.27666667,82.80588333,1298.418,52.9783,355.4466667,31.41,64.955
24-04-2021 11:00,1,12.22333333,29.09,132.1753333,785.392,57.3069,155.89,32.105,64.13
24-04-2021 11:00,2,12.82333333,37.49166667,94.97648333,0.0,12.48393333,315.2733333,33.135,58.745
24-04-2021 11:00,3,15.57,0.0,46.85026667,673.466,3.324866667,285.1433333,33.42,58.545
24-04-2021 11:00,4,13.38,31.47833333,72.53285,887.386,7.088866667,318.7666667,33.22666667,59.88166667
24-04-2021 11:00,5,12.30833333,28.23666667,64.71356667,1263.274,14.4914,547.1433333,34.32166667,54.65166667
24-04-2021 11:00,6,13.2362069,34.10517241,87.82732759,1677.704483,53.70189655,441.3344828,32.51896552,60.12758621
24-04-2021 12:00,1,13.58,31.48833333,149.9732,957.865,49.55933333,195.19,33.54,59.44666667
24-04-2021 12:00,2,13.75,38.46166667,114.5737667,0.0,24.21506667,300.4266667,33.465,57.48666667
24-04-2021 12:00,3,16.73166667,0.0,58.56283333,791.122,16.2793,296.4966667,32.905,60.76
24-04-2021 12:00,4,13.835,31.2,94.48573333,858.545,14.89916667,282.96,32.62333333,60.66166667
24-04-2021 12:00,5,13.835,30.21333333,162.1765167,1468.79,42.84686667,495.18,33.355,57.46
24-04-2021 12:00,6,15.36333333,34.93833333,85.75038333,1043.242,34.03283333,341.91,33.20333333,58.11666667
24-04-2021 13:00,1,13.53,32.08833333,152.7541167,785.583,73.398,179.47,32.91,61.35166667
24-04-2021 13:00,2,10.65833333,34.51166667,83.8201,0.0,10.03733333,335.36,34.46166667,51.97833333
24-04-2021 13:00,3,11.855,0.0,34.84325,690.847,8.970866667,314.8366667,33.83833333,57.4
24-04-2021 13:00,4,16.26666667,38.78333333,110.5823333,943.54,34.2524,283.8333333,32.97833333,60.58
24-04-2021 13:00,5,16.36166667,48.505,199.4735167,1433.646,64.23893333,436.6666667,33.16166667,58.86833333
24-04-2021 13:00,6,14.765,36.81666667,67.5272,1042.86,14.33456667,398.24,34.13333333,54.77666667
24-04-2021 14:00,1,12.94666667,30.195,125.3702667,824.165,81.45923333,233.6166667,34.225,58.71666667
24-04-2021 14:00,2,12.26833333,37.12666667,78.78173333,0.0,4.7991,417.4533333,35.675,49.22333333
24-04-2021 14:00,3,10.91833333,0.0,30.94996667,620.559,1.913366667,331.43,34.43166667,53.69833333
24-04-2021 14:00,4,15.4,36.92666667,98.08456667,823.592,22.8663,273.3533333,33.34166667,58.535
24-04-2021 14:00,5,14.44333333,36.42333333,181.1521833,1359.347,55.8954,431.4266667,33.655,56.32333333
24-04-2021 14:00,6,15.13333333,39.94833333,89.64366667,1075.521,25.53246667,390.38,34.04166667,54.595
24-04-2021 15:00,1,13.51,31.29,117.87815,772.404,47.45776667,223.5733333,33.37333333,59.24333333
24-04-2021 15:00,2,11.94166667,36.86333333,119.4812667,0.0,21.04703333,455.88,33.71166667,60.72
24-04-2021 15:00,3,13.14666667,0.0,46.94841667,798.38,7.496633333,372.9133333,34.01166667,56.60166667
24-04-2021 15:00,4,14.38833333,34.47333333,104.7587667,865.039,35.88346667,280.7766667,33.17333333,59.49
24-04-2021 15:00,5,12.50333333,33.735,185.40535,1054.702,65.55633333,404.3533333,33.31166667,60.915
24-04-2021 15:00,6,12.82666667,36.36333333,112.8397833,1183.818,70.26133333,424.0033333,33.02166667,61.32666667
24-04-2021 16:00,1,14.215,34.86,175.9502333,973.718,180.0760333,241.4766667,31.42666667,70.31333333
24-04-2021 16:00,2,11.22413793,35.46551724,176.1284828,0.0,74.76082759,370.8655172,32.27241379,67.69137931
24-04-2021 16:00,3,12.25333333,0.0,115.0645167,1264.229,55.7072,371.6033333,32.02833333,66.39166667
24-04-2021 16:00,4,12.585,30.64333333,106.5254667,971.044,49.99846667,314.8366667,32.495,65.775
24-04-2021 16:00,5,11.55333333,31.13,172.3186833,1137.787,76.15826667,423.13,32.16666667,66.81166667
24-04-2021 16:00,6,11.35333333,28.085,126.12275,1192.604,103.9491333,395.1833333,31.79833333,68.84833333
24-04-2021 17:00,1,13.95333333,34.45166667,169.6032,1404.423,199.8370333,275.9733333,30.47,73.95833333
24-04-2021 17:00,2,10.98,35.33833333,169.89765,0.0,76.75423333,384.7033333,30.82,74.285
24-04-2021 17:00,3,9.963333333,0.0,108.3576,1493.047,68.63026667,404.3533333,31.48333333,71.32833333
24-04-2021 17:00,4,12.54,30.785,106.1655833,1228.512,73.5862,336.67,30.74666667,74.44666667
24-04-2021 17:00,5,9.488333333,20.55666667,144.57495,1503.743,83.8431,461.9933333,30.71833333,74.37666667
24-04-2021 17:00,6,10.12333333,24.18,117.48555,1697.035,116.2448667,486.8833333,30.835,75.075
24-04-2021 18:00,1,11.54333333,25.84833333,149.6133167,1063.87,185.2201667,230.1233333,29.53166667,79.815
24-04-2021 18:00,2,13.91666667,38.995,151.2164333,0.0,70.16723333,329.6833333,29.66333333,73.07
24-04-2021 18:00,3,10.11166667,0.0,92.55545,1319.81,63.64296667,352.39,30.59,73.20833333
24-04-2021 18:00,4,11.66833333,27.11,102.6649,935.327,75.0918,254.14,29.76833333,78.90166667
24-04-2021 18:00,5,9.948333333,21.18166667,124.6177833,1119.451,74.84086667,373.7866667,30.01333333,77.225
24-04-2021 18:00,6,11.41833333,27.045,102.2723,1716.135,106.7094,455.0066667,30.11833333,77.13333333
24-04-2021 19:00,1,9.786666667,23.385,121.1498167,906.868,138.6093,179.0333333,28.52166667,78.16833333
24-04-2021 19:00,2,14.01833333,39.83666667,154.3572333,0.0,81.5847,263.31,27.915,79.05666667
24-04-2021 19:00,3,13.31666667,0.0,95.76168333,880.51,64.48986667,227.5033333,28.39333333,76.71
24-04-2021 19:00,4,13.68166667,31.89166667,89.44736667,1277.79,60.8827,290.3833333,28.55833333,76.645
24-04-2021 19:00,5,10.81,26.29166667,123.0146667,1173.695,66.9992,337.1066667,28.16666667,77.53333333
24-04-2021 19:00,6,12.14,28.62333333,101.4543833,1406.524,98.805,349.77,28.265,78.11166667
24-04-2021 20:00,1,13.82333333,33.01833333,125.14125,1152.876,160.0641,226.63,27.505,81.55666667
24-04-2021 20:00,2,14.98596491,41.1877193,137.4788772,0.0,90.56712281,299.6912281,27.54561404,84.35789474
24-04-2021 20:00,3,29.22833333,0.0,95.49995,986.897,82.21203333,234.9266667,27.425,82.435
24-04-2021 20:00,4,16.705,39.08333333,90.6906,1366.032,78.79306667,309.5966667,27.965,79.42
24-04-2021 20:00,5,13.29166667,30.345,113.4614,2098.326,86.07013333,502.1666667,28.48666667,78.835
24-04-2021 20:00,6,16.18333333,38.29333333,95.92526667,1730.078,119.6952,421.3833333,28.175,80.57
25-04-2021 16:00,1,28.87666667,81.92,160.3116667,1353.617,121.9849667,301.7366667,33.21333333,60.825
25-04-2021 16:00,2,18.8,45.83333333,150.4966667,0.0,71.82966667,323.1333333,31.96666667,62.5
25-04-2021 16:00,3,22.27333333,0.0,101.8797,846.894,46.5795,302.1733333,32.275,62.95833333
25-04-2021 16:00,4,19.91,50.61,86.30656667,1030.063,38.54963333,379.4633333,34.15833333,54.37166667
25-04-2021 16:00,5,19.06833333,45.96,150.7911167,1240.736,56.05223333,469.8533333,33.56333333,56.79166667
25-04-2021 16:00,6,19.91666667,46.44166667,117.2238167,1099.014,86.8543,419.2,33.09,58.935
25-04-2021 17:00,1,26.195,70.08666667,143.7570333,1531.056,141.9341667,352.8266667,32.06,65.17666667
25-04-2021 17:00,2,17.925,44.21333333,133.2877,0.0,61.10226667,336.2333333,30.86,64.91833333
25-04-2021 17:00,3,20.49333333,0.0,94.32215,947.36,58.18516667,271.6066667,30.475,65.94666667
25-04-2021 17:00,4,21.705,51.58333333,99.26236667,1398.884,64.67806667,402.17,32.355,61.71833333
25-04-2021 17:00,5,18.64333333,42.185,125.6974333,1425.051,68.37933333,472.0366667,31.99833333,61.4
25-04-2021 17:00,6,19.115,42.85666667,117.78,1321.147,109.1246333,384.2666667,31.36,63.90333333
25-04-2021 18:00,1,13.61333333,32.855,196.1364167,934.754,213.607,242.7866667,27.51666667,92.30333333
25-04-2021 18:00,2,15.52333333,41.035,128.4456333,0.0,72.86476667,314.8366667,29.84333333,67.14333333
25-04-2021 18:00,3,17.09,0.0,86.20841667,1081.251,63.3293,275.1,29.30833333,69.80333333
25-04-2021 18:00,4,23.125,56.7,88.40043333,1777.255,71.64146667,441.0333333,31.275,62.97333333
25-04-2021 18:00,5,18.78,42.07166667,113.95215,1506.799,71.01413333,474.22,31.055,63.25166667
25-04-2021 18:00,6,16.14833333,35.98166667,100.99635,1445.488,109.4383,385.14,30.41333333,65.205
25-04-2021 19:00,1,14.125,31.43166667,176.17925,1693.215,230.2313333,342.3466667,27.13166667,95.67833333
25-04-2021 19:00,2,14.415,39.62,135.9050333,0.0,85.22323333,308.2866667,29.085,73.79166667
25-04-2021 19:00,3,14.67333333,0.0,86.04483333,1049.545,68.7871,259.38,28.65666667,75.155
25-04-2021 19:00,4,16.49166667,37.47333333,83.0349,1534.112,68.5989,403.9166667,30.265,66.775
25-04-2021 19:00,5,15.27666667,33.295,110.02615,1417.22,77.03653333,427.4966667,30.0,69.48833333
25-04-2021 19:00,6,12.725,26.25166667,98.28086667,1216.479,116.1821333,331.8666667,29.55,71.53666667
25-04-2021 20:00,1,17.045,39.11166667,131.1938333,1442.623,186.8512333,282.5233333,26.63166667,94.64
25-04-2021 20:00,2,18.27666667,44.45333333,153.21215,0.0,90.39873333,308.7233333,28.22,81.875
25-04-2021 20:00,3,17.57666667,0.0,85.06333333,1225.647,73.80576667,284.7066667,28.70166667,75.49666667
25-04-2021 20:00,4,22.83833333,54.46333333,95.7944,1446.252,85.631,353.7,29.50333333,73.76833333
25-04-2021 20:00,5,16.73833333,35.795,118.7615,1476.43,86.35243333,426.1866667,29.22166667,76.29166667
25-04-2021 20:00,6,19.54067797,48.15762712,98.28308475,1897.115593,125.7431186,448.0644068,29.11864407,76.50847458
25-04-2021 21:00,1,16.70333333,43.885,123.7998667,1323.63,187.0708,254.14,26.54666667,94.67166667
25-04-2021 21:00,2,15.85833333,41.11,135.8396,0.0,84.25086667,293.44,28.18166667,82.54666667
25-04-2021 21:00,3,20.31724138,0.0,82.54753448,1410.370345,72.03517241,319.3689655,28.72586207,78.20517241
25-04-2021 21:00,4,24.175,59.945,103.2865167,1354.954,96.7348,320.5133333,28.905,80.515
25-04-2021 21:00,5,15.21333333,32.17666667,108.1613,1448.926,80.42413333,406.5366667,28.97666667,78.37166667
25-04-2021 21:00,6,16.52,38.44,95.89255,1780.884,120.6362,421.82,28.88,79.115
25-04-2021 22:00,1,16.47666667,43.62833333,108.45575,1273.015,177.6921667,247.59,26.625,95.575
25-04-2021 22:00,2,15.625,40.45833333,112.8725,0.0,71.01413333,242.7866667,27.58333333,81.87166667
25-04-2021 22:00,3,19.96833333,0.0,80.64658333,1093.857,70.26133333,259.38,28.04666667,80.48
25-04-2021 22:00,4,19.20666667,43.88166667,77.66936667,1207.12,73.05296667,294.3133333,28.60833333,78.985
25-04-2021 22:00,5,13.025,30.80333333,97.10306667,777.752,71.39053333,287.3266667,28.13666667,79.32
25-04-2021 22:00,6,15.99833333,36.31833333,85.03061667,1077.813,108.7482333,281.65,28.13,81.29
25-04-2021 23:00,1,13.77833333,33.125,101.19265,1052.601,169.2231667,186.8933333,26.08666667,93.98166667
25-04-2021 23:00,2,15.36,40.21333333,97.98641667,0.0,68.72436667,240.1666667,27.90166667,78.59333333
25-04-2021 23:00,3,15.87166667,0.0,69.91551667,986.706,65.33676667,232.7433333,27.965,78.79833333
25-04-2021 23:00,4,17.28666667,39.26666667,67.88708333,1017.648,65.14856667,258.9433333,28.375,77.09333333
25-04-2021 23:00,5,13.165,29.86666667,90.1017,754.068,69.7281,279.03,28.22333333,77.66333333
25-04-2021 23:00,6,16.06,33.955,76.49156667,855.489,100.2165,223.1366667,28.15333333,78.14833333
26-04-2021 00:00,1,13.59833333,35.91833333,98.24815,1001.986,168.5331,188.64,25.93166667,93.66166667
26-04-2021 00:00,2,15.975,40.735,105.3476667,0.0,71.48463333,218.77,27.29833333,82.39333333
26-04-2021 00:00,3,16.78833333,0.0,75.1829,795.133,67.15603333,192.1333333,27.43333333,80.92166667
26-04-2021 00:00,4,17.37333333,39.26,71.09331667,822.064,65.33676667,224.4466667,28.24666667,78.545
26-04-2021 00:00,5,12.97166667,31.095,91.0832,513.79,68.00293333,243.2233333,27.88333333,80.205
26-04-2021 00:00,6,14.76166667,31.69,78.81445,736.114,104.2628,204.36,28.0,80.19333333
26-04-2021 01:00,1,14.07666667,35.79166667,98.83705,933.799,167.4352667,177.7233333,25.74166667,95.105
26-04-2021 01:00,2,17.54333333,42.52166667,103.4501,0.0,77.60113333,215.7133333,27.21166667,83.555
26-04-2021 01:00,3,19.92666667,0.0,74.0051,768.584,69.2576,184.2733333,27.11833333,82.86166667
26-04-2021 01:00,4,16.77166667,37.08166667,72.59828333,715.677,65.1172,207.8533333,28.17333333,79.86666667
26-04-2021 01:00,5,13.53666667,30.83666667,90.95233333,479.983,68.4107,236.6733333,27.72833333,81.79333333
26-04-2021 01:00,6,14.98333333,31.42166667,73.93966667,699.824,102.8513,190.3866667,27.83333333,81.98833333
24-02-2021 16:00,1,15.32,32.48833333,56.37081667,1467.262,102.9767667,355.8833333,25.78,61.42666667
24-02-2021 16:00,2,14.02666667,28.44333333,62.94686667,0.0,52.5078,323.1333333,25.92166667,62.03333333
24-02-2021 16:00,3,13.33666667,27.41166667,72.72915,1135.304,66.5287,359.8133333,26.21833333,60.26166667
24-02-2021 16:00,4,13.01166667,25.27166667,36.9044,1150.966,44.19563333,289.0733333,26.19333333,60.94333333
24-02-2021 16:00,5,14.40166667,27.62333333,47.112,1260.409,45.13663333,275.9733333,26.07166667,60.89333333
24-02-2021 16:00,6,14.38181818,27.24545455,49.61036364,1243.41,92.47463636,327.5,25.72727273,62.8
24-02-2021 17:00,1,20.24666667,45.67333333,88.95661667,1020.131,125.1843667,347.5866667,27.42166667,63.38
24-02-2021 17:00,2,18.8,43.32833333,77.9311,0.0,63.95663333,330.9933333,27.565,64.32166667
24-02-2021 17:00,3,17.70833333,39.77833333,65.1716,829.131,76.37783333,312.2166667,28.005,62.03666667
24-02-2021 17:00,4,17.60666667,38.55833333,47.14471667,876.881,55.92676667,295.6233333,27.48666667,64.055
24-02-2021 17:00,5,18.00333333,38.075,60.68941667,1002.368,54.4839,291.2566667,27.64,63.25
24-02-2021 17:00,6,15.22,30.54,59.2826,1155.168,106.8976,324.88,26.7,62.1
05-03-2021 10:00,1,20.72166667,45.66,46.81755,492.398,54.26433333,230.56,28.145,51.85
05-03-2021 10:00,2,19.54166667,42.26833333,36.02105,0.0,22.4899,330.5566667,28.30833333,51.835
05-03-2021 10:00,3,18.02666667,39.24833333,24.50478333,483.612,27.0067,261.1266667,28.59333333,50.67666667
05-03-2021 10:00,4,16.735,34.245,9.553266667,502.712,16.21656667,245.4066667,28.29833333,51.94166667
05-03-2021 10:00,5,18.425,36.85666667,16.62006667,437.581,19.60416667,275.5366667,28.78166667,50.23833333
05-03-2021 10:00,6,11.18695652,31.43478261,2.645782609,1450.935652,39.44017391,519.4434783,25.66956522,48.92608696
05-03-2021 11:00,1,28.44666667,62.36333333,68.01795,1236.152,99.77736667,266.3666667,26.94166667,57.79833333
05-03-2021 11:00,2,26.73833333,57.54166667,67.26546667,0.0,47.95963333,289.51,27.09333333,57.64
05-03-2021 11:00,3,24.65833333,53.23333333,49.33673333,981.931,51.50406667,239.2933333,27.22833333,56.925
05-03-2021 11:00,4,22.62833333,47.12166667,32.42221667,981.358,39.08286667,239.73,27.21833333,57.3
05-03-2021 11:00,5,25.02166667,51.05333333,43.25143333,868.095,41.2158,259.8166667,27.37,56.54166667
05-03-2021 11:00,6,10.45625,23.18125,0.8588125,1120.93125,31.75875,379.9,24.43125,46.21875
05-03-2021 14:00,1,16.40333333,34.555,60.39496667,890.442,88.8304,292.5666667,27.16833333,57.28333333
05-03-2021 14:00,2,15.25166667,30.56833333,61.96536667,0.0,48.02236667,314.4,27.38166667,56.92333333
05-03-2021 14:00,3,14.26333333,29.155,46.85026667,744.327,51.53543333,264.62,27.41166667,56.54166667
05-03-2021 14:00,4,12.48333333,23.425,26.40235,753.304,37.8282,263.31,27.56166667,56.40333333
05-03-2021 14:00,5,15.82666667,29.65166667,39.58716667,684.735,39.4279,284.7066667,27.62,55.93833333
05-03-2021 14:00,6,8.946666667,20.82,8.768066667,11551.68,27.22626667,379.9,22.47333333,44.65333333
05-03-2021 15:00,1,18.12833333,40.08166667,61.0493,1008.289,91.43383333,295.6233333,27.16833333,57.88833333
05-03-2021 15:00,2,18.04,38.215,64.05923333,0.0,48.7438,314.4,27.46666667,57.435
05-03-2021 15:00,3,15.83166667,34.02166667,47.8972,836.771,51.59816667,266.3666667,27.445,57.055
05-03-2021 15:00,4,14.97833333,30.115,26.66408333,821.109,37.8282,262.0,27.60833333,57.01
05-03-2021 15:00,5,16.29666667,32.46833333,42.46623333,797.043,40.3689,288.2,27.70833333,56.305
05-03-2021 15:00,6,7.805084746,14.16610169,35.00128814,1201.551864,73.55749153,389.8915254,22.35084746,46.73898305
05-03-2021 16:00,1,26.07833333,57.42833333,53.85163333,836.962,87.19933333,292.5666667,27.38666667,56.07666667
05-03-2021 16:00,2,24.93,53.38666667,63.53576667,0.0,48.30466667,314.8366667,27.795,55.41666667
05-03-2021 16:00,3,22.435,48.50166667,45.44345,720.07,50.65716667,265.93,27.595,55.53666667
05-03-2021 16:00,4,20.35666667,41.825,22.70536667,729.429,36.73036667,263.7466667,27.79333333,55.195
05-03-2021 16:00,5,23.62833333,47.73166667,39.52173333,677.859,38.23596667,288.2,27.88166667,54.73666667
05-03-2021 16:00,6,7.485714286,11.99285714,31.17430952,904.5214286,70.08209524,252.6428571,21.99285714,44.71190476
11-03-2021 17:00,1,22.53,52.865,81.75895,1041.905,113.1082,339.29,29.015,57.75333333
11-03-2021 17:00,2,21.31166667,48.055,60.78756667,0.0,51.72363333,341.91,29.34,57.68833333
11-03-2021 17:00,3,12.55454545,29.57272727,82.62445455,1235.596364,81.09709091,335.8363636,24.22727273,60.46363636
11-03-2021 17:00,4,17.17666667,37.60666667,37.52601667,965.123,34.3465,328.3733333,29.28666667,57.54166667
11-03-2021 17:00,5,19.83,41.82666667,64.15738333,705.363,50.5317,314.8366667,29.20666667,57.22166667
11-03-2021 17:00,6,13.76666667,29.54,53.91706667,1290.396,107.0230667,349.3333333,23.72,60.24
12-03-2021 10:00,1,37.09666667,89.38833333,83.39478333,1560.852,74.18216667,365.49,30.235,56.02166667
12-03-2021 10:00,2,35.31666667,65.78666667,67.78893333,0.0,32.96636667,417.0166667,30.03833333,56.51
12-03-2021 10:00,3,12.8,37.84444444,0.0,10613.23333,0.0,335.8363636,22.45555556,48.93333333
12-03-2021 10:00,4,27.23166667,61.33833333,46.88298333,1542.707,18.22403333,394.31,30.06666667,56.13833333
12-03-2021 10:00,5,32.96666667,73.66666667,63.4049,1290.969,40.5571,417.0166667,30.38666667,55.635
12-03-2021 10:00,6,14.59230769,40.33846154,0.453,21092.57077,4.198307692,349.3333333,23.31538462,51.53846154
26-03-2021 16:00,1,19.62333333,58.58166667,95.63081667,772.213,106.7094,370.2933333,32.845,52.90166667
26-03-2021 16:00,2,14.725,42.29545455,17.44393182,0.0,6.244818182,417.0166667,32.80909091,53.59318182
26-03-2021 16:00,3,16.56833333,49.98166667,59.44618333,1435.556,6.994766667,604.7833333,33.84166667,51.95333333
26-03-2021 16:00,4,23.23333333,90.73,71.8458,1099.205,30.36293333,489.0666667,33.46,53.62833333
26-03-2021 16:00,5,15.835,42.45166667,133.6475833,1935.594,66.96783333,638.8433333,33.16333333,54.21166667
26-03-2021 16:00,6,60.64745763,145.9762712,87.40340678,2543.731525,77.70427119,349.3333333,33.82033898,51.98983051
26-03-2021 17:00,1,18.42666667,51.22166667,91.96655,687.6,124.5256667,334.4866667,31.60166667,55.78833333
26-03-2021 17:00,2,15.795,43.73833333,72.46741667,0.0,30.64523333,654.1266667,31.44833333,58.77666667
26-03-2021 17:00,3,17.55666667,55.25166667,73.84151667,1950.683,32.58996667,611.77,32.46166667,55.88166667
26-03-2021 17:00,4,23.94333333,81.055,55.09486667,1002.177,30.55113333,394.7466667,32.37333333,53.41666667
26-03-2021 17:00,5,16.28166667,42.06833333,115.0645167,2417.678,71.516,674.65,32.06166667,57.39166667
26-03-2021 17:00,6,103.68,237.3016667,93.76596667,2776.758,100.3419667,349.3333333,32.42666667,56.24
26-03-2021 18:00,1,17.56829268,44.19512195,89.05317073,660.2078049,123.3857561,310.5658537,30.6902439,58.69268293
26-03-2021 18:00,2,17.70238095,45.3047619,107.3574048,0.0,54.21952381,515.2666667,30.51428571,62.53809524
26-03-2021 18:00,3,16.11818182,48.85227273,67.94656818,1710.144545,42.00281818,517.45,31.60227273,56.02954545
26-03-2021 18:00,4,22.05128205,59.17179487,68.95666667,1160.398462,48.98025641,392.3282051,31.4025641,57.05384615
26-03-2021 18:00,5,15.0225,38.6625,95.30365,1715.562,64.69375,533.825,31.34,57.07
26-03-2021 18:00,6,105.1714286,235.5357143,88.70890476,2152.024286,106.2881905,693.6761905,31.76190476,57.30238095
09-04-2021 16:00,1,33.37166667,80.82166667,170.781,989.189,177.2530333,233.18,30.73833333,69.275
09-04-2021 16:00,2,30.06166667,59.40666667,110.2551667,0.0,47.26956667,368.5466667,30.0,71.30333333
09-04-2021 16:00,3,45.16,0.0,45.9342,2697.684,30.4884,517.45,30.04,70.38
09-04-2021 16:00,4,40.66727273,102.7145455,108.0363818,1358.947636,57.69185455,386.8072727,27.89636364,92.57636364
09-04-2021 16:00,5,26.465,64.19666667,132.2734833,1799.029,65.1172,472.0366667,29.99833333,73.435
09-04-2021 16:00,6,28.80833333,68.41333333,111.6947,1393.536,89.61456667,383.3933333,30.11833333,70.85166667
09-04-2021 17:00,1,32.78833333,82.67166667,152.0670667,1152.303,161.3815,239.73,29.68666667,69.04
09-04-2021 17:00,2,26.82166667,55.96166667,131.4555667,0.0,61.7296,399.55,28.83166667,76.44333333
09-04-2021 17:00,3,48.665,0.0,102.8939167,1398.502,68.5048,391.69,29.53333333,73.72333333
09-04-2021 17:00,4,39.895,97.39,84.17998333,1070.555,48.14783333,286.89,22.435,34.89166667
09-04-2021 17:00,5,25.81,59.60666667,127.2351167,2988.195,68.25386667,694.3,29.75333333,72.32166667
09-04-2021 17:00,6,28.09333333,67.40833333,107.7359833,1815.837,102.3180667,470.29,29.555,74.34666667
09-04-2021 18:00,1,29.15333333,71.93666667,143.59345,1023.378,142.3419333,214.84,29.15666667,70.95
09-04-2021 18:00,2,24.87,51.425,140.4199333,0.0,74.93496667,320.0766667,27.37,83.25166667
09-04-2021 18:00,3,43.24,0.0,105.9365667,1324.012,73.14706667,347.5866667,26.81,87.37333333
09-04-2021 18:00,4,45.095,108.5616667,91.44308333,1144.281,60.09853333,272.9166667,22.01333333,32.04333333
09-04-2021 18:00,5,20.56333333,44.14666667,157.6943333,2257.62,91.02606667,501.2933333,27.09166667,86.14333333
09-04-2021 18:00,6,29.09333333,79.26166667,121.41155,1555.504,116.5899,382.0833333,27.41166667,83.5
09-04-2021 19:00,1,32.46166667,81.62833333,131.7173,999.312,143.0633667,206.5433333,28.82333333,71.52333333
09-04-2021 19:00,2,20.62833333,44.46833333,169.2760333,0.0,84.47043333,234.49,25.52,88.07166667
09-04-2021 19:00,3,37.41,0.0,139.3075667,1342.73,100.8752,282.96,25.09333333,92.10833333
09-04-2021 19:00,4,41.81833333,105.5883333,88.89118333,1291.542,65.36813333,283.8333333,27.95166667,81.91333333
09-04-2021 19:00,5,24.00333333,51.73166667,144.4113667,2953.242,98.0522,600.4166667,27.26,84.04833333
09-04-2021 19:00,6,23.79166667,48.57833333,122.0331667,1516.54,127.7564333,338.4166667,27.07333333,83.02166667
09-04-2021 20:00,1,31.76666667,78.66333333,134.1383333,959.393,155.0454333,192.57,28.445,74.1
09-04-2021 20:00,2,23.87333333,48.89333333,147.4540167,0.0,87.513,305.23,26.67833333,86.84333333
09-04-2021 20:00,3,43.71833333,0.0,124.0943167,1945.526,104.2628,402.17,26.32833333,89.14166667
09-04-2021 20:00,4,41.16833333,103.1,89.02205,1019.94,66.4346,234.0533333,28.17666667,80.32333333
09-04-2021 20:00,5,25.36333333,59.95666667,128.0530333,2885.819,91.8416,599.1066667,27.70166667,83.24666667
09-04-2021 20:00,6,29.065,68.77333333,109.6008333,3205.171,140.8990667,665.0433333,27.52833333,83.905
09-04-2021 21:00,1,32.34666667,79.39333333,134.2692,975.246,163.3576,197.81,28.08166667,77.07333333
09-04-2021 21:00,2,24.74833333,51.01333333,120.43005,0.0,80.20456667,339.7266667,27.02166667,86.56833333
09-04-2021 21:00,3,49.47833333,0.0,116.6676333,2171.479,108.5286667,450.2033333,26.655,90.08166667
09-04-2021 21:00,4,39.47166667,99.44333333,83.68923333,1092.711,65.36813333,244.97,28.01166667,80.69333333
09-04-2021 21:00,5,26.41166667,63.68666667,107.0489333,2122.201,77.31883333,480.77,28.06166667,79.72166667
09-04-2021 21:00,6,30.55833333,80.11833333,97.23393333,3413.361,132.5555333,665.0433333,27.88,82.585
09-04-2021 22:00,1,30.64,74.82,135.2179833,863.129,171.5756667,173.3566667,27.87166667,79.23
09-04-2021 22:00,2,29.02333333,59.64,116.2096,0.0,85.5369,352.39,27.125,86.67333333
09-04-2021 22:00,3,52.08666667,0.0,103.9081333,2085.147,103.1649667,448.8933333,27.29333333,87.445
09-04-2021 22:00,4,39.53833333,99.89333333,81.59536667,1060.05,69.50853333,233.6166667,27.885,81.33333333
09-04-2021 22:00,5,27.05166667,63.89166667,103.0902167,1546.718,74.7154,375.5333333,28.09333333,78.8
09-04-2021 22:00,6,30.24666667,77.35,90.72331667,2308.617,125.6862333,501.73,28.01166667,81.33666667
09-04-2021 23:00,1,30.75666667,79.18666667,130.8666667,851.287,179.0723,157.6366667,27.78166667,80.57166667
09-04-2021 23:00,2,36.17931034,67.31206897,108.3372931,0.0,80.34193103,299.9448276,27.2137931,86.23275862
09-04-2021 23:00,3,48.15166667,0.0,85.94668333,1374.054,88.20306667,335.7966667,27.455,85.78166667
09-04-2021 23:00,4,39.55833333,98.91833333,82.51143333,837.153,74.9977,194.7533333,27.84333333,81.83333333
09-04-2021 23:00,5,24.97166667,58.455,106.68905,1152.112,73.83713333,317.8933333,28.16833333,79.10166667
09-04-2021 23:00,6,27.78333333,69.415,87.51708333,1309.878,112.7004333,324.4433333,28.05333333,80.41
10-04-2021 00:00,1,30.01166667,74.13666667,121.21525,777.943,152.4733667,157.2,27.875,80.58666667
10-04-2021 00:00,2,36.92833333,68.55833333,107.27795,0.0,80.04773333,265.4933333,27.21166667,86.81333333
10-04-2021 00:00,3,44.49,0.0,75.44463333,712.621,73.61756667,229.25,27.66833333,83.87666667
10-04-2021 00:00,4,37.495,93.49,80.22126667,602.605,61.6355,172.4833333,27.77,82.21833333
10-04-2021 00:00,5,23.25833333,53.07833333,101.4871,720.834,66.49733333,260.69,28.11666667,80.07833333
10-04-2021 00:00,6,27.29833333,67.15,84.89975,924.631,106.5839333,254.5766667,27.94333333,81.53166667
10-04-2021 01:00,1,28.51166667,69.9,125.0431,738.979,154.3553667,157.2,27.62666667,82.32
10-04-2021 01:00,2,29.73833333,60.195,92.68631667,0.0,79.45176667,293.8766667,27.14166667,88.075
10-04-2021 01:00,3,53.22333333,0.0,89.18563333,803.728,86.79156667,230.1233333,26.92333333,88.54333333
10-04-2021 01:00,4,38.765,98.48833333,80.81016667,593.819,61.9178,165.4966667,27.52666667,83.93833333
10-04-2021 01:00,5,23.785,54.84166667,101.8797,774.314,69.4458,287.3266667,27.99833333,81.22166667
10-04-2021 01:00,6,26.64833333,62.42333333,86.92818333,630.109,108.1209,194.3166667,27.83333333,82.79666667
10-04-2021 02:00,1,28.68,69.53333333,120.0701667,747.383,147.6742667,157.6366667,27.38666667,83.18833333
10-04-2021 02:00,2,28.58666667,59.01,91.4758,0.0,79.01263333,304.7933333,26.81,89.37333333
10-04-2021 02:00,3,72.58333333,0.0,94.71475,1189.93,99.9342,286.4533333,26.47833333,91.73
10-04-2021 02:00,4,39.05666667,98.35666667,77.80023333,556.192,58.93796667,157.6366667,27.465,83.68833333
10-04-2021 02:00,5,23.55333333,53.93,101.0617833,922.912,68.09703333,348.0233333,27.79166667,82.64166667
10-04-2021 02:00,6,26.63448276,63.94137931,84.91667241,632.8686207,108.1501034,191.0793103,27.63793103,84.02068966
10-04-2021 03:00,1,32.49666667,79.33166667,116.0460167,764.955,148.4584333,164.1866667,27.16333333,83.715
10-04-2021 03:00,2,30.79666667,60.55833333,93.30793333,0.0,80.11046667,305.23,26.63666667,90.14166667
10-04-2021 03:00,3,127.6616667,0.0,75.9681,1218.771,89.80276667,309.16,27.36833333,88.44333333
10-04-2021 03:00,4,38.81833333,98.67333333,72.53285,530.216,58.1538,151.5233333,27.27166667,83.03166667
10-04-2021 03:00,5,24.43833333,58.82833333,101.9451333,689.51,70.92003333,264.62,27.66833333,81.90333333
10-04-2021 03:00,6,28.02166667,74.345,86.60101667,1117.923,122.4241,272.48,27.47333333,84.29333333
10-04-2021 04:00,1,31.11833333,76.53,114.7046333,793.414,155.7668667,158.51,27.01,84.555
10-04-2021 04:00,2,28.45166667,58.625,99.78583333,0.0,80.61233333,327.0633333,26.71,89.435
10-04-2021 04:00,3,162.6933333,0.0,48.2898,1226.22,68.75573333,341.91,27.675,86.65
10-04-2021 04:00,4,41.97333333,110.22,79.82866667,611.2,76.4092,146.72,27.095,84.11
10-04-2021 04:00,5,24.045,55.54666667,105.2168,505.577,76.5974,204.7966667,27.45666667,82.33166667
10-04-2021 04:00,6,27.605,66.4,79.79595,871.151,107.6817667,230.1233333,27.80833333,81.40166667
10-04-2021 05:00,1,39.04666667,104.0966667,115.6534167,978.302,179.0095667,187.7666667,26.56166667,87.81666667
10-04-2021 05:00,2,27.09166667,55.94166667,93.96226667,0.0,73.24116667,339.29,26.96833333,84.69833333
10-04-2021 05:00,3,76.53,0.0,74.594,1442.05,84.4077,359.3766667,26.94833333,87.74666667
10-04-2021 05:00,4,47.22833333,127.4433333,78.61815,810.031,70.4809,191.6966667,26.93166667,84.40333333
10-04-2021 05:00,5,26.41,66.02833333,104.7587667,676.14,80.29866667,241.9133333,27.35166667,82.14666667
10-04-2021 05:00,6,33.10833333,90.10666667,86.01211667,1999.961,127.4741333,461.5566667,27.33333333,83.125
10-04-2021 06:00,1,49.66833333,138.9216667,113.3959667,1801.13,179.0723,342.3466667,26.45,89.42333333
10-04-2021 06:00,2,32.125,63.49666667,96.21971667,0.0,78.1971,564.61,27.91166667,79.53
10-04-2021 06:00,3,97.235,0.0,61.47461667,2203.949,77.50703333,519.1966667,27.875,85.39333333
10-04-2021 06:00,4,50.32,132.8983333,79.01075,1398.12,69.47716667,299.5533333,27.10833333,84.36
10-04-2021 06:00,5,26.38166667,65.25333333,97.03763333,1177.133,70.07313333,327.0633333,27.51,80.135
10-04-2021 06:00,6,33.06666667,89.34333333,85.03061667,4073.839,127.7878,519.4434783,27.68333333,80.51666667
10-04-2021 07:00,1,62.20166667,162.48,108.7502,1957.941,153.5084667,373.35,26.95166667,87.49833333
10-04-2021 07:00,2,33.655,63.86833333,80.6793,0.0,54.51526667,482.5166667,29.1,73.15833333
10-04-2021 07:00,3,102.2116667,0.0,72.79458333,2088.012,72.9275,515.7033333,28.60833333,80.85
10-04-2021 07:00,4,71.96833333,189.545,80.71201667,1568.301,65.08583333,338.4166667,27.99333333,81.68333333
10-04-2021 07:00,5,34.14666667,84.47333333,98.67346667,1224.501,63.92526667,340.6,28.20333333,78.68666667
10-04-2021 07:00,6,39.64666667,105.005,88.46586667,4839.749,125.0275333,379.9,28.445,78.33166667
10-04-2021 08:00,1,57.19,139.3183333,103.35195,1406.142,100.5615333,273.3533333,28.69666667,78.715
10-04-2021 08:00,2,41.73166667,74.97,91.01776667,0.0,49.27703333,457.19,30.35,69.08333333
10-04-2021 08:00,3,137.815,0.0,84.2127,1829.971,66.2464,474.6566667,29.78166667,75.98
10-04-2021 08:00,4,79.39333333,198.875,78.94531667,1593.322,46.54813333,349.77,29.05166667,77.46
10-04-2021 08:00,5,52.98,132.2833333,117.48555,1843.532,61.98053333,446.2733333,29.33333333,75.055
10-04-2021 08:00,6,58.06,151.565,106.5909,4882.533,128.9483667,379.9,29.12166667,76.685
10-04-2021 09:00,1,61.1,155.055,131.61915,1285.621,74.30763333,241.9133333,30.23166667,72.29333333
10-04-2021 09:00,2,50.01833333,84.96166667,85.09605,0.0,21.1725,465.9233333,31.80166667,63.16
10-04-2021 09:00,3,104.4733333,0.0,56.76341667,1065.398,22.3017,375.5333333,31.84666667,64.71666667
10-04-2021 09:00,4,63.99833333,157.0933333,79.17433333,1262.51,17.62806667,310.0333333,30.78666667,68.705
10-04-2021 09:00,5,63.62333333,154.6783333,121.8695833,1434.983,38.7692,401.7333333,31.28666667,66.59333333
10-04-2021 09:00,6,61.875,158.4866667,111.3021,3609.327,98.0522,389.8915254,30.62333333,69.55666667
10-04-2021 10:00,1,56.6,141.87,127.7585833,1039.231,27.50856667,215.7133333,31.91666667,64.22666667
10-04-2021 10:00,2,51.87166667,88.35833333,124.3233333,0.0,23.08586667,422.6933333,32.86166667,57.785
10-04-2021 10:00,3,116.69,0.0,75.60821667,1068.263,9.2218,402.6066667,32.925,61.37666667
10-04-2021 10:00,4,62.79666667,158.0766667,102.8939167,1022.041,7.9044,270.2966667,31.59,64.79666667
10-04-2021 10:00,5,56.495,150.6983333,100.60375,1224.883,3.795366667,465.4866667,33.355,57.53333333
10-04-2021 10:00,6,57.11166667,152.9733333,134.5309333,3522.422,93.3472,252.6428571,31.275,65.93666667
10-04-2021 11:00,1,39.995,99.62333333,117.87815,862.174,28.29273333,212.6566667,32.72166667,57.76166667
10-04-2021 11:00,2,41.655,74.53,90.13441667,0.0,1.7879,457.19,34.70333333,48.28
10-04-2021 11:00,3,94.84333333,0.0,63.73206667,861.792,1.160566667,385.5766667,33.49166667,55.885
10-04-2021 11:00,4,57.205,144.6083333,110.0588667,917.182,9.159066667,265.93,31.92333333,63.10333333
10-04-2021 11:00,5,48.015,118.3466667,103.4828167,1576.705,3.795366667,593.43,34.61,52.09833333
10-04-2021 11:00,6,55.515,144.7516667,134.9235333,2809.992,73.80576667,680.3266667,32.60666667,60.04
10-04-2021 12:00,1,35.84,87.57833333,115.2935333,802.009,31.39803333,216.5866667,33.13,54.08166667
10-04-2021 12:00,2,41.47833333,74.76,120.4954833,0.0,2.666166667,419.6366667,34.58166667,48.285
10-04-2021 12:00,3,82.08333333,0.0,90.46158333,723.508,2.697533333,387.76,34.1,53.24833333
10-04-2021 12:00,4,45.47166667,112.2516667,88.59673333,766.865,0.909633333,279.03,33.13833333,56.28166667
10-04-2021 12:00,5,42.59166667,101.7783333,152.3615167,1457.521,17.18893333,532.2966667,34.10833333,51.80166667
10-04-2021 12:00,6,50.10666667,127.8233333,81.0719,2320.268,13.76996667,680.3266667,34.94166667,51.6
10-04-2021 13:00,1,35.08,87.43166667,113.854,730.957,25.06196667,237.5466667,34.645,50.00833333
10-04-2021 13:00,2,37.82833333,70.87833333,135.2507,0.0,10.1628,413.96,34.48,47.54833333
10-04-2021 13:00,3,71.05166667,0.0,72.72915,666.972,3.6699,392.1266667,34.11333333,51.87333333
10-04-2021 13:00,4,41.65333333,103.0783333,81.62808333,704.026,1.5056,297.8066667,34.23666667,52.28833333
10-04-2021 13:00,5,36.425,90.565,152.9831333,840.973,23.46226667,389.9433333,34.38,48.66333333
10-04-2021 13:00,6,44.32166667,110.265,87.1572,1669.149,8.1867,637.0966667,34.995,49.13
10-04-2021 14:00,1,31.99166667,78.11833333,93.99498333,645.962,2.227033333,253.2666667,35.74,43.86666667
10-04-2021 14:00,2,36.46833333,68.65833333,157.8579167,0.0,15.96563333,411.34,34.01,50.64
10-04-2021 14:00,3,66.17666667,0.0,59.51161667,605.088,2.132933333,432.3,35.55,46.87
10-04-2021 14:00,4,39.185,96.99166667,73.67793333,669.073,1.286033333,324.0066667,34.95333333,49.29166667
10-04-2021 14:00,5,34.24,83.78333333,160.7697,1129.574,39.58473333,430.99,34.16833333,50.69666667
10-04-2021 14:00,6,41.21666667,104.4516667,75.08475,1500.496,2.383866667,637.0966667,35.43333333,48.40166667
10-04-2021 15:00,1,31.68,80.74,185.60165,819.199,121.5772,256.3233333,33.62166667,54.73333333
10-04-2021 15:00,2,29.47666667,58.495,155.4696,0.0,49.52796667,413.0866667,33.51333333,56.70833333
10-04-2021 15:00,3,57.59166667,0.0,92.16285,733.631,11.0097,440.5966667,33.87166667,55.59833333
10-04-2021 15:00,4,34.99,91.10166667,98.28086667,791.886,14.115,340.6,34.04833333,55.80833333
10-04-2021 15:00,5,30.48166667,74.23333333,168.71985,1064.443,54.07613333,392.1266667,33.34166667,56.30666667
10-04-2021 15:00,6,34.48666667,85.02833333,117.68185,1055.657,47.01863333,524.0,34.16666667,54.48333333
10-04-2021 16:00,1,25.8,64.64166667,189.8875333,935.327,146.0432,238.8566667,30.73666667,63.74833333
10-04-2021 16:00,2,25.83018868,56.09245283,119.7800377,0.0,42.93090566,395.4716981,32.20943396,59.81698113
10-04-2021 16:00,3,48.32413793,0.0,104.6143621,972.7168966,45.46003448,401.1310345,32.81551724,59.20172414
10-04-2021 16:00,4,33.18166667,83.07333333,104.4643167,893.116,39.6161,313.9633333,31.62,63.46
10-04-2021 16:00,5,25.525,61.31,137.0828333,1294.789,60.1299,455.4433333,31.61666667,64.24166667
10-04-2021 16:00,6,29.74333333,74.67333333,110.2878833,1346.359,75.53093333,524.8733333,32.64333333,58.54833333
10-04-2021 17:00,1,28.76,73.35,178.92745,1194.705,180.1387667,286.4533333,29.80333333,71.11
10-04-2021 17:00,2,25.52333333,58.84,154.0300667,0.0,72.8334,374.66,30.50333333,65.88666667
10-04-2021 17:00,3,43.61,0.0,111.7274167,1296.317,68.47343333,409.5933333,30.84333333,66.05
10-04-2021 17:00,4,38.91833333,94.33166667,119.5139833,1335.854,84.28223333,339.7266667,30.35833333,70.47833333
10-04-2021 17:00,5,22.77666667,54.225,158.51225,2022.499,95.3233,498.2366667,30.215,70.75
10-04-2021 17:00,6,27.14333333,70.60166667,133.3204167,2899.38,139.2052667,524.8733333,30.51666667,69.17666667
10-04-2021 18:00,1,26.33833333,60.9,178.2076833,1312.934,188.3254667,279.9033333,27.65833333,83.29166667
10-04-2021 18:00,2,24.02833333,51.99166667,141.5650167,0.0,84.90956667,367.6733333,29.95333333,69.775
10-04-2021 18:00,3,47.22666667,0.0,113.1342333,1475.475,82.08656667,421.3833333,30.03166667,71.135
10-04-2021 18:00,4,40.945,104.5433333,100.0802833,1614.714,77.22473333,389.5066667,30.01166667,71.78
10-04-2021 18:00,5,24.30666667,57.57333333,121.3461167,1733.134,79.76543333,457.6266667,30.36,69.55666667
10-04-2021 18:00,6,28.985,73.96666667,110.1243,2610.397,126.9095333,660.6766667,30.80833333,67.75333333
10-04-2021 19:00,1,26.20666667,62.09166667,149.87505,1762.93,175.4651333,341.91,27.44833333,83.51833333
10-04-2021 19:00,2,25.18,54.14166667,119.5794167,0.0,85.5369,406.5366667,29.875,70.26333333
10-04-2021 19:00,3,48.69,0.0,120.9208,1613.377,96.67206667,405.6633333,28.095,82.41
10-04-2021 19:00,4,43.28,108.76,106.2310167,2239.475,92.81396667,470.29,29.00166667,78.14666667
10-04-2021 19:00,5,23.42166667,53.53166667,106.002,1220.49,67.62653333,367.2366667,29.99666667,68.19833333
10-04-2021 19:00,6,30.31166667,73.04166667,87.5498,2036.442,103.51,544.0866667,30.85666667,65.15666667
10-04-2021 20:00,1,27.13666667,71.0,148.30465,1729.696,170.7601333,316.5833333,26.59333333,85.23333333
10-04-2021 20:00,2,22.26166667,49.12166667,113.4286833,0.0,78.2912,309.5966667,29.44,69.735
10-04-2021 20:00,3,38.92,0.0,91.6721,1234.815,74.21353333,317.02,27.73666667,80.85166667
10-04-2021 20:00,4,46.29,116.78,110.3860333,2217.701,93.66086667,454.1333333,27.73666667,82.05666667
10-04-2021 20:00,5,27.60166667,66.07166667,127.4314167,2099.663,88.95586667,510.4633333,29.24166667,74.105
10-04-2021 20:00,6,31.12166667,71.39666667,111.4984,2083.046,133.9356667,524.0,28.77166667,75.85
10-04-2021 21:00,1,25.39666667,66.16666667,128.3802,1703.529,162.5420667,318.7666667,26.85833333,83.48833333
10-04-2021 21:00,2,24.52881356,52.42542373,116.8484068,0.0,85.61505085,347.7050847,29.01016949,73.01525424
10-04-2021 21:00,3,37.98,0.0,76.22983333,1211.322,66.7169,295.1866667,28.09166667,77.46
10-04-2021 21:00,4,42.26666667,107.1245614,104.7622105,2250.181053,90.73221053,437.5859649,27.65438596,81.28421053
10-04-2021 21:00,5,27.42666667,66.665,124.1270333,2645.35,92.7826,586.0066667,28.90666667,75.92333333
10-04-2021 21:00,6,31.70666667,86.51833333,114.5083333,3536.938,153.4457333,524.0,28.61333333,77.0
10-04-2021 22:00,1,25.0,65.01166667,124.4869167,1366.605,168.1880667,258.5066667,27.04666667,82.465
10-04-2021 22:00,2,23.55333333,52.29833333,119.8084333,0.0,89.6773,289.51,28.57666667,75.13666667
10-04-2021 22:00,3,47.20333333,0.0,88.04055,1777.637,87.95213333,395.1833333,28.59333333,76.11
10-04-2021 22:00,4,37.18387097,94.46129032,90.55129032,1290.913548,86.26845161,286.5096774,28.30967742,78.35483871
10-04-2021 22:00,5,25.12833333,59.03833333,106.7544833,1402.131,79.7968,385.14,28.8,75.48166667
10-04-2021 22:00,6,28.14,78.27166667,85.55408333,2122.392,113.2336667,520.07,29.11,73.46333333
10-04-2021 23:00,1,29.70166667,80.825,114.1811667,1521.697,179.7937333,276.41,27.30333333,82.50666667
10-04-2021 23:00,2,21.11034483,48.87241379,108.2696034,0.0,83.81389655,246.6413793,28.28965517,76.29137931
10-04-2021 23:00,3,37.67333333,0.0,61.37646667,798.38,61.98053333,249.3366667,28.985,73.31833333
10-04-2021 23:00,4,36.445,89.16333333,66.38211667,912.598,57.18143333,240.6033333,28.25,77.15
10-04-2021 23:00,5,21.50333333,49.22833333,96.05613333,869.432,67.752,292.5666667,28.60333333,74.69166667
10-04-2021 23:00,6,22.72333333,51.625,77.86566667,823.592,95.95063333,277.72,29.34833333,71.74833333
11-04-2021 00:00,1,33.61166667,84.76833333,103.6136833,1178.852,160.3777667,237.9833333,27.16166667,83.16166667
11-04-2021 00:00,2,17.73666667,42.92,92.22828333,0.0,68.3166,219.6433333,28.235,73.91
11-04-2021 00:00,3,35.01166667,0.0,55.29116667,624.57,56.11496667,217.0233333,28.82333333,72.53666667
11-04-2021 00:00,4,33.205,80.79166667,66.90558333,757.506,61.13363333,209.6,27.97,76.70333333
11-04-2021 00:00,5,21.18,47.74666667,96.67775,536.901,69.32033333,241.04,28.28166667,74.825
11-04-2021 00:00,6,22.32,52.06333333,75.60821667,715.104,97.14256667,244.5333333,29.12666667,71.19833333
11-04-2021 01:00,1,30.17166667,76.94333333,95.23821667,1007.716,148.1761333,218.3333333,27.285,81.575
11-04-2021 01:00,2,17.08666667,42.17666667,93.66781667,0.0,68.5989,203.4866667,28.04,73.79833333
11-04-2021 01:00,3,34.29666667,0.0,64.84443333,564.978,64.7408,198.6833333,28.64666667,72.51333333
11-04-2021 01:00,4,30.16833333,73.43166667,66.9383,656.467,59.12616667,193.0066667,28.01333333,75.86833333
11-04-2021 01:00,5,21.835,50.36333333,93.86411667,502.33,68.1284,233.6166667,28.2,74.52166667
11-04-2021 01:00,6,22.69166667,52.08,77.47306667,653.411,104.4196333,225.7566667,29.01333333,71.15166667
11-04-2021 02:00,1,31.62,77.14333333,89.87268333,899.61,139.2052667,217.46,27.14166667,79.095
11-04-2021 02:00,2,21.21666667,48.21333333,97.88826667,0.0,75.71913333,210.91,27.69833333,74.81
11-04-2021 02:00,3,31.24666667,0.0,69.91551667,526.969,67.59516667,183.8366667,28.43333333,71.72166667
11-04-2021 02:00,4,27.71833333,65.83166667,63.83021667,585.988,52.66463333,182.09,27.83833333,75.22
11-04-2021 02:00,5,19.79166667,44.85833333,92.19556667,454.389,69.03803333,224.01,27.93833333,74.78
11-04-2021 02:00,6,21.36551724,47.66034483,74.89860345,590.5851724,99.48641379,209.1482759,28.87068966,70.48965517
11-04-2021 03:00,1,32.5,83.775,104.4316,1000.076,164.4240667,225.32,26.545,82.58
11-04-2021 03:00,2,22.79833333,49.845,97.03763333,0.0,79.45176667,225.32,27.50666667,74.94
11-04-2021 03:00,3,29.28333333,0.0,67.9198,516.273,65.83863333,178.16,28.08333333,72.59166667
11-04-2021 03:00,4,26.26333333,61.07333333,64.81171667,581.022,51.9432,177.2866667,27.57166667,75.265
11-04-2021 03:00,5,19.195,41.99333333,92.49001667,455.344,68.09703333,209.6,27.65333333,74.78
11-04-2021 03:00,6,20.51166667,45.03333333,73.93966667,602.796,98.2404,205.67,28.62,70.53333333
11-04-2021 04:00,1,31.795,78.72833333,103.6464,998.357,157.2411,221.39,26.23666667,83.38833333
11-04-2021 04:00,2,22.60333333,48.59333333,97.9537,0.0,79.26356667,251.0833333,27.41,73.93
11-04-2021 04:00,3,27.30666667,0.0,77.5385,546.069,73.398,171.1733333,27.77,73.28833333
11-04-2021 04:00,4,24.39,54.81166667,67.82165,580.258,51.0963,168.1166667,27.15,76.09333333
11-04-2021 04:00,5,18.87166667,41.63166667,96.31786667,657.231,73.99396667,248.0266667,27.49833333,75.58166667
11-04-2021 04:00,6,21.08666667,46.17333333,80.05768333,656.085,107.8699667,213.53,28.41666667,71.44833333
11-04-2021 05:00,1,40.905,113.5383333,113.9848667,1251.623,178.7272667,268.9866667,25.895,86.46
11-04-2021 05:00,2,25.67166667,53.745,101.8469833,0.0,87.57573333,364.18,27.34833333,74.435
11-04-2021 05:00,3,27.96833333,0.0,90.298,854.343,87.45026667,211.7833333,27.29,75.07166667
11-04-2021 05:00,4,24.42,55.19,73.54706667,725.609,57.46373333,186.02,26.88166667,77.385
11-04-2021 05:00,5,17.57666667,37.865,99.16421667,678.432,76.44056667,220.9533333,27.335,76.12
11-04-2021 05:00,6,20.78,51.21166667,83.36206667,1163.19,118.7855667,292.13,28.11833333,72.71333333
11-04-2021 06:00,1,44.22833333,120.6866667,105.3476667,1355.145,164.2672333,296.06,26.395,84.31333333
11-04-2021 06:00,2,25.855,54.425,97.33208333,0.0,81.7729,396.93,28.72166667,69.26333333
11-04-2021 06:00,3,32.14166667,0.0,85.32506667,1114.485,83.2785,265.4933333,28.00166667,73.39833333
11-04-2021 06:00,4,31.43,74.51833333,75.60821667,928.069,63.01563333,224.4466667,27.11666667,77.48833333
11-04-2021 06:00,5,16.36666667,34.66833333,98.31358333,756.933,67.15603333,242.35,27.53166667,74.61
11-04-2021 06:00,6,19.11166667,44.94833333,81.4645,1745.167,112.1985667,412.65,28.35666667,71.28833333
11-04-2021 07:00,1,32.12,85.32666667,77.17861667,956.146,103.8236667,224.4466667,28.30666667,74.04
11-04-2021 07:00,2,21.77333333,48.53,82.67501667,0.0,58.37336667,365.49,29.86833333,64.41666667
11-04-2021 07:00,3,56.98,0.0,68.57413333,1016.311,58.40473333,286.89,29.64166667,68.55666667
11-04-2021 07:00,4,41.19166667,104.2433333,69.98095,1158.606,49.52796667,274.2266667,28.71166667,71.955
11-04-2021 07:00,5,19.555,42.65666667,97.3648,967.797,59.7535,284.27,28.445,72.00166667
11-04-2021 07:00,6,21.39166667,53.41,81.75895,2526.93,107.3053667,572.0333333,29.18,68.68333333
11-04-2021 08:00,1,26.38333333,68.08,67.10188333,854.725,57.0246,214.4033333,30.72333333,63.16166667
11-04-2021 08:00,2,19.44,45.69166667,68.1161,0.0,39.45926667,378.59,31.53166667,57.73
11-04-2021 08:00,3,49.47166667,0.0,61.60548333,896.745,32.02536667,296.06,31.55666667,60.19666667
11-04-2021 08:00,4,27.27833333,66.12833333,49.23858333,931.698,14.52276667,264.1833333,30.75833333,62.645
11-04-2021 08:00,5,24.73833333,54.985,83.6238,1013.064,43.34873333,317.02,30.86166667,62.51
11-04-2021 08:00,6,28.705,72.26166667,87.77881667,3053.326,103.9805,686.8766667,30.37666667,63.875
11-04-2021 09:00,1,23.72333333,66.98666667,57.22145,619.031,13.70723333,193.0066667,32.52833333,55.07833333
11-04-2021 09:00,2,19.585,45.58166667,62.78328333,0.0,18.88273333,371.6033333,32.34333333,53.87666667
11-04-2021 09:00,3,41.49,0.0,52.44481667,782.145,9.159066667,306.9766667,33.10666667,53.89333333
11-04-2021 09:00,4,25.79833333,64.98166667,38.8674,816.907,0.125466667,276.8466667,32.64166667,55.015
11-04-2021 09:00,5,21.91833333,47.74166667,11.3854,732.867,0.690066667,414.8333333,33.64166667,52.51
11-04-2021 09:00,6,24.39166667,59.37833333,78.84716667,2038.543,72.14333333,520.5066667,32.07166667,56.89
11-04-2021 10:00,1,24.63833333,66.60333333,63.86293333,560.203,4.014933333,211.7833333,33.99666667,49.685
11-04-2021 10:00,2,20.29833333,45.79333333,88.49858333,0.0,28.16726667,350.6433333,33.31333333,51.02666667
11-04-2021 10:00,3,38.74833333,0.0,44.1675,637.749,0.972366667,327.0633333,34.20166667,50.16
11-04-2021 10:00,4,24.73333333,58.29,29.21598333,676.713,0.0,307.85,34.385,49.60166667
11-04-2021 10:00,5,20.96,44.74333333,20.97138333,656.085,0.0,485.1366667,35.34,47.75833333
11-04-2021 10:00,6,23.00666667,53.85666667,76.39341667,1376.346,42.94096667,428.37,33.235,53.01666667
11-04-2021 11:00,1,22.78,54.06666667,56.37081667,515.318,2.195666667,257.1966667,35.56833333,44.75333333
11-04-2021 11:00,2,21.89,47.72833333,90.13441667,0.0,16.68706667,374.66,34.18,48.11833333
11-04-2021 11:00,3,33.83333333,0.0,35.75931667,543.204,0.0,349.77,35.02,47.05166667
11-04-2021 11:00,4,24.40833333,54.29,17.24168333,649.973,0.0,351.9533333,35.76166667,44.86166667
11-04-2021 11:00,5,21.91833333,46.29666667,34.45065,571.663,0.0,516.5766667,36.24166667,43.32333333
11-04-2021 11:00,6,23.735,54.29833333,63.14316667,1357.246,24.81103333,456.7533333,35.00833333,46.65166667
11-04-2021 12:00,1,22.69333333,50.295,75.34648333,523.149,7.088866667,274.6633333,35.95833333,43.66333333
11-04-2021 12:00,2,23.89,50.82,126.4499167,0.0,26.78713333,364.18,34.44,48.29666667
11-04-2021 12:00,3,36.78333333,0.0,29.01968333,489.915,0.0,375.97,35.765,43.915
11-04-2021 12:00,4,25.52666667,56.64,31.27713333,586.561,0.0,371.6033333,36.16,43.92333333
11-04-2021 12:00,5,24.355,51.68,116.6349167,756.36,17.7849,461.5566667,34.58,47.95
11-04-2021 12:00,6,26.78666667,60.81,40.20878333,1157.842,1.944733333,545.3966667,35.80166667,45.45833333
11-04-2021 13:00,1,28.30166667,66.14333333,148.8608333,713.003,78.5735,265.4933333,34.165,50.57666667
11-04-2021 13:00,2,22.54333333,49.81333333,131.7827333,0.0,36.35396667,367.2366667,33.94166667,52.45833333
11-04-2021 13:00,3,40.48166667,0.0,92.98076667,721.789,23.93276667,356.32,32.29833333,59.635
11-04-2021 13:00,4,29.45833333,69.87333333,117.2565333,827.794,32.3704,347.15,33.07166667,59.91
11-04-2021 13:00,5,20.05,43.44,237.2612667,2119.336,114.4256,513.9566667,30.32166667,71.99833333
11-04-2021 13:00,6,28.31,66.22666667,134.4327833,1505.462,87.35616667,519.6333333,32.28,61.15
11-04-2021 14:00,1,24.405,56.96166667,136.91925,802.582,87.95213333,301.3,34.2,53.07833333
11-04-2021 14:00,2,19.87333333,45.69833333,100.4728833,0.0,29.95516667,386.0133333,34.02,51.66
11-04-2021 14:00,3,26.59666667,0.0,172.6131333,750.057,99.11866667,232.3066667,26.62666667,87.685
11-04-2021 14:00,4,33.47333333,79.17,161.2277333,990.335,82.93346667,264.1833333,28.615,79.96833333
11-04-2021 14:00,5,19.23,41.115,206.7366167,1888.799,106.8662333,437.1033333,29.60166667,76.19666667
11-04-2021 14:00,6,21.87,47.08333333,159.6573333,2151.233,144.8199,567.23,29.89833333,74.09166667
11-04-2021 15:00,1,21.62666667,52.71,92.58816667,820.727,54.51526667,337.98,35.25166667,50.88
11-04-2021 15:00,2,17.81333333,43.35333333,91.11591667,0.0,34.4406,396.93,33.53,52.76833333
11-04-2021 15:00,3,27.39833333,0.0,191.1634833,1506.417,128.6033333,320.95,27.57,89.70333333
11-04-2021 15:00,4,28.025,65.495,145.36015,1859.767,97.9581,374.2233333,30.47333333,72.33666667
11-04-2021 15:00,5,17.995,41.29666667,130.0814667,2132.133,73.27253333,521.8166667,31.38333333,64.22
11-04-2021 15:00,6,19.15833333,44.25,111.891,1651.577,96.98573333,443.6533333,31.55166667,63.53166667
11-04-2021 16:00,1,23.98,58.61833333,113.5268333,830.086,82.49433333,295.6233333,32.88,52.91
11-04-2021 16:00,2,17.45,42.535,90.72331667,0.0,33.90736667,396.93,32.94166667,54.215
11-04-2021 16:00,3,25.41206897,0.0,96.39006897,1117.152414,69.17972414,293.6206897,30.20172414,69.52413793
11-04-2021 16:00,4,21.69166667,52.805,58.75913333,1008.098,30.6766,282.0866667,31.9,61.28833333
11-04-2021 16:00,5,18.595,42.48833333,70.79886667,1028.726,29.76696667,386.0133333,32.47166667,55.38666667
11-04-2021 16:00,6,18.53333333,43.285,64.87715,1027.58,41.46673333,359.8133333,32.675,54.4
11-04-2021 17:00,1,26.83166667,70.665,157.0727167,1250.286,146.6391667,327.9366667,31.12,61.46333333
11-04-2021 17:00,2,19.76666667,45.68333333,106.9835,0.0,50.68853333,397.8033333,31.755,57.59166667
11-04-2021 17:00,3,29.34833333,0.0,64.02651667,999.121,49.93573333,296.9333333,30.83,62.01666667
11-04-2021 17:00,4,25.10666667,61.10166667,62.48883333,1231.186,44.4152,313.9633333,31.22166667,63.33666667
11-04-2021 17:00,5,20.26333333,46.08833333,90.00355,1420.467,49.62206667,437.1033333,31.7,58.505
11-04-2021 17:00,6,20.64,49.69,73.84151667,1627.893,67.03056667,480.77,32.07166667,56.55833333
11-04-2021 18:00,1,24.34,62.32166667,109.8625667,1080.296,120.3225333,293.0033333,30.905,58.04166667
11-04-2021 18:00,2,21.71333333,48.31,126.8752333,0.0,72.6452,374.66,30.51333333,62.57833333
11-04-2021 18:00,3,31.62333333,0.0,74.92116667,1187.065,60.72586667,333.6133333,30.31166667,64.26166667
11-04-2021 18:00,4,27.64,68.74666667,79.17433333,1691.496,71.82966667,370.73,30.12,67.83166667
11-04-2021 18:00,5,20.72333333,47.115,107.8014167,2043.891,71.95513333,518.3233333,30.90333333,62.31833333
11-04-2021 18:00,6,23.23166667,58.49333333,87.97511667,2340.896,97.4876,597.7966667,30.935,61.73666667
11-04-2021 19:00,1,24.47,59.44833333,113.7885667,967.224,132.0536667,267.6766667,29.97166667,62.315
11-04-2021 19:00,2,20.05833333,46.255,118.9578,0.0,74.55856667,351.08,29.85666667,65.085
11-04-2021 19:00,3,35.36166667,0.0,82.446,1486.935,72.77066667,372.9133333,30.03166667,65.255
11-04-2021 19:00,4,28.07333333,69.55,62.88143333,1257.544,48.0851,304.7933333,29.77666667,64.36833333
11-04-2021 19:00,5,21.58333333,49.32666667,102.2723,1689.395,69.7281,451.0766667,30.31,63.94333333
11-04-2021 19:00,6,24.72,59.81333333,88.62945,2025.746,103.9491333,521.8166667,30.61,63.04666667
11-04-2021 20:00,1,23.96166667,59.29,126.9406667,942.012,148.1761333,250.21,29.035,68.61
11-04-2021 20:00,2,21.09333333,47.97166667,117.5509833,0.0,82.49433333,334.9233333,29.31,68.29333333
11-04-2021 20:00,3,37.385,0.0,84.08183333,1259.072,74.49583333,330.9933333,29.52833333,65.86833333
11-04-2021 20:00,4,30.40666667,76.37,76.78601667,1080.678,56.80503333,271.6066667,29.06833333,69.09333333
11-04-2021 20:00,5,21.52166667,48.99333333,102.7957667,1190.312,68.9753,362.87,29.59666667,66.50833333
11-04-2021 20:00,6,25.68666667,59.52666667,83.6238,1332.989,97.864,381.6466667,30.22166667,63.97166667
11-04-2021 21:00,1,23.4,56.72833333,118.7287833,971.044,153.5084667,240.6033333,28.35333333,73.67333333
11-04-2021 21:00,2,21.03166667,47.47833333,116.4386167,0.0,83.78036667,290.82,28.98166667,70.42333333
11-04-2021 21:00,3,37.72666667,0.0,94.58388333,1095.003,83.59216667,291.6933333,29.08666667,70.14166667
11-04-2021 21:00,4,33.08,86.00166667,82.87131667,1137.023,65.33676667,269.86,28.54833333,73.32333333
11-04-2021 21:00,5,21.56833333,50.69833333,111.3675333,933.99,75.81323333,309.5966667,29.02,71.02
11-04-2021 21:00,6,25.18333333,58.22833333,88.76031667,1005.806,104.3255333,314.4,29.79,67.57166667
11-04-2021 22:00,1,22.82833333,55.33833333,112.18545,899.801,146.2627667,212.6566667,27.93333333,76.17
11-04-2021 22:00,2,20.05833333,46.53166667,109.3391,0.0,81.80426667,276.41,28.785,71.72666667
11-04-2021 22:00,3,38.455,0.0,94.55116667,1057.185,87.54436667,282.0866667,28.83,72.11333333
11-04-2021 22:00,4,33.63666667,88.63666667,78.38913333,990.908,63.01563333,240.6033333,28.21,75.10833333
11-04-2021 22:00,5,21.34,50.475,106.9835,889.869,73.05296667,298.68,28.70833333,72.69666667
11-04-2021 22:00,6,24.95833333,61.74166667,85.9794,1390.289,110.6302333,372.9133333,29.40666667,69.80666667
11-04-2021 23:00,1,23.71166667,58.66666667,107.3761,821.109,137.3546333,186.8933333,27.67833333,76.96666667
11-04-2021 23:00,2,18.32241379,43.88965517,107.7280862,0.0,79.69296552,233.9931034,28.45344828,73.12758621
11-04-2021 23:00,3,34.17,0.0,89.05476667,812.705,81.99246667,236.2366667,28.60166667,72.865
11-04-2021 23:00,4,33.77166667,87.84833333,80.02496667,878.409,72.2688,214.84,27.88166667,76.42333333
11-04-2021 23:00,5,19.52,43.93333333,99.39323333,624.188,65.7759,247.1533333,28.45333333,73.18
11-04-2021 23:00,6,25.40833333,59.015,82.11883333,907.25,100.9693,278.1566667,29.21333333,70.365
12-04-2021 00:00,1,24.49833333,60.65,105.1513667,797.998,143.9416333,183.8366667,27.47,77.70333333
12-04-2021 00:00,2,17.36,42.60333333,96.64503333,0.0,71.95513333,213.0933333,28.23333333,73.27166667
12-04-2021 00:00,3,32.67,0.0,85.68495,679.196,81.14556667,205.67,28.32333333,73.575
12-04-2021 00:00,4,32.125,80.91666667,76.03353333,743.945,70.07313333,188.2033333,27.6,77.32166667
12-04-2021 00:00,5,20.505,47.03333333,99.03335,542.44,70.0104,221.8266667,28.19,74.00333333
12-04-2021 00:00,6,22.495,51.47,79.53421667,622.469,99.49506667,215.7133333,29.00833333,70.46166667
12-04-2021 01:00,1,32.68833333,82.96,100.5056,795.897,139.6444,183.4,27.27,78.12
12-04-2021 01:00,2,16.23333333,41.30333333,98.7389,0.0,69.00666667,199.5566667,28.01833333,73.685
12-04-2021 01:00,3,34.88166667,0.0,86.73188333,575.101,83.12166667,175.9766667,28.275,73.51666667
12-04-2021 01:00,4,29.575,75.79833333,74.92116667,648.445,67.12466667,164.1866667,27.50333333,77.29666667
12-04-2021 01:00,5,21.01,49.61333333,99.26236667,455.153,70.26133333,210.0366667,27.99833333,74.54833333
12-04-2021 01:00,6,22.65666667,52.66166667,80.41756667,681.297,107.2426333,211.7833333,28.70333333,71.495
12-04-2021 02:00,1,25.63,65.61333333,99.16421667,783.864,149.7758333,182.09,26.98833333,79.35333333
12-04-2021 02:00,2,18.92333333,45.29833333,99.65496667,0.0,76.72286667,204.36,27.965,73.48666667
12-04-2021 02:00,3,34.64666667,0.0,93.30793333,573.955,92.0298,168.1166667,28.105,74.08166667
12-04-2021 02:00,4,27.765,70.32666667,73.6125,622.469,61.41593333,159.82,27.35,77.695
12-04-2021 02:00,5,20.38,47.97166667,96.31786667,519.329,69.28896667,224.4466667,27.86833333,74.91666667
12-04-2021 02:00,6,23.99827586,58.0137931,80.14455172,682.4627586,109.8698621,209.6,28.50517241,72.30689655
12-04-2021 03:00,1,26.145,66.63,102.1414333,786.538,159.6563333,183.4,26.72166667,80.88166667
12-04-2021 03:00,2,21.42833333,48.58166667,96.93948333,0.0,81.27103333,220.9533333,27.955,72.77
12-04-2021 03:00,3,29.37,0.0,90.298,575.865,90.58693333,167.68,27.70833333,75.32666667
12-04-2021 03:00,4,26.36166667,64.025,66.84015,626.289,54.54663333,165.06,27.17666667,77.375
12-04-2021 03:00,5,18.455,42.69166667,98.60803333,475.59,75.06043333,210.4733333,27.65166667,75.78666667
12-04-2021 03:00,6,20.94833333,51.92333333,79.07618333,805.256,112.6377,228.3766667,28.33833333,72.92666667
12-04-2021 04:00,1,31.83333333,83.16166667,102.3050167,873.825,166.9020333,192.1333333,26.575,81.21833333
12-04-2021 04:00,2,21.24333333,47.97,101.0290667,0.0,82.6198,237.9833333,27.835,73.63333333
12-04-2021 04:00,3,30.49666667,0.0,81.13733333,659.141,83.0903,184.71,27.32666667,76.53833333
12-04-2021 04:00,4,31.46333333,78.83166667,72.53285,745.664,67.8461,180.3433333,26.91333333,79.09666667
12-04-2021 04:00,5,18.37833333,42.11666667,96.84133333,499.656,75.31136667,212.6566667,27.46666667,76.65333333
12-04-2021 04:00,6,22.37,60.71666667,81.59536667,1337.764,125.2784667,331.43,27.89333333,75.21833333
12-04-2021 05:00,1,32.82166667,89.61833333,100.2765833,1096.149,166.4315333,231.87,26.49833333,81.28333333
12-04-2021 05:00,2,22.90188679,51.54339623,112.8910189,0.0,91.72086792,322.8037736,27.82264151,74.13207547
12-04-2021 05:00,3,43.60666667,0.0,85.81581667,1330.124,91.4652,303.4833333,27.35333333,77.43166667
12-04-2021 05:00,4,46.06,116.6533333,72.36926667,1101.306,75.90733333,238.42,26.855,79.56333333
12-04-2021 05:00,5,18.40166667,40.54333333,90.298,737.833,72.86476667,247.59,27.40666667,76.60166667
12-04-2021 05:00,6,30.59,80.80666667,77.30948333,2120.864,121.8595,506.97,27.85166667,75.16666667
12-04-2021 06:00,1,38.78666667,102.6416667,93.6351,1397.738,157.6488667,299.5533333,27.36833333,77.97666667
12-04-2021 06:00,2,25.04666667,53.80833333,113.7231333,0.0,84.47043333,436.23,28.08166667,74.09666667
12-04-2021 06:00,3,50.10333333,0.0,86.53558333,2313.392,92.0298,494.3066667,27.65166667,76.72666667
12-04-2021 06:00,4,40.55833333,105.2333333,66.08766667,1582.244,68.15976667,324.0066667,27.505,76.28166667
12-04-2021 06:00,5,20.88666667,48.63,89.54551667,1680.8,75.0918,418.7633333,27.81666667,75.695
12-04-2021 06:00,6,23.57833333,58.31166667,72.92545,2748.49,114.6451667,638.8433333,28.335,73.50833333
12-04-2021 07:00,1,35.38666667,94.12833333,73.57978333,1159.561,106.8662333,265.4933333,29.28,69.68333333
12-04-2021 07:00,2,24.72,52.84833333,105.11865,0.0,77.03653333,478.15,29.89,66.76333333
12-04-2021 07:00,3,46.90333333,0.0,72.59828333,2364.962,70.60636667,544.0866667,30.24166667,67.065
12-04-2021 07:00,4,34.41666667,85.64166667,57.15601667,1320.574,47.17546667,306.9766667,28.99666667,70.90833333
12-04-2021 07:00,5,23.78166667,54.82,85.48865,1714.989,64.01936667,435.7933333,28.94,71.055
12-04-2021 07:00,6,27.83,70.525,75.60821667,4196.843,111.3203,572.0333333,29.58166667,68.63833333
12-04-2021 08:00,1,36.90333333,134.34,91.8684,983.841,94.35093333,220.5166667,30.12333333,65.28833333
12-04-2021 08:00,2,27.82333333,57.79166667,82.15155,0.0,45.76396667,406.1,31.81833333,58.885
12-04-2021 08:00,3,44.65166667,0.0,64.3864,1610.894,41.52946667,442.78,31.66,61.09666667
12-04-2021 08:00,4,28.61,70.385,48.02806667,1094.048,28.73186667,285.58,30.465,65.68666667
12-04-2021 08:00,5,26.16,70.56,87.81153333,1231.759,56.0836,386.0133333,30.41,65.41333333
12-04-2021 08:00,6,26.26,70.13833333,79.46878333,4769.843,106.6466667,686.8766667,30.56166667,64.075
12-04-2021 09:00,1,32.70338983,105.9898305,98.94850847,824.7315254,55.34355932,203.8271186,31.54067797,58.82542373
12-04-2021 09:00,2,27.65333333,56.39333333,82.08611667,0.0,28.54366667,430.99,32.81833333,55.45833333
12-04-2021 09:00,3,38.06,0.0,67.1346,946.405,26.31663333,346.7133333,32.855,56.2
12-04-2021 09:00,4,30.28983051,82.48813559,52.10267797,982.4522034,14.67322034,303.7423729,32.3440678,59.69830508
12-04-2021 09:00,5,23.59491525,55.95762712,38.26186441,1180.768475,14.73701695,476.4847458,33.28305085,55.52881356
12-04-2021 09:00,6,25.78245614,68.50175439,86.99189474,3408.646316,96.08105263,520.5066667,31.65263158,59.59473684
12-04-2021 10:00,1,29.1,97.49333333,89.54551667,703.453,18.03583333,218.77,33.55,52.73
12-04-2021 10:00,2,26.35166667,54.67833333,127.0061,0.0,31.20983333,375.5333333,33.88,52.33333333
12-04-2021 10:00,3,36.83666667,0.0,67.46176667,743.754,14.64823333,351.08,33.91,52.50666667
12-04-2021 10:00,4,24.345,58.08666667,43.48045,677.477,0.031366667,301.3,33.905,51.94
12-04-2021 10:00,5,24.01,54.94333333,56.27266667,860.646,0.533233333,481.2066667,34.98,50.28333333
12-04-2021 10:00,6,25.91666667,66.00833333,96.48145,2049.621,71.07686667,562.4266667,33.01,55.50666667
12-04-2021 11:00,1,21.13333333,56.43,89.08748333,670.41,25.0306,248.0266667,33.98833333,50.69333333
12-04-2021 11:00,2,24.66833333,51.97,133.7457333,0.0,27.7595,389.07,34.46,50.69166667
12-04-2021 11:00,3,32.77666667,0.0,68.05066667,608.717,6.147866667,350.2066667,34.635,50.47166667
12-04-2021 11:00,4,24.485,59.12166667,44.33108333,610.245,0.1882,310.9066667,35.08333333,49.17
12-04-2021 11:00,5,22.09666667,48.05833333,89.48008333,1149.629,0.533233333,572.9066667,36.23166667,46.79833333
12-04-2021 11:00,6,26.68867925,64.17169811,95.63143396,1753.812453,48.00875472,543.2792453,34.72830189,51.02830189
12-04-2021 12:00,1,20.705,53.065,107.1470833,636.794,39.4279,254.14,35.14166667,48.67333333
12-04-2021 12:00,2,23.19833333,49.765,150.8892667,0.0,38.7692,361.1233333,34.29833333,51.41166667
12-04-2021 12:00,3,32.50833333,0.0,60.2641,594.965,0.721433333,382.9566667,35.415,48.59333333
12-04-2021 12:00,4,23.37833333,52.14,55.29116667,623.997,0.0941,341.4733333,35.71166667,48.2
12-04-2021 12:00,5,22.61833333,48.74166667,181.67565,1017.648,33.62506667,458.5,33.92666667,52.65666667
12-04-2021 12:00,6,25.61166667,62.195,61.37646667,1712.315,8.531733333,654.5633333,36.10333333,47.43833333
12-04-2021 13:00,1,22.53666667,53.80166667,126.4826333,666.208,56.58546667,273.3533333,34.47666667,52.23833333
12-04-2021 13:00,2,20.575,47.54833333,151.5763167,0.0,45.7326,387.76,32.29333333,61.53
12-04-2021 13:00,3,35.76,0.0,88.23685,816.716,10.31963333,425.75,33.33,57.37833333
12-04-2021 13:00,4,25.98666667,70.93,97.43023333,983.459,24.71693333,364.18,32.44333333,60.69166667
12-04-2021 13:00,5,18.09,39.67666667,207.8489833,1144.472,85.3487,401.2966667,29.16166667,73.885
12-04-2021 13:00,6,22.73166667,51.93333333,116.6022,1086.79,74.6213,487.32,30.76333333,68.025
12-04-2021 14:00,1,22.30833333,56.89722222,163.6923889,962.64,169.0663333,283.8333333,31.55555556,64.275
12-04-2021 14:00,2,12.65166667,36.715,195.1549167,0.0,104.451,247.1533333,26.99666667,80.505
12-04-2021 14:00,3,17.84166667,0.0,141.6958833,918.519,84.2195,306.54,28.335,76.09
12-04-2021 14:00,4,16.53333333,49.35833333,102.8612,1077.431,57.33826667,306.54,29.98333333,65.03333333
12-04-2021 14:00,5,9.553333333,20.05333333,200.5858833,1417.029,118.8796667,329.6833333,26.01166667,83.49
12-04-2021 14:00,6,10.54666667,19.71,161.4894667,1096.913,164.7377333,310.0333333,26.63166667,81.65666667
12-04-2021 15:00,1,20.27166667,54.36166667,140.1254833,1055.657,148.5839,275.5366667,31.31,64.49833333
12-04-2021 15:00,2,15.67166667,41.01,183.8022333,0.0,109.0305333,324.0066667,28.98833333,74.82
12-04-2021 15:00,3,20.36,0.0,151.9689167,1615.669,110.6929667,381.21,28.93666667,75.64666667
12-04-2021 15:00,4,23.375,105.3966667,106.49275,1441.668,69.9163,362.87,31.26666667,64.175
12-04-2021 15:00,5,14.09,32.1,176.2119667,3335.051,112.92,657.1833333,28.86833333,75.925
12-04-2021 15:00,6,14.62833333,31.58833333,150.1695,2212.735,153.5084667,498.2366667,29.03166667,73.555
12-04-2021 16:00,1,33.24333333,92.91333333,182.1336833,1521.124,218.4061,334.9233333,29.41,76.2
12-04-2021 16:00,2,17.68666667,45.59666667,96.90676667,0.0,53.9193,393.4366667,31.04166667,64.10833333
12-04-2021 16:00,3,28.74310345,0.0,91.21181034,1892.283103,64.99389655,489.2172414,31.02068966,66.44310345
12-04-2021 16:00,4,21.42,54.38166667,82.57686667,1367.942,62.16873333,362.87,31.22333333,64.95166667
12-04-2021 16:00,5,17.34333333,40.73333333,97.88826667,2768.354,65.36813333,648.45,30.655,65.56666667
12-04-2021 16:00,6,19.825,52.615,102.6649,3108.907,111.1007333,359.8133333,30.85,67.83333333
12-04-2021 17:00,1,24.70166667,66.92666667,93.40608333,1219.344,124.8707,298.2433333,30.76333333,64.30833333
12-04-2021 17:00,2,17.40166667,44.00333333,121.0516667,0.0,60.56903333,367.6733333,30.10833333,68.13
12-04-2021 17:00,3,26.92,0.0,82.77316667,1969.21,61.41593333,519.6333333,30.68833333,67.635
12-04-2021 17:00,4,23.495,61.87833333,81.95525,1493.047,67.40696667,361.56,30.72833333,65.45166667
12-04-2021 17:00,5,15.83333333,36.00666667,106.3291667,3219.687,66.87373333,648.45,30.34666667,65.21
12-04-2021 17:00,6,18.915,51.11166667,90.33071667,3773.969,104.9842333,480.77,30.505,67.15666667
12-04-2021 18:00,1,32.28333333,82.82,94.78018333,904.194,120.9498667,254.5766667,30.23666667,65.43666667
12-04-2021 18:00,2,18.22166667,44.97166667,142.6446667,0.0,75.3741,328.81,29.22166667,72.70666667
12-04-2021 18:00,3,26.17,0.0,87.02633333,1696.462,68.5989,451.5133333,29.925,70.78333333
12-04-2021 18:00,4,24.45,58.69,93.20978333,1259.072,76.8797,306.54,29.885,70.01
12-04-2021 18:00,5,15.75833333,36.04333333,114.4101833,2729.39,76.7856,643.6466667,29.74333333,69.545
12-04-2021 18:00,6,17.86166667,45.77166667,92.62088333,2790.128,112.2299333,691.68,29.76,70.80166667
12-04-2021 19:00,1,19.885,46.66166667,106.3946,795.324,131.6459,221.39,29.34166667,68.98333333
12-04-2021 19:00,2,15.645,40.57166667,140.06005,0.0,78.22846667,300.4266667,28.68166667,76.50833333
12-04-2021 19:00,3,23.405,0.0,81.49721667,1396.019,69.94766667,379.4633333,29.40666667,72.18166667
12-04-2021 19:00,4,27.72333333,65.07333333,92.09741667,1119.642,71.0455,275.5366667,29.155,74.34333333
12-04-2021 19:00,5,16.03,37.36833333,120.1683167,2388.264,83.68626667,552.82,29.16833333,73.48
12-04-2021 19:00,6,17.37358491,43.56226415,94.70549057,2614.393585,121.6908302,629.2943396,29.37169811,72.48490566
12-04-2021 20:00,1,19.3,45.425,120.1683167,805.829,156.2687333,210.91,28.55666667,73.42833333
12-04-2021 20:00,2,14.945,39.93833333,130.24505,0.0,83.2785,268.1133333,28.355,76.985
12-04-2021 20:00,3,26.12,0.0,88.49858333,1268.24,82.30613333,329.2466667,29.07833333,73.075
12-04-2021 20:00,4,25.75166667,61.05,81.82438333,1138.36,64.01936667,266.8033333,28.59833333,75.625
12-04-2021 20:00,5,16.38166667,38.595,108.5539,1595.423,76.84833333,407.41,28.75,74.26833333
12-04-2021 20:00,6,19.97,51.54333333,93.2425,2039.689,127.2232,495.6166667,29.13833333,73.67833333
12-04-2021 21:00,1,20.52,48.33666667,127.88945,847.658,157.1783667,201.3033333,28.1,77.03666667
12-04-2021 21:00,2,16.02166667,42.28333333,130.5067833,0.0,89.04996667,267.6766667,28.10166667,78.725
12-04-2021 21:00,3,25.83666667,0.0,84.27813333,1229.849,80.89463333,306.54,28.80833333,73.53333333
12-04-2021 21:00,4,23.345,55.19833333,81.36635,998.166,65.7759,239.73,28.41,75.07333333
12-04-2021 21:00,5,15.82,33.925,110.3533167,1505.844,80.0791,382.0833333,28.40166667,76.18833333
12-04-2021 21:00,6,18.32666667,43.675,89.38193333,1361.83,118.9424,358.0666667,29.12333333,73.215
12-04-2021 22:00,1,18.65666667,42.47,130.5722167,708.992,156.5510333,172.4833333,27.67,81.09333333
12-04-2021 22:00,2,16.51666667,43.11333333,125.14125,0.0,91.9357,260.2533333,27.96,79.745
12-04-2021 22:00,3,23.24166667,0.0,87.48436667,1129.192,79.57723333,271.17,28.61,74.53833333
12-04-2021 22:00,4,27.29,68.14333333,88.23685,944.877,82.40023333,212.6566667,28.16833333,76.84833333
12-04-2021 22:00,5,15.44666667,33.08333333,109.7971333,1360.111,77.85206667,335.36,28.14833333,77.775
12-04-2021 22:00,6,17.39666667,41.91,90.06898333,1515.203,121.0126,365.9266667,28.73,75.20666667
12-04-2021 23:00,1,17.25833333,42.17333333,124.9776667,658.759,158.1507333,157.2,27.34,83.32333333
12-04-2021 23:00,2,16.09137931,42.67413793,114.0909138,0.0,88.74603448,225.862069,27.77241379,80.40689655
12-04-2021 23:00,3,22.39298246,0.0,88.40387719,737.8631579,81.28919298,210.5192982,28.15964912,77.92631579
12-04-2021 23:00,4,30.23833333,75.055,88.17141667,711.666,75.3741,180.78,27.96,79.425
12-04-2021 23:00,5,14.40833333,30.59166667,113.4286833,528.497,72.42563333,216.5866667,27.83166667,80.71166667
12-04-2021 23:00,6,17.10677966,39.93559322,92.46062712,1016.055254,122.6489831,288.2,28.52711864,77.58305085
13-04-2021 00:00,1,21.03166667,52.44,115.8824333,644.816,155.8296,155.0166667,27.12,83.85666667
13-04-2021 00:00,2,15.17166667,39.91833333,118.27075,0.0,80.20456667,185.1466667,27.475,81.71166667
13-04-2021 00:00,3,23.70833333,0.0,88.89118333,494.69,80.51823333,168.5533333,27.99166667,78.91333333
13-04-2021 00:00,4,25.29666667,61.575,84.34356667,584.46,69.38306667,156.3266667,27.66333333,80.92833333
13-04-2021 00:00,5,15.20166667,33.32666667,112.1200167,394.415,75.68776667,196.5,27.64166667,82.16
13-04-2021 00:00,6,17.235,37.74333333,89.87268333,489.915,113.5159667,192.1333333,28.47666667,78.29666667
13-04-2021 01:00,1,18.21666667,45.07166667,109.0773667,594.965,146.7019,144.9733333,26.895,84.45
13-04-2021 01:00,2,15.50166667,40.14166667,114.93365,0.0,79.29493333,182.9633333,27.245,83.33333333
13-04-2021 01:00,3,23.335,0.0,88.56401667,427.076,78.91853333,158.51,27.75166667,79.93833333
13-04-2021 01:00,4,26.71166667,67.305,81.69351667,547.979,63.7057,154.58,27.46,81.48666667
13-04-2021 01:00,5,15.10166667,33.04666667,106.4273167,343.418,69.5399,186.4566667,27.46333333,82.46
13-04-2021 01:00,6,18.81206897,44.45689655,87.55656897,497.9172414,114.9317931,182.4965517,28.19137931,79.11724138
13-04-2021 02:00,1,22.41833333,52.85666667,107.2452333,670.792,164.5181667,155.0166667,26.64166667,86.05833333
13-04-2021 02:00,2,16.90526316,43.08070175,123.4623684,0.0,84.26077193,176.9649123,27.10701754,84.31403509
13-04-2021 02:00,3,26.97333333,0.0,89.34921667,418.29,81.3965,150.65,27.64833333,80.37666667
13-04-2021 02:00,4,28.715,72.62666667,79.73051667,556.574,67.21876667,151.96,27.37,81.59166667
13-04-2021 02:00,5,16.62166667,38.41666667,99.7204,538.047,68.47343333,229.25,27.41333333,82.37333333
13-04-2021 02:00,6,19.16333333,45.41833333,86.60101667,448.468,112.7318,167.68,27.88166667,80.32333333
13-04-2021 03:00,1,18.24666667,41.44833333,102.7957667,709.947,156.1432667,150.2133333,26.68666667,85.50666667
13-04-2021 03:00,2,20.01833333,46.45666667,118.2053167,0.0,83.81173333,211.3466667,26.88333333,86.39666667
13-04-2021 03:00,3,24.365,0.0,88.5313,485.522,79.63996667,160.6933333,27.55333333,81.445
13-04-2021 03:00,4,28.11,70.83166667,77.89838333,580.449,64.42713333,155.89,27.46666667,81.74666667
13-04-2021 03:00,5,15.22666667,32.855,96.74318333,837.917,64.01936667,299.5533333,27.46166667,82.75333333
13-04-2021 03:00,6,19.1,43.80166667,86.01211667,575.865,114.5824333,178.16,27.69833333,81.86
13-04-2021 04:00,1,19.49666667,46.565,100.2438667,733.249,155.6414,137.55,27.03166667,83.14
13-04-2021 04:00,2,18.20166667,43.375,121.9677333,0.0,87.54436667,224.8833333,26.98666667,86.98333333
13-04-2021 04:00,3,31.13,0.0,81.2682,745.282,78.35393333,197.3733333,27.72666667,82.67666667
13-04-2021 04:00,4,31.775,77.88833333,78.87988333,1177.897,71.516,207.4166667,27.49833333,82.47166667
13-04-2021 04:00,5,16.26166667,36.36166667,96.35058333,1042.86,68.37933333,309.16,27.49333333,83.84166667
13-04-2021 04:00,6,21.59666667,55.49,89.9054,753.495,122.5809333,210.91,27.39666667,84.99333333
13-04-2021 05:00,1,18.825,44.92166667,100.6691833,718.16,143.1574667,148.4666667,26.99333333,82.65333333
13-04-2021 05:00,2,20.30666667,46.53166667,120.82265,0.0,91.99843333,272.9166667,27.13333333,85.995
13-04-2021 05:00,3,49.06,0.0,71.81308333,1102.261,77.13063333,274.6633333,28.01166667,81.9
13-04-2021 05:00,4,32.83666667,83.07,77.44035,1214.951,73.52346667,220.5166667,27.28,83.33833333
13-04-2021 05:00,5,15.24666667,33.70166667,109.63355,783.482,80.33003333,242.35,27.35,84.765
13-04-2021 05:00,6,18.53333333,45.65333333,85.9794,1120.406,120.9498667,287.3266667,27.93166667,82.625
13-04-2021 06:00,1,21.63666667,51.855,103.4828167,887.959,142.7497,191.26,27.33333333,82.46666667
13-04-2021 06:00,2,21.90833333,50.68333333,112.77435,0.0,89.89686667,484.7,28.87166667,78.93333333
13-04-2021 06:00,3,41.78333333,0.0,77.30948333,1753.953,80.8319,393.8733333,28.24,80.13166667
13-04-2021 06:00,4,31.03,83.605,76.91688333,1378.829,70.0104,275.1,27.94333333,79.85666667
13-04-2021 06:00,5,16.4490566,37.30943396,105.1501321,1574.344528,79.11501887,384.1018868,27.75660377,82.56037736
13-04-2021 06:00,6,21.59833333,57.64666667,89.44736667,2781.724,127.7878,611.77,28.26833333,80.26333333
13-04-2021 07:00,1,25.75666667,63.13,92.261,817.671,118.4405333,195.6266667,28.585,78.43333333
13-04-2021 07:00,2,22.38,50.33333333,101.5198167,0.0,62.35693333,460.6833333,29.81666667,73.885
13-04-2021 07:00,3,34.26166667,0.0,73.97238333,1675.07,66.30913333,415.27,29.87166667,73.01666667
13-04-2021 07:00,4,28.65666667,74.53666667,62.19438333,1297.845,50.87673333,297.8066667,29.575,74.39
13-04-2021 07:00,5,17.88139535,41.31860465,98.83476744,1321.897674,62.89381395,346.6930233,28.56744186,78.59534884
13-04-2021 07:00,6,22.12333333,56.15333333,85.42321667,2567.231,104.7960333,596.4866667,29.62666667,74.35666667
13-04-2021 08:00,1,25.61,65.43666667,63.33946667,736.878,70.54363333,183.8366667,30.68333333,69.11
13-04-2021 08:00,2,22.43166667,49.31833333,97.72468333,0.0,52.47643333,346.2766667,31.24333333,67.21333333
13-04-2021 08:00,3,36.48333333,0.0,57.61405,1117.541,41.7804,342.3466667,30.97,67.79666667
13-04-2021 08:00,4,30.185,79.14833333,52.6084,1058.522,28.92006667,287.3266667,30.995,68.36166667
13-04-2021 08:00,5,20.8372549,49.17058824,73.70872549,1301.496471,43.13839216,393.5137255,31.10588235,66.8254902
13-04-2021 08:00,6,25.17,62.52166667,76.45885,2181.22,84.94093333,549.7633333,30.785,68.01166667
13-04-2021 09:00,1,23.99666667,60.82,70.50441667,669.073,43.63103333,181.6533333,32.35,62.47833333
13-04-2021 09:00,2,22.13,48.98666667,76.42613333,0.0,22.42716667,365.9266667,32.285,62.78
13-04-2021 09:00,3,39.90666667,0.0,61.8345,861.792,29.86106667,304.3566667,32.01166667,63.065
13-04-2021 09:00,4,32.345,87.08333333,55.78191667,910.879,9.6923,288.6366667,32.51166667,62.54666667
13-04-2021 09:00,5,25.375,59.895,44.26565,1465.161,12.86033333,512.21,32.37,62.83
13-04-2021 09:00,6,28.96333333,79.67333333,85.42321667,2196.5,83.05893333,573.3433333,31.81,64.59333333
13-04-2021 10:00,1,22.82833333,54.87833333,70.01366667,623.233,14.71096667,204.7966667,33.865,57.21166667
13-04-2021 10:00,2,19.7,45.92833333,95.76168333,0.0,24.1837,349.3333333,33.08833333,58.29333333
13-04-2021 10:00,3,43.67166667,0.0,66.02223333,828.558,21.61163333,318.7666667,32.42666667,62.24
13-04-2021 10:00,4,30.50166667,77.58666667,65.33518333,768.011,4.5168,283.3966667,33.43,58.61833333
13-04-2021 10:00,5,25.47666667,63.71,96.67775,1452.173,29.86106667,497.3633333,32.86333333,60.545
13-04-2021 10:00,6,29.26833333,83.27666667,98.08456667,2143.402,76.18963333,572.0333333,32.37666667,62.07166667
13-04-2021 11:00,1,20.18666667,45.51,86.73188333,605.279,30.5825,217.46,34.06,54.53
13-04-2021 11:00,2,17.76,43.13666667,96.5796,0.0,21.04703333,338.8533333,33.795,55.86666667
13-04-2021 11:00,3,37.36833333,0.0,74.13596667,835.816,18.7259,334.4866667,33.20833333,60.08
13-04-2021 11:00,4,29.26,99.12166667,66.61113333,839.445,3.8581,319.2033333,34.66666667,55.30666667
13-04-2021 11:00,5,21.3,48.775,74.10325,1263.274,15.02463333,537.5366667,34.78,54.32166667
13-04-2021 11:00,6,23.34833333,60.44,91.73753333,1791.58,53.3547,519.1966667,33.675,57.25833333
13-04-2021 12:00,1,22.11166667,54.505,134.6290833,698.869,70.07313333,227.0666667,34.51,56.06166667
13-04-2021 12:00,2,17.10666667,42.32166667,92.94805,0.0,22.33306667,379.0266667,34.545,54.25166667
13-04-2021 12:00,3,29.61833333,0.0,54.89856667,661.815,2.572066667,365.0533333,34.32,55.90666667
13-04-2021 12:00,4,22.715,53.42166667,52.67383333,626.671,0.062733333,345.84,36.005,51.55
13-04-2021 12:00,5,19.37666667,42.79333333,98.7389,817.098,14.5855,458.5,34.43833333,55.01166667
13-04-2021 12:00,6,20.395,48.90833333,76.49156667,633.547,29.42193333,342.3466667,33.67,57.77166667
13-04-2021 13:00,1,19.385,48.14833333,116.2750333,693.139,71.6101,262.4366667,34.365,57.11333333
13-04-2021 13:00,2,15.375,40.08666667,74.46313333,0.0,11.54293333,407.8466667,34.49833333,53.88666667
13-04-2021 13:00,3,26.73684211,0.0,49.21275439,636.9347368,5.646,484.4701754,34.22105263,56.51578947
13-04-2021 13:00,4,20.56,52.08833333,51.85591667,608.335,0.0,366.3633333,35.98666667,51.28666667
13-04-2021 13:00,5,16.95833333,41.24333333,111.7601333,749.293,44.227,418.3266667,33.305,59.37333333
13-04-2021 13:00,6,18.39444444,45.81296296,60.59853704,678.4744444,31.29696296,394.4555556,34.08518519,56.95555556
13-04-2021 14:00,1,17.12833333,42.22166667,105.2168,686.263,89.80276667,260.69,33.68666667,57.525
13-04-2021 14:00,2,13.83833333,38.19666667,60.4604,0.0,10.9156,408.2833333,33.99166667,51.88166667
13-04-2021 14:00,3,23.99666667,0.0,23.88316667,583.123,0.0,431.4266667,34.52666667,55.45333333
13-04-2021 14:00,4,18.51166667,45.48166667,47.3083,642.524,2.948466667,394.7466667,34.99166667,54.71
13-04-2021 14:00,5,16.51333333,39.89166667,104.6933333,818.435,46.8618,427.9333333,33.10666667,60.15333333
13-04-2021 14:00,6,17.94745763,46.02711864,43.31908475,798.8979661,13.20589831,461.8305085,34.47627119,55.85762712
13-04-2021 15:00,1,16.185,38.455,98.15,659.523,99.80873333,260.69,33.54666667,56.98666667
13-04-2021 15:00,2,14.22333333,38.60833333,91.21406667,0.0,32.49586667,389.07,32.87833333,55.72666667
13-04-2021 15:00,3,19.88,0.0,30.0339,502.712,7.559366667,395.1833333,33.26833333,55.13666667
13-04-2021 15:00,4,19.98833333,67.68333333,60.98386667,722.553,20.702,346.2766667,33.46333333,58.15666667
13-04-2021 15:00,5,16.585,39.81,99.1315,823.592,48.77516667,388.1966667,32.425,61.72333333
13-04-2021 15:00,6,17.49833333,44.72166667,48.84598333,1100.16,19.1964,539.72,33.49666667,57.605
13-04-2021 16:00,1,16.40166667,39.42333333,113.9848667,725.609,128.1642,259.8166667,31.97666667,63.24666667
13-04-2021 16:00,2,16.38333333,41.78333333,126.0900333,0.0,53.1665,392.5633333,31.915,62.02666667
13-04-2021 16:00,3,20.87833333,0.0,70.17725,770.112,39.96113333,366.8,31.995,58.42166667
13-04-2021 16:00,4,20.5,62.26833333,86.43743333,960.921,51.97456667,337.5433333,32.18833333,64.24166667
13-04-2021 16:00,5,15.465,36.105,93.73325,1276.262,52.85283333,455.0066667,31.64833333,62.82
13-04-2021 16:00,6,16.30166667,38.72833333,95.4018,1113.721,85.3487,424.44,31.70833333,62.49833333
13-04-2021 17:00,1,15.355,36.885,130.5722167,807.548,156.7706,237.9833333,30.05666667,69.83
13-04-2021 17:00,2,16.27333333,41.58166667,154.97885,0.0,74.74676667,363.7433333,30.28333333,71.08
13-04-2021 17:00,3,23.03166667,0.0,82.31513333,1202.154,57.43236667,408.2833333,30.81166667,65.09
13-04-2021 17:00,4,20.50333333,50.76666667,89.25106667,1095.767,59.50256667,326.19,30.86666667,69.39666667
13-04-2021 17:00,5,14.72666667,31.915,112.3163167,2339.368,73.05296667,628.3633333,30.84166667,67.655
13-04-2021 17:00,6,15.39,35.815,111.0730833,1520.36,114.2687667,460.6833333,30.65666667,68.46166667
13-04-2021 18:00,1,16.15666667,37.62666667,143.2662833,950.989,179.5428,239.2933333,29.21166667,76.06833333
13-04-2021 18:00,2,15.86166667,40.32333333,172.0896667,0.0,90.96333333,296.4966667,29.015,77.64166667
13-04-2021 18:00,3,21.63833333,0.0,97.46295,915.845,75.24863333,323.1333333,29.64166667,74.05333333
13-04-2021 18:00,4,21.74,51.67166667,95.43451667,1136.641,69.69673333,297.8066667,29.69833333,74.775
13-04-2021 18:00,5,13.905,31.395,121.60785,1546.909,77.162,452.8233333,29.63166667,74.98833333
13-04-2021 18:00,6,15.57166667,35.36,117.2238167,1780.12,126.5958667,478.15,29.49833333,75.625
13-04-2021 19:00,1,16.105,37.22333333,127.6277167,879.173,165.1141333,215.7133333,28.71166667,78.93833333
13-04-2021 19:00,2,14.60333333,38.40666667,157.8906333,0.0,88.6422,270.7333333,28.72,79.50166667
13-04-2021 19:00,3,21.33333333,0.0,90.85418333,924.631,75.59366667,299.1166667,29.14,76.305
13-04-2021 19:00,4,25.42,62.51333333,97.1685,1018.03,73.61756667,260.2533333,29.08,78.16333333
13-04-2021 19:00,5,13.88666667,30.53166667,117.1583833,1496.294,77.38156667,418.3266667,29.16166667,77.02833333
13-04-2021 19:00,6,15.69333333,37.385,107.7687,2309.954,123.9610667,540.5933333,29.335,76.395
13-04-2021 20:00,1,20.07333333,47.66333333,113.6577,848.422,156.9588,205.67,28.26666667,80.16833333
13-04-2021 20:00,2,14.15666667,37.98,143.7243167,0.0,82.5257,241.04,28.40833333,80.99333333
13-04-2021 20:00,3,20.86,0.0,89.7091,796.47,76.62876667,264.1833333,28.785,78.36666667
13-04-2021 20:00,4,41.47166667,97.425,85.09605,1055.084,64.6467,266.8033333,28.82833333,78.5
13-04-2021 20:00,5,13.805,30.19,109.6662667,1073.42,74.339,337.5433333,28.92333333,78.08166667
13-04-2021 20:00,6,15.83833333,36.12833333,102.6649,1676.025,118.1582333,417.0166667,29.075,78.34833333
13-04-2021 21:00,1,19.75333333,45.90666667,110.2878833,761.326,150.56,186.02,28.10666667,80.275
13-04-2021 21:00,2,14.325,38.29166667,130.6049333,0.0,83.02756667,245.8433333,28.4,81.07666667
13-04-2021 21:00,3,19.04166667,0.0,80.58115,681.87,69.88493333,230.9966667,28.70333333,77.78
13-04-2021 21:00,4,27.92,68.39833333,75.31376667,1082.397,63.6116,251.52,28.72333333,78.315
13-04-2021 21:00,5,13.92166667,30.505,98.67346667,1043.051,71.07686667,336.67,28.88166667,77.80166667
13-04-2021 21:00,6,15.39245283,36.36037736,90.52022642,1754.028679,107.4515472,420.1886792,29.10377358,77.10188679
13-04-2021 22:00,1,17.43,39.45333333,114.9663667,692.566,150.9991333,165.4966667,27.79166667,83.06833333
13-04-2021 22:00,2,13.795,37.785,123.4072667,0.0,75.1859,208.7266667,28.15833333,82.20166667
13-04-2021 22:00,3,18.63666667,0.0,69.71921667,555.428,64.89763333,210.0366667,28.645,78.11
13-04-2021 22:00,4,29.93,73.99166667,74.26683333,1053.747,65.6818,237.9833333,28.44833333,79.54333333
13-04-2021 22:00,5,13.86666667,30.965,93.92955,848.231,70.2927,300.4266667,28.60333333,79.72666667
13-04-2021 22:00,6,16.20833333,43.525,86.5683,1274.352,113.2964,348.46,28.82166667,78.435
13-04-2021 23:00,1,17.08666667,38.52666667,109.2082333,658.759,156.3942,157.2,27.70166667,83.99166667
13-04-2021 23:00,2,14.43666667,38.37333333,112.2181667,0.0,72.457,192.57,27.94166667,83.51333333
13-04-2021 23:00,3,17.395,0.0,71.22418333,403.583,64.99173333,181.6533333,28.44666667,79.1
13-04-2021 23:00,4,27.58,68.30166667,75.34648333,771.64,67.1874,196.5,28.22,81.56
13-04-2021 23:00,5,13.115,29.09166667,86.43743333,463.939,65.3995,241.04,28.445,80.90333333
13-04-2021 23:00,6,14.015,30.72166667,81.59536667,892.161,99.6519,256.76,28.825,78.715
14-04-2021 00:00,1,20.20666667,46.27,109.24095,639.659,163.4830667,157.2,27.70166667,84.765
14-04-2021 00:00,2,13.62,37.22666667,104.72605,0.0,69.38306667,184.2733333,27.93,83.52333333
14-04-2021 00:00,3,17.555,0.0,70.40626667,357.17,65.7759,163.75,28.42833333,79.61666667
14-04-2021 00:00,4,26.565,64.35166667,72.07481667,608.717,63.76843333,179.47,28.27333333,82.055
14-04-2021 00:00,5,12.795,27.945,84.31085,266.827,60.9768,206.5433333,28.35166667,80.97166667
14-04-2021 00:00,6,13.62,29.01166667,77.70208333,691.42,95.3233,217.8966667,28.81,78.95833333
14-04-2021 01:00,1,16.68166667,38.12,105.4131,638.131,156.3942,152.8333333,27.47,86.17333333
14-04-2021 01:00,2,13.20333333,36.70333333,106.2310167,0.0,67.3756,179.9066667,27.88833333,83.59333333
14-04-2021 01:00,3,16.8559322,0.0,72.73081356,305.7294915,67.33732203,156.7559322,28.38135593,80.45762712
14-04-2021 01:00,4,24.405,58.60833333,69.85008333,564.596,60.6004,163.3133333,28.06333333,83.09333333
14-04-2021 01:00,5,12.89833333,31.16333333,84.9979,430.896,62.82743333,242.35,28.33,81.42166667
14-04-2021 01:00,6,13.27931034,26.89827586,80.31377586,573.0,96.85810345,191.0793103,28.61206897,80.61551724
14-04-2021 02:00,1,17.98,41.65833333,105.7729833,648.063,160.5973333,156.7633333,27.33,87.28
14-04-2021 02:00,2,14.41551724,38.11551724,106.3066034,0.0,71.58089655,190.6275862,27.78793103,84.2362069
14-04-2021 02:00,3,18.29333333,0.0,70.96245,333.868,68.19113333,157.2,28.285,81.64833333
14-04-2021 02:00,4,22.355,53.34166667,69.2939,548.552,58.78113333,157.2,27.90666667,83.51166667
14-04-2021 02:00,5,12.77166667,32.91333333,88.49858333,962.258,64.11346667,418.7633333,28.26,82.61333333
14-04-2021 02:00,6,13.78,29.49,83.2312,569.753,103.4159,182.5266667,28.47833333,82.03333333
14-04-2021 03:00,1,17.17,41.56666667,98.37901667,631.446,151.2814333,156.3266667,27.38833333,87.00166667
14-04-2021 03:00,2,14.55849057,38.33018868,105.5205094,0.0,72.51026415,199.2188679,27.80566038,84.26981132
14-04-2021 03:00,3,18.61166667,0.0,71.58406667,345.137,67.8461,158.9466667,28.07666667,83.05
14-04-2021 03:00,4,25.24333333,62.07,70.99516667,618.267,65.17993333,164.1866667,27.92666667,83.765
14-04-2021 03:00,5,12.71166667,26.98833333,86.20841667,549.698,65.99546667,272.48,28.19,83.56333333
14-04-2021 03:00,6,15.55333333,33.965,82.77316667,581.595,105.4547333,180.3433333,28.17166667,83.60833333
14-04-2021 04:00,1,17.01,38.69333333,100.9636333,666.972,154.9827,157.2,27.295,87.95166667
14-04-2021 04:00,2,13.77666667,37.58666667,107.67055,0.0,68.75573333,214.84,27.67333333,84.465
14-04-2021 04:00,3,16.26833333,0.0,71.35505,363.855,68.75573333,162.8766667,28.07166667,82.99166667
14-04-2021 04:00,4,25.86333333,65.35833333,74.13596667,748.72,72.2688,169.4266667,27.90166667,84.76333333
14-04-2021 04:00,5,12.93833333,27.43666667,88.5313,581.022,64.99173333,287.3266667,28.02333333,84.04666667
14-04-2021 04:00,6,13.875,30.28333333,81.6608,657.613,102.3808,186.4566667,28.01666667,83.84333333
14-04-2021 05:00,1,17.95333333,44.62,100.8327667,712.812,159.2485667,163.75,27.095,89.83166667
14-04-2021 05:00,2,15.64333333,39.97833333,110.3533167,0.0,71.7983,271.6066667,27.63333333,84.505
14-04-2021 05:00,3,17.80666667,0.0,56.40353333,601.459,60.8827,208.29,28.16833333,82.62166667
14-04-2021 05:00,4,24.46833333,61.25,71.58406667,874.016,62.45103333,191.26,27.785,85.06333333
14-04-2021 05:00,5,12.815,27.34166667,86.47015,730.193,69.79083333,279.4666667,28.03833333,83.41666667
14-04-2021 05:00,6,14.66,34.18333333,82.54415,1038.276,107.5876667,246.7166667,28.02666667,83.78166667
14-04-2021 06:00,1,31.38166667,83.195,97.3648,1005.615,162.6048,220.9533333,27.13666667,89.81333333
14-04-2021 06:00,2,15.845,40.84166667,105.5439667,0.0,69.75946667,361.1233333,27.935,84.11333333
14-04-2021 06:00,3,23.36166667,0.0,62.97958333,1409.771,66.7169,380.3366667,28.29166667,82.67166667
14-04-2021 06:00,4,25.78666667,72.28,73.90695,1578.233,68.56753333,310.9066667,28.14666667,83.84
14-04-2021 06:00,5,13.17833333,27.62333333,92.39186667,1315.99,70.79456667,368.5466667,28.18833333,83.33833333
14-04-2021 06:00,6,15.48,35.99166667,85.84853333,1436.893,110.0342667,330.12,28.10666667,83.92666667
14-04-2021 07:00,1,25.92333333,64.44166667,74.92116667,887.195,115.4293333,210.4733333,28.56666667,82.30666667
14-04-2021 07:00,2,15.60333333,40.33166667,96.64503333,0.0,53.4488,386.45,28.99,79.21333333
14-04-2021 07:00,3,20.77666667,0.0,64.51726667,1736.19,61.8237,443.6533333,28.91833333,79.97833333
14-04-2021 07:00,4,25.07666667,57.86833333,78.74901667,1701.237,64.6467,366.3633333,26.965,87.35833333
14-04-2021 07:00,5,14.33166667,30.99833333,100.1784333,2292.0,76.34646667,541.03,28.22,83.61166667
14-04-2021 07:00,6,15.18833333,38.80333333,91.77025,2828.901,110.8498,618.7566667,28.49666667,82.52833333
14-04-2021 08:00,1,18.52833333,43.12666667,65.62963333,768.202,89.42636667,184.2733333,29.80833333,76.51166667
14-04-2021 08:00,2,14.41333333,38.73666667,61.11473333,0.0,28.7005,328.81,31.21333333,67.93
14-04-2021 08:00,3,21.99166667,0.0,49.53303333,1196.806,38.23596667,366.8,30.82,71.08833333
14-04-2021 08:00,4,26.96,61.88166667,100.0475667,1816.601,79.07536667,371.6033333,28.12666667,83.99
14-04-2021 08:00,5,13.82,29.60333333,114.7700667,2498.28,72.99023333,586.88,29.53833333,78.59
14-04-2021 08:00,6,17.27833333,44.54333333,92.22828333,2880.853,94.63323333,643.6466667,29.86666667,75.73333333
14-04-2021 09:00,1,20.885,47.40166667,42.53166667,737.069,54.42116667,196.9366667,31.39333333,68.24833333
14-04-2021 09:00,2,14.665,39.23333333,34.84325,0.0,7.277066667,364.18,32.50333333,60.81
14-04-2021 09:00,3,22.28166667,0.0,20.90595,677.668,9.535466667,305.23,31.665,64.64666667
14-04-2021 09:00,4,21.08166667,50.34166667,36.83896667,986.324,21.29796667,292.5666667,31.02833333,71.385
14-04-2021 09:00,5,16.66037736,38.50943396,48.88981132,1474.447925,15.55313208,497.3056604,31.98490566,67.0754717
14-04-2021 09:00,6,16.94333333,43.72333333,62.19438333,1884.215,53.76246667,493.87,31.60166667,65.30833333
14-04-2021 10:00,1,14.62666667,32.86333333,23.78501667,570.326,13.20536667,208.29,33.36833333,59.19833333
14-04-2021 10:00,2,14.85714286,39.5125,50.37198214,0.0,6.385357143,372.8821429,33.52321429,56.91071429
14-04-2021 10:00,3,25.00333333,0.0,33.86175,649.209,11.26063333,324.4433333,32.55166667,60.52833333
14-04-2021 10:00,4,17.29,39.58833333,31.27713333,681.488,2.572066667,268.1133333,32.94,62.72833333
14-04-2021 10:00,5,16.67666667,39.61333333,59.38075,1166.437,17.94173333,450.2033333,32.46166667,62.51833333
14-04-2021 10:00,6,15.765,41.18,57.77763333,1734.853,41.7804,487.7566667,32.275,60.48
14-04-2021 11:00,1,15.47166667,35.29,77.11318333,601.268,40.40026667,204.36,33.1,58.98166667
14-04-2021 11:00,2,14.43392857,39.10357143,46.76146429,0.0,5.242714286,415.4571429,34.30892857,53.54285714
14-04-2021 11:00,3,33.76333333,0.0,41.64831667,666.781,9.096333333,330.5566667,33.385,58.89166667
14-04-2021 11:00,4,19.29833333,52.29166667,50.41638333,679.005,3.042566667,274.2266667,33.56833333,60.195
14-04-2021 11:00,5,15.86833333,33.12666667,46.49038333,1140.27,1.3174,534.9166667,34.12833333,55.24666667
14-04-2021 11:00,6,18.90333333,50.425,76.19711667,2466.765,47.92826667,689.9333333,33.65,56.385
14-04-2021 12:00,1,17.01666667,39.05833333,93.53695,656.658,33.46823333,227.5033333,34.75333333,54.09333333
14-04-2021 12:00,2,15.80166667,41.43166667,67.7235,0.0,14.89916667,372.04,34.67666667,51.60166667
14-04-2021 12:00,3,29.22666667,0.0,31.50615,613.492,2.195666667,358.5033333,33.41666667,57.52666667
14-04-2021 12:00,4,19.31,43.45833333,62.06351667,683.016,0.0,293.44,34.32666667,56.44166667
14-04-2021 12:00,5,17.105,35.45833333,102.8939167,904.958,11.1979,437.1033333,34.04,54.34666667
14-04-2021 12:00,6,17.91333333,42.43333333,60.42768333,1526.281,15.3383,530.55,33.97166667,53.82666667
14-04-2021 13:00,1,20.21333333,46.34166667,108.7174833,699.633,18.3495,242.7866667,34.9,51.86666667
14-04-2021 13:00,2,18.66166667,44.81833333,38.18035,0.0,0.313666667,467.67,36.02333333,48.02
14-04-2021 13:00,3,31.34655172,0.0,52.42563793,516.8855172,9.215310345,335.6310345,34.19827586,55.08275862
14-04-2021 13:00,4,20.81,52.69833333,77.63665,870.769,2.9171,320.5133333,34.14333333,55.57833333
14-04-2021 13:00,5,16.87833333,38.02333333,109.5681167,1256.398,29.2651,473.3466667,33.67166667,53.285
14-04-2021 13:00,6,18.97666667,46.39666667,55.02943333,1133.585,8.029866667,497.3633333,34.77333333,51.16333333
14-04-2021 14:00,1,22.565,53.02333333,182.8861667,848.613,83.52943333,226.1933333,33.93,54.78166667
14-04-2021 14:00,2,20.87166667,47.885,100.60375,0.0,17.5026,451.5133333,34.56333333,51.69
14-04-2021 14:00,3,40.97833333,0.0,26.56593333,514.363,0.0,423.13,35.33333333,51.32666667
14-04-2021 14:00,4,20.00833333,51.83666667,78.19283333,762.854,3.042566667,308.2866667,34.31666667,53.93
14-04-2021 14:00,5,17.53666667,45.33833333,107.2452333,1164.336,23.49363333,466.36,34.38833333,50.49833333
14-04-2021 14:00,6,19.89333333,51.66,72.10753333,1383.222,17.15756667,557.1866667,34.72166667,50.255
14-04-2021 15:00,1,21.8245614,52.96491228,176.4633684,859.0978947,109.2220351,234.8807018,33.99122807,54.43684211
14-04-2021 15:00,2,19.975,47.12666667,138.3587833,0.0,49.74753333,401.2966667,33.715,54.18
14-04-2021 15:00,3,35.765,0.0,62.4234,748.338,8.594466667,426.6233333,34.25333333,53.92166667
14-04-2021 15:00,4,21.79,85.08833333,84.6053,942.585,21.42343333,332.3033333,33.71166667,55.16833333
14-04-2021 15:00,5,17.14833333,40.515,118.4997667,1252.769,32.49586667,478.5866667,34.42,51.72666667
14-04-2021 15:00,6,22.335,57.12,103.7118333,1328.023,54.35843333,504.35,34.22,52.26666667
14-04-2021 16:00,1,21.12372881,56.24745763,143.0993729,929.2311864,122.33,280.2067797,34.06610169,55.42372881
14-04-2021 16:00,2,20.34166667,48.18166667,113.5268333,0.0,40.14933333,461.12,33.89166667,54.94666667
14-04-2021 16:00,3,36.60666667,0.0,95.36908333,1154.213,35.4757,444.09,33.51333333,56.81333333
14-04-2021 16:00,4,20.85833333,62.48333333,87.84425,1411.299,36.7931,415.7066667,33.35666667,57.37833333
14-04-2021 16:00,5,19.19333333,48.24833333,134.4655,1420.467,44.66613333,488.1933333,33.60666667,55.69166667
14-04-2021 16:00,6,23.295,60.54333333,112.9052167,1429.826,69.9163,505.66,33.7,55.46333333
14-04-2021 17:00,1,18.14333333,49.99333333,128.7400833,1041.141,155.2336333,303.92,32.05166667,61.33
14-04-2021 17:00,2,17.59166667,45.495,129.2308333,0.0,60.19263333,472.4733333,31.8,62.65166667
14-04-2021 17:00,3,29.11333333,0.0,78.19283333,1426.197,43.81923333,494.3066667,32.39,60.41833333
14-04-2021 17:00,4,19.63833333,56.33833333,85.5868,1532.584,49.4966,437.1033333,31.96833333,63.01
14-04-2021 17:00,5,14.57,35.07833333,117.4201167,2025.173,56.61683333,588.19,31.98,59.54166667
14-04-2021 17:00,6,17.11666667,43.24,93.30793333,1639.735,85.38006667,536.2266667,32.05166667,59.295
14-04-2021 18:00,1,16.61333333,39.485,133.8438833,933.608,171.4502,285.58,30.07166667,70.91333333
14-04-2021 18:00,2,16.55833333,42.68666667,155.2078667,0.0,81.36513333,367.2366667,30.01333333,71.02
14-04-2021 18:00,3,22.17833333,0.0,83.59108333,1193.941,61.47866667,403.48,30.60833333,67.09333333
14-04-2021 18:00,4,17.56833333,42.6,90.55973333,1123.844,66.30913333,324.4433333,30.31833333,69.98666667
14-04-2021 18:00,5,13.26166667,34.085,132.4370667,2127.931,76.37783333,565.0466667,30.64166667,66.61666667
14-04-2021 18:00,6,13.17833333,30.925,107.4415333,1410.726,113.5159667,435.3566667,30.37166667,66.96333333
14-04-2021 19:00,1,12.615,28.43833333,136.4285,792.459,176.9707333,233.6166667,28.95666667,76.98333333
14-04-2021 19:00,2,16.71,42.42333333,151.9689167,0.0,83.5608,316.5833333,29.44166667,74.235
14-04-2021 19:00,3,18.025,0.0,87.5498,939.72,67.21876667,323.1333333,29.845,73.03833333
14-04-2021 19:00,4,17.55,40.35833333,95.7944,970.853,73.6803,269.4233333,29.43833333,75.38333333
14-04-2021 19:00,5,12.045,28.945,134.95625,1642.218,77.85206667,451.5133333,29.82166667,73.26166667
14-04-2021 19:00,6,12.53166667,29.615,114.73735,1756.818,125.4353,469.4166667,29.73666667,73.85833333
14-04-2021 20:00,1,11.8,27.12166667,122.9492333,759.225,173.2694667,210.0366667,28.57,79.98833333
14-04-2021 20:00,2,16.38333333,42.23666667,127.10425,0.0,76.5033,311.3433333,29.16666667,75.88833333
14-04-2021 20:00,3,20.11333333,0.0,77.3422,731.721,67.3756,277.72,29.32333333,75.09166667
14-04-2021 20:00,4,17.06166667,39.26666667,82.60958333,965.887,70.04176667,265.93,29.13833333,77.43166667
14-04-2021 20:00,5,11.21833333,28.34666667,116.11145,1068.836,70.22996667,351.08,29.38666667,76.26333333
14-04-2021 20:00,6,12.49333333,29.17166667,96.51416667,1159.943,112.7004333,338.8533333,29.35833333,75.71833333
14-04-2021 21:00,1,12.34,28.47333333,105.0532167,715.295,158.1193667,203.05,28.38666667,81.25833333
14-04-2021 21:00,2,15.33166667,40.35333333,118.6306333,0.0,74.2449,279.9033333,28.91833333,77.89166667
14-04-2021 21:00,3,18.73333333,0.0,65.7605,693.903,64.05073333,264.1833333,29.27666667,76.485
14-04-2021 21:00,4,19.68666667,45.09833333,78.78173333,953.854,70.82593333,252.83,28.98166667,79.75
14-04-2021 21:00,5,11.28666667,29.23,108.9137833,1097.677,67.4697,343.6566667,29.25166667,77.585
14-04-2021 21:00,6,11.91166667,25.795,94.6166,1099.587,110.0342667,315.2733333,29.19,77.26833333
14-04-2021 22:00,1,15.3,37.82666667,102.8612,679.578,155.3904667,187.7666667,28.21666667,83.325
14-04-2021 22:00,2,14.445,39.20166667,116.0787333,0.0,74.68403333,255.0133333,28.845,79.27333333
14-04-2021 22:00,3,16.53833333,0.0,63.53576667,575.865,62.6706,235.8,29.17333333,78.00333333
14-04-2021 22:00,4,18.13333333,42.24166667,71.71493333,854.534,60.9768,233.6166667,28.84166667,80.50833333
14-04-2021 22:00,5,10.63166667,26.82166667,102.4031667,805.065,61.13363333,289.51,29.165,78.29
14-04-2021 22:00,6,12.73166667,28.38333333,89.93811667,850.141,106.6153,261.1266667,29.145,78.87833333
14-04-2021 23:00,1,20.645,50.59666667,112.7416333,802.582,178.5077,201.74,27.30166667,89.11
14-04-2021 23:00,2,16.99622642,42.21132075,101.8167358,0.0,63.20679245,227.3962264,28.21320755,80.99245283
14-04-2021 23:00,3,28.525,0.0,63.63391667,438.918,49.74753333,180.78,27.06333333,84.29
14-04-2021 23:00,4,19.28333333,46.155,71.02788333,677.095,49.27703333,192.1333333,28.20333333,82.28666667
14-04-2021 23:00,5,10.77666667,23.19833333,105.4785333,564.405,56.99323333,243.66,28.51333333,81.35833333
14-04-2021 23:00,6,13.98833333,29.25166667,93.96226667,666.399,98.55406667,204.36,27.82666667,84.31333333
15-04-2021 00:00,1,15.44,34.605,106.8199167,711.475,122.3927333,124.45,25.44,90.60833333
15-04-2021 00:00,2,13.42333333,36.025,145.55645,0.0,69.57126667,147.1566667,25.265,91.785
15-04-2021 00:00,3,18.07,0.0,121.4442667,434.716,93.78633333,119.21,23.99666667,98.36333333
15-04-2021 00:00,4,25.81166667,56.81,72.07481667,119.375,59.25163333,127.5066667,24.62,92.815
15-04-2021 00:00,5,9.656666667,18.715,165.4809,547.597,70.44953333,147.5933333,24.28166667,94.78
15-04-2021 00:00,6,11.17,18.585,149.3188667,688.173,140.8363333,113.5333333,24.13,95.80666667
15-04-2021 01:00,1,16.48166667,36.23,146.6361,751.203,188.9528,105.2366667,24.95833333,91.65333333
15-04-2021 01:00,2,11.68166667,33.87833333,136.4612167,0.0,68.1284,134.93,24.50166667,92.75166667
15-04-2021 01:00,3,28.48166667,0.0,119.7102833,517.228,100.7497333,137.1133333,24.43666667,99.225
15-04-2021 01:00,4,26.72166667,57.08166667,69.85008333,755.596,82.83936667,157.6366667,25.14166667,91.84666667
15-04-2021 01:00,5,11.34166667,26.37333333,145.8181833,816.525,77.50703333,208.7266667,24.915,93.29833333
15-04-2021 01:00,6,12.02931034,20.48275862,124.3458966,807.5348276,130.3447241,140.0344828,24.57241379,94.84827586
15-04-2021 02:00,1,16.01833333,35.95333333,143.39715,782.336,205.7339667,123.14,24.885,94.455
15-04-2021 02:00,2,9.324137931,31.15344828,163.1997586,0.0,83.52186207,138.2275862,24.13793103,91.86724138
15-04-2021 02:00,3,16.98,0.0,104.8896333,455.153,85.3487,117.4633333,24.08666667,96.92333333
15-04-2021 02:00,4,28.38333333,61.17333333,69.2939,772.977,67.752,162.0033333,25.17833333,92.22833333
15-04-2021 02:00,5,11.14833333,22.24166667,124.8795167,1103.216,63.73706667,318.33,24.81166667,92.44833333
15-04-2021 02:00,6,10.05,16.24,112.5453333,738.597,108.6227667,121.83,24.68166667,92.09666667
15-04-2021 03:00,1,16.88833333,37.625,124.5850667,845.366,187.4158333,136.24,25.02,94.645
15-04-2021 03:00,2,9.655,31.80666667,162.9617167,0.0,87.16796667,130.5633333,24.37333333,91.26666667
15-04-2021 03:00,3,10.53833333,0.0,99.16421667,550.08,85.28596667,138.86,25.21166667,92.31166667
15-04-2021 03:00,4,24.57833333,52.94666667,70.99516667,801.818,69.00666667,161.13,25.21,91.38
15-04-2021 03:00,5,9.321666667,17.18833333,132.1426167,991.29,64.2703,250.21,25.015,90.10333333
15-04-2021 03:00,6,10.93833333,18.86,107.8014167,1001.795,116.2448667,179.0333333,24.9,92.46666667
15-04-2021 04:00,1,20.06,46.74166667,120.7899333,821.109,183.2127,134.0566667,25.06,94.38166667
15-04-2021 04:00,2,11.88666667,34.79833333,150.7584,0.0,89.4891,168.1166667,24.55666667,91.665
15-04-2021 04:00,3,13.60666667,0.0,96.64503333,750.248,92.81396667,173.3566667,25.68,90.375
15-04-2021 04:00,4,22.58833333,49.47,74.13596667,885.858,81.42786667,143.6633333,25.25166667,90.395
15-04-2021 04:00,5,10.84833333,21.99166667,132.5352167,764.191,78.4794,188.64,25.235,90.33333333
15-04-2021 04:00,6,11.53333333,20.69,114.9663667,1568.683,140.1776333,274.2266667,25.02666667,91.86
15-04-2021 05:00,1,26.02166667,64.665,119.743,1036.175,188.0745333,173.3566667,25.39,93.16
15-04-2021 05:00,2,15.91166667,40.38166667,151.64175,0.0,103.7609333,303.92,25.38,88.02
15-04-2021 05:00,3,20.94666667,0.0,113.55955,1303.384,113.7355333,254.5766667,25.62333333,91.17166667
15-04-2021 05:00,4,32.075,74.905,71.58406667,1036.557,95.57423333,160.6933333,25.29666667,92.34833333
15-04-2021 05:00,5,11.375,23.97333333,142.41565,968.943,92.6885,221.39,25.41833333,90.54833333
15-04-2021 05:00,6,15.58166667,37.06166667,115.6534167,2362.861,158.2762,448.02,25.58833333,91.97666667
15-04-2021 06:00,1,28.08666667,67.62833333,111.3348167,1337.764,169.5682,245.8433333,26.115,90.34166667
15-04-2021 06:00,2,21.47,47.85666667,153.8337667,0.0,104.2314333,497.8,26.47333333,85.26
15-04-2021 06:00,3,33.14,0.0,115.2935333,2208.724,118.2209667,447.5833333,26.815,88.0
15-04-2021 06:00,4,37.575,86.70833333,73.90695,1817.556,91.1829,316.1466667,26.27,89.56833333
15-04-2021 06:00,5,14.76833333,32.495,140.7143833,2314.92,96.01336667,461.5566667,26.24833333,88.61333333
15-04-2021 06:00,6,18.99833333,52.14333333,117.9435833,4712.734,158.8408,330.12,26.37666667,89.49166667
15-04-2021 07:00,1,27.5326087,65.45869565,108.2210435,1327.865217,136.5677391,237.5086957,27.4673913,82.6
15-04-2021 07:00,2,27.274,56.49,153.38882,0.0,100.00948,629.848,28.414,79.342
15-04-2021 07:00,3,40.41052632,0.0,117.5733684,3047.756842,97.93003509,650.8631579,28.84035088,80.95087719
15-04-2021 07:00,4,34.09565217,80.93043478,78.74901667,1896.63,86.89930435,375.3434783,27.69565217,84.3
15-04-2021 07:00,5,17.97391304,40.13695652,156.570587,3507.507391,93.97726087,669.2391304,27.73043478,82.73695652
15-04-2021 07:00,6,26.26041667,74.8375,144.4031875,7089.4425,174.437875,618.7566667,27.77916667,84.28958333
16-04-2021 01:00,1,15.37666667,35.06333333,123.5054167,572.236,168.7526667,133.62,27.27666667,91.26833333
16-04-2021 01:00,2,20.4,45.0,117.78,0.0,72.457,209.6,28.0,83.85
16-04-2021 01:00,3,16.74,0.0,82.6423,291.657,72.2688,180.3433333,28.49,80.63666667
16-04-2021 01:00,4,18.84166667,41.93833333,122.4257667,463.557,58.87523333,148.9033333,28.14333333,82.60166667
16-04-2021 01:00,5,12.82666667,26.69666667,94.94376667,215.639,70.1045,233.18,28.22333333,82.88666667
16-04-2021 01:00,6,16.74655172,33.80689655,96.11931034,614.6906897,104.2238621,186.1103448,28.27241379,83.19310345
16-04-2021 02:00,1,25.32666667,57.87333333,114.9009333,695.049,178.6959,160.6933333,27.39666667,90.82333333
16-04-2021 02:00,2,17.89666667,42.35333333,114.6719167,0.0,73.33526667,212.6566667,27.98,83.89333333
16-04-2021 02:00,3,16.25,0.0,75.1829,284.59,70.98276667,167.68,28.34,81.65333333
16-04-2021 02:00,4,19.95833333,44.94333333,119.1541,489.342,60.44356667,155.4533333,28.16,83.34333333
16-04-2021 02:00,5,12.20833333,25.445,93.47151667,605.088,70.07313333,348.0233333,28.32,83.14
16-04-2021 02:00,6,14.73666667,29.74833333,93.34065,578.921,104.4823667,175.1033333,28.335,83.36333333
16-04-2021 03:00,1,18.53333333,44.94333333,116.5694833,716.441,187.3217333,145.8466667,27.465,90.36833333
16-04-2021 03:00,2,14.52333333,38.17833333,107.1798,0.0,70.73183333,214.84,27.81666667,83.98333333
16-04-2021 03:00,3,14.87,0.0,72.14025,321.262,71.7983,180.3433333,28.11,82.19166667
16-04-2021 03:00,4,20.26666667,44.575,106.0674333,539.575,58.84386667,173.3566667,28.20166667,83.565
16-04-2021 03:00,5,13.55,28.295,75.54278333,490.488,70.1045,337.98,28.17833333,83.58333333
16-04-2021 03:00,6,15.57333333,31.09333333,75.31376667,569.562,97.07983333,183.8366667,28.3,83.02
16-04-2021 04:00,1,28.2375,66.65,97.2911875,700.4925,121.036125,139.1875,26.73125,89.1875
16-04-2021 04:00,2,14.30555556,37.80555556,102.9484444,0.0,69.73855556,216.8777778,27.83888889,83.23888889
16-04-2021 04:00,3,13.99411765,0.0,70.668,351.8894118,72.62305882,183.4,28.11764706,82.07058824
16-04-2021 04:00,4,20.38571429,44.65,91.70014286,812.8414286,58.61085714,205.8571429,28.28571429,82.62857143
16-04-2021 04:00,5,13.95333333,29.26,68.705,983.268,68.5048,480.3333333,28.18666667,83.12
16-04-2021 04:00,6,13.13157895,25.66842105,67.05194737,597.7294737,92.31705263,186.1578947,28.31578947,81.69473684
19-04-2021 07:00,1,39.26,104.02,82.446,1207.884,109.5324,267.24,29.12,77.98
19-04-2021 07:00,2,27.98333333,55.52666667,88.79303333,0.0,53.57426667,511.7733333,29.92666667,72.85
19-04-2021 07:00,3,34.96,0.0,90.85418333,2114.752,63.01563333,489.94,29.32166667,75.75166667
19-04-2021 07:00,4,38.015,97.31833333,79.27248333,1511.001,81.23966667,316.5833333,28.73166667,79.34666667
19-04-2021 07:00,5,19.07333333,40.75166667,112.3163167,2138.627,66.96783333,489.94,28.435,77.02
19-04-2021 07:00,6,21.78,47.88333333,105.4785333,2596.836,102.3494333,539.2833333,28.48833333,77.25833333
19-04-2021 08:00,1,26.32166667,64.37666667,71.15875,922.721,78.16573333,221.8266667,30.16166667,72.49666667
19-04-2021 08:00,2,18.67,44.1,60.13323333,0.0,16.8439,356.7566667,31.36666667,65.29833333
19-04-2021 08:00,3,26.84166667,0.0,70.89701667,1337.573,34.97383333,392.1266667,30.90166667,69.24333333
19-04-2021 08:00,4,28.27333333,72.7,66.21853333,1207.884,38.23596667,303.92,30.73333333,68.99666667
19-04-2021 08:00,5,20.06,42.45333333,97.39751667,1749.751,49.4966,463.74,30.27166667,69.56666667
19-04-2021 08:00,6,17.46166667,38.46166667,91.37765,1726.64,78.6676,399.55,29.58833333,71.325
19-04-2021 09:00,1,25.69,62.22,89.97083333,729.047,74.65266667,199.5566667,30.83833333,69.41
19-04-2021 09:00,2,17.53666667,42.32333333,52.11765,0.0,3.356233333,343.6566667,32.19166667,61.73
19-04-2021 09:00,3,24.945,0.0,65.26975,722.553,27.06943333,293.8766667,31.61833333,66.235
19-04-2021 09:00,4,29.42666667,84.49,98.86976667,1227.748,22.52126667,330.9933333,31.325,66.38833333
19-04-2021 09:00,5,21.38,46.41833333,79.76323333,1781.266,27.03806667,536.6633333,30.66833333,67.31
19-04-2021 09:00,6,19.75333333,44.195,96.54688333,1407.861,72.01786667,348.8966667,30.38666667,68.72333333
19-04-2021 10:00,1,27.63666667,65.595,135.9050333,831.805,64.70943333,199.5566667,31.95166667,65.55833333
19-04-2021 10:00,2,18.68166667,44.13833333,85.55408333,0.0,12.01343333,336.2333333,33.32833333,57.54166667
19-04-2021 10:00,3,30.04666667,0.0,80.77745,643.861,31.053,265.4933333,31.83333333,65.43666667
19-04-2021 10:00,4,26.31333333,63.015,95.49995,1023.76,20.3256,313.09,32.29666667,62.4
19-04-2021 10:00,5,20.75666667,45.58666667,103.4501,1774.008,39.17696667,532.7333333,32.37,61.2
19-04-2021 10:00,6,20.42833333,47.5,106.1983,1457.139,67.81473333,352.39,30.995,65.745
19-04-2021 11:00,1,25.91333333,60.95666667,135.7087333,711.284,40.11796667,200.43,33.36666667,60.06833333
19-04-2021 11:00,2,19.175,44.81333333,95.56538333,0.0,9.441366667,339.29,33.73166667,55.23833333
19-04-2021 11:00,3,32.14333333,0.0,77.44035,669.264,22.17623333,300.4266667,33.09833333,61.56666667
19-04-2021 11:00,4,25.46333333,78.59833333,77.60393333,945.259,8.469,322.26,33.55166667,57.78833333
19-04-2021 11:00,5,21.55333333,46.825,97.07035,1862.25,28.1359,590.81,32.94333333,58.28833333
19-04-2021 11:00,6,21.81833333,51.18333333,107.7687,1838.566,57.84013333,442.78,32.06,60.75833333
19-04-2021 12:00,1,23.495,55.4,156.2220833,684.162,66.18366667,205.67,32.355,62.77
19-04-2021 12:00,2,18.84833333,44.41166667,109.3718167,0.0,16.71843333,331.43,33.77,53.46666667
19-04-2021 12:00,3,28.42666667,0.0,69.03216667,539.384,3.889466667,300.4266667,33.41166667,58.11
19-04-2021 12:00,4,23.68666667,54.03333333,81.39906667,853.579,3.983566667,323.57,33.91,56.14166667
19-04-2021 12:00,5,20.615,43.55833333,121.4769833,1199.671,34.50333333,451.5133333,32.395,60.29666667
19-04-2021 12:00,6,22.45666667,52.115,113.5268333,1994.04,68.44206667,505.2233333,32.20666667,60.68333333
19-04-2021 13:00,1,26.165,61.78166667,177.16075,750.057,102.7258333,203.05,31.99166667,64.17833333
19-04-2021 13:00,2,18.93333333,45.37833333,103.9735667,0.0,14.83643333,365.9266667,34.55,51.27
19-04-2021 13:00,3,27.05166667,0.0,85.06333333,876.69,11.54293333,372.04,34.32833333,55.23166667
19-04-2021 13:00,4,23.5,57.30666667,102.2395833,860.073,23.93276667,318.7666667,32.85333333,58.845
19-04-2021 13:00,5,20.17666667,43.20166667,195.7765333,2254.755,83.4667,544.96,31.56833333,65.63333333
19-04-2021 13:00,6,23.20833333,56.08666667,103.2538,3078.156,78.7617,505.2233333,33.53166667,58.065
19-04-2021 14:00,1,22.85166667,54.49,151.2818667,692.375,92.93943333,206.1066667,33.71,57.73666667
19-04-2021 14:00,2,20.69166667,47.69666667,119.5467,0.0,18.6318,396.0566667,34.16,55.66
19-04-2021 14:00,3,26.87666667,0.0,95.56538333,908.587,23.65046667,369.8566667,32.80333333,59.75833333
19-04-2021 14:00,4,24.695,60.21333333,100.9309167,741.08,18.50633333,329.6833333,34.205,56.035
19-04-2021 14:00,5,21.525,67.765,138.1297667,1052.983,50.21803333,391.69,32.435,61.99166667
19-04-2021 14:00,6,22.21166667,53.64833333,77.57121667,1581.289,21.76846667,551.51,33.71833333,56.4
19-04-2021 15:00,1,21.97833333,53.07833333,140.4853667,718.924,139.2366333,251.52,31.72,67.9
19-04-2021 15:00,2,20.47666667,46.88333333,151.1182833,0.0,49.873,372.9133333,32.04166667,66.565
19-04-2021 15:00,3,24.64166667,0.0,116.7330667,899.801,58.4361,334.05,32.21,65.36
19-04-2021 15:00,4,26.31666667,67.99666667,120.1683167,977.92,65.7759,349.77,31.21333333,72.34166667
19-04-2021 15:00,5,18.00333333,44.43666667,120.62635,725.609,58.342,348.0233333,31.5,67.71333333
19-04-2021 15:00,6,19.645,44.46166667,105.8384167,1048.208,75.4682,406.9733333,32.17333333,64.965
19-04-2021 16:00,1,18.97,49.59,136.6248,766.101,154.1985333,248.9,30.49666667,72.22833333
19-04-2021 16:00,2,14.615,40.39,167.7710667,0.0,64.23893333,262.4366667,28.405,74.305
19-04-2021 16:00,3,18.045,0.0,112.8397833,785.392,62.23146667,258.07,28.80666667,74.69166667
19-04-2021 16:00,4,23.16166667,57.62666667,121.5751333,1202.154,65.4936,365.9266667,29.79833333,73.49333333
19-04-2021 16:00,5,15.045,45.40166667,136.8538167,1357.246,66.02683333,409.5933333,29.32,73.37333333
19-04-2021 16:00,6,15.75384615,37.74230769,127.595,1208.148462,111.6532692,357.2269231,29.44615385,72.81730769
19-04-2021 17:00,1,19.68833333,47.83333333,145.262,1377.683,165.3650667,305.6666667,28.72833333,73.70833333
19-04-2021 17:00,2,15.17833333,40.925,175.8193667,0.0,88.76766667,275.1,27.37833333,77.21333333
19-04-2021 17:00,3,19.86333333,0.0,132.3716333,1158.224,91.40246667,273.79,27.47,79.34166667
19-04-2021 17:00,4,19.14,52.01833333,110.6477667,2188.287,76.0328,471.1633333,28.73666667,72.41833333
19-04-2021 17:00,5,14.525,31.76833333,147.0941333,3000.037,83.5608,672.4666667,28.185,73.59166667
19-04-2021 17:00,6,15.84166667,36.72333333,130.8012333,2105.011,128.6974333,475.9666667,28.21,74.11666667
19-04-2021 18:00,1,20.17833333,51.98666667,145.55645,1720.528,178.5077,344.53,27.88,74.97333333
19-04-2021 18:00,2,21.19833333,47.55,153.6701833,0.0,87.35616667,273.3533333,27.52666667,78.57166667
19-04-2021 18:00,3,28.26166667,0.0,113.9848667,1198.907,87.7012,274.6633333,27.56,78.595
19-04-2021 18:00,4,20.73666667,48.65333333,108.6193333,2474.596,90.08506667,512.21,28.53666667,73.22333333
19-04-2021 18:00,5,16.05,34.775,138.8168167,4192.068,90.9006,672.4666667,28.655,72.305
19-04-2021 18:00,6,15.295,32.98666667,118.3689,1785.277,121.4517333,402.17,28.065,75.15333333
19-04-2021 19:00,1,27.475,78.49666667,145.5237333,2115.898,189.8310667,427.06,27.08666667,81.96833333
19-04-2021 19:00,2,18.28166667,44.68166667,129.7870167,0.0,75.9387,278.1566667,27.73,77.03
19-04-2021 19:00,3,29.88666667,0.0,104.2353,1136.641,82.2434,265.0566667,27.435,79.075
19-04-2021 19:00,4,25.06333333,57.67,98.96791667,2037.97,83.52943333,439.2866667,28.29333333,74.39333333
19-04-2021 19:00,5,15.14833333,32.63166667,118.66335,2490.64,80.98873333,584.26,28.37666667,73.93333333
19-04-2021 19:00,6,17.76166667,39.77833333,108.9137833,2198.983,124.5256667,477.7133333,28.09166667,75.60333333
19-04-2021 20:00,1,31.60166667,86.325,144.4113667,2381.961,208.3687667,465.05,26.66333333,84.79333333
19-04-2021 20:00,2,17.55833333,43.505,123.17825,0.0,71.516,259.8166667,27.45333333,78.41
19-04-2021 20:00,3,36.005,0.0,98.18271667,1179.998,82.68253333,264.1833333,27.26333333,80.15166667
19-04-2021 20:00,4,22.97166667,53.8,98.28086667,1945.908,86.2897,417.89,28.17833333,75.39
19-04-2021 20:00,5,15.42666667,32.64,109.9607167,2125.448,76.34646667,526.62,28.615,72.93333333
19-04-2021 20:00,6,17.46333333,38.76833333,101.2253667,1581.671,114.7706333,358.94,27.92833333,76.01
19-04-2021 21:00,1,31.22,82.18333333,134.8908167,2581.747,206.8318,500.42,26.695,84.68666667
19-04-2021 21:00,2,21.56923077,49.30384615,125.06575,0.0,87.80253846,311.3769231,27.41730769,79.10769231
19-04-2021 21:00,3,31.53,0.0,99.06606667,1186.683,87.95213333,280.34,27.135,79.97333333
19-04-2021 21:00,4,20.76833333,48.63333333,92.261,2145.312,83.21576667,450.64,27.975,76.09333333
19-04-2021 21:00,5,15.51333333,33.70166667,108.3576,1882.687,78.88716667,475.0933333,28.27666667,75.015
19-04-2021 21:00,6,17.38166667,40.55666667,97.33208333,1901.023,123.6474,418.3266667,27.98833333,76.57
19-04-2021 22:00,1,37.89666667,106.01,121.9023,2288.371,197.2963333,458.0633333,27.19666667,82.315
19-04-2021 22:00,2,18.765,45.06833333,126.0900333,0.0,86.3838,256.76,27.14666667,81.64333333
19-04-2021 22:00,3,29.11166667,0.0,96.9722,1219.917,87.7953,286.0166667,27.35,80.38666667
19-04-2021 22:00,4,20.24166667,46.935,90.36343333,1684.811,80.01636667,368.11,28.02166667,76.445
19-04-2021 22:00,5,14.86166667,31.68666667,109.3391,1156.505,76.34646667,348.46,27.925,77.03666667
19-04-2021 22:00,6,17.72166667,44.85666667,93.86411667,1438.612,119.5697333,336.67,27.81166667,78.29
19-04-2021 23:00,1,37.74166667,103.5233333,120.7572167,2033.004,195.728,414.8333333,26.88833333,84.16666667
19-04-2021 23:00,2,19.98833333,45.99333333,116.6676333,0.0,85.00366667,250.21,27.46333333,81.24833333
19-04-2021 23:00,3,39.69333333,0.0,88.30228333,876.499,83.02756667,224.01,27.37166667,81.15833333
19-04-2021 23:00,4,20.37833333,47.395,84.11455,1431.354,80.51823333,328.3733333,27.87333333,77.57333333
19-04-2021 23:00,5,15.29666667,32.07666667,107.67055,958.629,78.22846667,317.8933333,28.16833333,77.23666667
19-04-2021 23:00,6,17.145,39.49,89.41465,1174.65,113.0141,282.5233333,27.81,79.13666667
20-04-2021 00:00,1,34.17166667,98.72333333,119.7757167,1563.335,194.5360667,334.4866667,26.70333333,85.80833333
20-04-2021 00:00,2,26.03833333,53.27166667,119.7757167,0.0,86.60336667,224.8833333,27.08666667,82.70666667
20-04-2021 00:00,3,57.87666667,0.0,84.86703333,972.381,83.02756667,244.0966667,26.78,83.635
20-04-2021 00:00,4,21.1,48.05666667,84.11455,1048.972,77.56976667,265.0566667,27.59833333,79.365
20-04-2021 00:00,5,14.625,31.06333333,97.46295,851.478,72.14333333,305.6666667,27.92,77.79166667
20-04-2021 00:00,6,18.57166667,42.11,88.85846667,883.757,115.6175333,221.39,27.72333333,79.55333333
20-04-2021 01:00,1,26.89166667,76.835,113.5268333,860.646,185.5965667,215.7133333,26.49333333,87.205
20-04-2021 01:00,2,21.19482759,48.15517241,118.8630345,0.0,86.7017931,233.5413793,26.95862069,82.70689655
20-04-2021 01:00,3,32.97413793,0.0,81.59987931,832.4306897,79.27113793,215.4724138,27.11034483,82.43965517
20-04-2021 01:00,4,23.79333333,55.81333333,78.84716667,835.434,76.221,226.63,27.35,80.92
20-04-2021 01:00,5,14.45833333,30.54833333,96.71046667,670.028,70.79456667,270.2966667,27.56,79.075
20-04-2021 01:00,6,17.595,38.19833333,81.49721667,775.842,107.8699667,202.6133333,27.53333333,79.91333333
20-04-2021 02:00,1,22.695,61.56333333,104.52975,734.968,176.1238333,189.95,26.30166667,88.225
20-04-2021 02:00,2,21.975,48.41833333,108.6847667,0.0,76.7856,230.56,26.87833333,83.40666667
20-04-2021 02:00,3,30.75,0.0,68.34511667,814.615,71.76693333,227.0666667,27.97333333,79.025
20-04-2021 02:00,4,25.37833333,59.25333333,81.00646667,676.331,78.3853,197.81,27.21333333,81.39166667
20-04-2021 02:00,5,16.50833333,34.85333333,91.31221667,870.387,68.2225,322.6966667,27.50166667,79.80166667
20-04-2021 02:00,6,17.08,36.75333333,79.37063333,797.998,105.5488333,206.98,27.45833333,80.55833333
20-04-2021 03:00,1,26.705,69.555,102.5013167,800.099,174.2104667,211.3466667,26.235,88.30666667
20-04-2021 03:00,2,20.72333333,46.26666667,108.06315,0.0,80.33003333,231.87,26.91833333,83.38
20-04-2021 03:00,3,25.55,0.0,56.1418,767.82,64.01936667,220.5166667,28.43666667,77.67
20-04-2021 03:00,4,25.5,62.58166667,85.88125,747.765,86.7602,207.8533333,27.04166667,83.18
20-04-2021 03:00,5,15.12,31.84833333,89.57823333,1039.422,67.50106667,374.2233333,27.49333333,80.02833333
20-04-2021 03:00,6,20.81833333,46.27166667,76.19711667,956.528,106.8035,234.9266667,27.315,81.98166667
20-04-2021 04:00,1,38.31,106.5583333,106.0674333,934.563,179.5741667,224.01,26.105,88.74666667
20-04-2021 04:00,2,19.78666667,46.215,107.7032667,0.0,84.06266667,275.9733333,26.94,83.45833333
20-04-2021 04:00,3,18.78833333,0.0,62.6197,656.849,61.29046667,213.9666667,28.40666667,77.83
20-04-2021 04:00,4,29.13166667,73.705,86.43743333,870.387,90.2419,202.6133333,27.07,83.53166667
20-04-2021 04:00,5,13.49166667,28.78333333,89.87268333,760.562,65.08583333,305.23,27.63833333,79.63
20-04-2021 04:00,6,16.595,35.99333333,79.27248333,976.774,106.3016333,231.4333333,27.51,80.89
20-04-2021 05:00,1,44.67833333,132.3033333,105.5766833,1211.322,179.8564667,278.1566667,25.83333333,89.575
20-04-2021 05:00,2,22.405,49.51,111.20395,0.0,87.16796667,351.5166667,27.04166667,82.925
20-04-2021 05:00,3,19.23,0.0,75.3792,895.981,69.4458,239.73,27.46666667,81.25166667
20-04-2021 05:00,4,29.88666667,77.32666667,89.83996667,1457.521,97.2994,269.4233333,26.82666667,85.51666667
20-04-2021 05:00,5,15.02166667,32.24833333,95.69625,1397.356,78.69896667,396.0566667,27.59833333,80.29333333
20-04-2021 05:00,6,16.52833333,34.37666667,83.75466667,1007.143,110.4420333,238.42,27.595,80.53666667
20-04-2021 06:00,1,51.19166667,152.3616667,105.2822333,1448.162,177.1589333,326.19,26.21833333,88.68666667
20-04-2021 06:00,2,25.02166667,53.60833333,102.1414333,0.0,78.8558,420.51,28.47833333,77.75666667
20-04-2021 06:00,3,24.045,0.0,91.54123333,1742.302,83.0903,387.76,27.525,81.93
20-04-2021 06:00,4,33.84333333,102.9916667,95.33636667,2022.69,102.3494333,410.03,27.515,83.73
20-04-2021 06:00,5,18.20833333,39.14,107.27795,2639.238,81.83563333,582.95,27.79,79.94166667
20-04-2021 06:00,6,17.66166667,37.53666667,92.4573,1651.959,115.8057333,356.7566667,27.76833333,80.26
20-04-2021 07:00,1,40.94,130.615,102.6976167,1390.289,148.9916667,310.9066667,28.10333333,81.35833333
20-04-2021 07:00,2,19.315,45.405,80.22126667,0.0,45.10526667,415.7066667,30.29,71.41833333
20-04-2021 07:00,3,23.63666667,0.0,86.372,1717.472,66.56006667,415.7066667,29.24333333,76.9
20-04-2021 07:00,4,40.09,107.8416667,111.891,2096.607,83.749,496.0533333,29.02666667,78.25666667
20-04-2021 07:00,5,16.95166667,36.96666667,122.7202167,2413.285,73.52346667,552.3833333,28.56,77.84833333
20-04-2021 07:00,6,16.38166667,37.24333333,105.90385,2445.182,110.8184333,515.2666667,28.64166667,77.77666667
20-04-2021 08:00,1,33.035,84.395,103.5155333,1384.368,115.0215667,315.71,30.62166667,72.79833333
20-04-2021 08:00,2,17.39833333,42.72166667,80.94103333,0.0,34.4406,343.6566667,31.025,68.88333333
20-04-2021 08:00,3,21.94666667,0.0,69.22846667,1048.017,44.82296667,326.6266667,30.66333333,72.245
20-04-2021 08:00,4,24.245,75.17166667,99.42595,1659.599,39.67883333,455.88,30.285,72.43
20-04-2021 08:00,5,17.24166667,43.70333333,95.9907,1704.293,51.1904,506.0966667,29.93166667,72.77833333
20-04-2021 08:00,6,16.87666667,38.58,96.12156667,1740.965,85.22323333,399.1133333,29.57666667,74.69666667
20-04-2021 09:00,1,21.08666667,50.50333333,98.50988333,898.082,64.01936667,259.38,31.915,67.15666667
20-04-2021 09:00,2,15.965,40.77666667,66.97101667,0.0,15.997,317.4566667,32.06333333,63.26
20-04-2021 09:00,3,22.5490566,0.0,55.8899434,677.6535849,27.12920755,280.7849057,31.5,67.41320755
20-04-2021 09:00,4,22.725,88.02,86.99361667,1116.013,21.61163333,403.48,31.73,65.96833333
20-04-2021 09:00,5,17.42166667,42.77,61.70363333,1590.075,25.7834,530.9866667,31.63333333,65.30166667
20-04-2021 09:00,6,15.99661017,36.81694915,79.85084746,1047.327458,67.05023729,324.1694915,30.55084746,68.60338983
20-04-2021 10:00,1,18.87,44.355,88.04055,836.58,29.95516667,274.6633333,32.80166667,62.04833333
20-04-2021 10:00,2,15.69666667,40.46,78.22555,0.0,11.6684,296.4966667,33.105,58.12333333
20-04-2021 10:00,3,23.93833333,0.0,61.76906667,576.438,23.17996667,269.86,32.61666667,62.37833333
20-04-2021 10:00,4,20.225,48.96,88.59673333,875.353,6.053766667,369.8566667,32.94666667,59.81
20-04-2021 10:00,5,21.14166667,52.17833333,68.86858333,1718.809,14.89916667,599.1066667,32.69833333,59.985
20-04-2021 10:00,6,17.72,39.97666667,97.3648,936.091,59.283,275.5366667,31.24833333,64.44333333
20-04-2021 11:00,1,20.44833333,49.86833333,145.16385,977.156,81.71016667,269.86,32.55166667,61.99666667
20-04-2021 11:00,2,15.50166667,40.15666667,103.2210833,0.0,13.3622,290.82,33.525,55.645
20-04-2021 11:00,3,18.15,0.0,65.53148333,488.769,21.01566667,272.0433333,32.93166667,60.26833333
20-04-2021 11:00,4,25.915,112.4483333,93.20978333,851.86,7.935766667,366.3633333,33.265,57.55666667
20-04-2021 11:00,5,19.42166667,43.28166667,106.4273167,1946.099,24.81103333,618.32,33.07666667,56.445
20-04-2021 11:00,6,17.48474576,40.56271186,100.5787966,1095.304068,53.87623729,330.8305085,32.12033898,59.61694915
20-04-2021 12:00,1,20.565,48.07833333,144.5422333,774.887,80.11046667,251.9566667,32.70833333,60.83
20-04-2021 12:00,2,13.86833333,37.845,75.93538333,0.0,4.171766667,331.43,34.52166667,52.295
20-04-2021 12:00,3,13.77333333,0.0,39.94705,391.741,4.924566667,317.8933333,34.20833333,55.00166667
20-04-2021 12:00,4,19.58166667,44.24666667,89.38193333,639.659,6.932033333,348.46,34.19333333,53.59333333
20-04-2021 12:00,5,16.48,34.20833333,102.1414333,1324.585,29.95516667,515.2666667,33.52666667,54.175
20-04-2021 12:00,6,15.84833333,33.67666667,72.66371667,880.51,25.72066667,318.33,33.40333333,54.89166667
20-04-2021 13:00,1,19.165,46.00166667,121.8368667,641.569,50.814,254.5766667,33.49666667,57.745
20-04-2021 13:00,2,13.19,37.565,69.4902,0.0,2.791633333,355.01,34.85333333,50.94833333
20-04-2021 13:00,3,14.39166667,0.0,31.6043,485.331,0.941,379.9,34.66166667,53.265
20-04-2021 13:00,4,16.62166667,42.42666667,74.23411667,496.791,1.913366667,368.11,34.63333333,51.14166667
20-04-2021 13:00,5,16.26833333,35.88,98.24815,1101.688,26.75576667,489.0666667,33.82,52.69666667
20-04-2021 13:00,6,15.52666667,34.85,69.8828,883.566,20.07466667,352.39,33.885,53.15166667
20-04-2021 14:00,1,19.34666667,46.31166667,108.8156333,606.234,42.09406667,276.8466667,33.92333333,54.86833333
20-04-2021 14:00,2,13.06603774,37.28113208,72.07543396,0.0,2.982792453,366.8,34.78490566,49.68490566
20-04-2021 14:00,3,15.76166667,0.0,67.7235,536.137,12.92306667,348.46,34.525,54.48833333
20-04-2021 14:00,4,17.56,42.91833333,94.4203,553.327,13.86406667,362.4333333,34.56833333,51.91666667
20-04-2021 14:00,5,17.42333333,48.68,118.9905167,1547.482,44.85433333,542.34,33.77333333,53.335
20-04-2021 14:00,6,17.21,43.075,91.4758,1122.507,45.7326,399.9866667,33.89666667,53.48
20-04-2021 15:00,1,25.10166667,69.55833333,196.39815,765.146,105.9252333,224.8833333,33.40333333,58.76166667
20-04-2021 15:00,2,13.79666667,38.435,87.48436667,0.0,13.11126667,363.7433333,34.70666667,50.6
20-04-2021 15:00,3,18.78833333,0.0,66.08766667,564.596,12.64076667,367.2366667,34.31333333,55.33666667
20-04-2021 15:00,4,22.18333333,90.66666667,102.1087167,696.004,19.35323333,377.28,34.10166667,53.64
20-04-2021 15:00,5,17.81833333,71.35333333,122.1313167,1689.395,45.19936667,578.5833333,33.75333333,53.34333333
20-04-2021 15:00,6,17.81166667,47.24166667,96.35058333,1210.558,51.03356667,421.82,33.91666667,53.28
20-04-2021 16:00,1,21.44166667,58.845,140.06005,923.485,98.30313333,309.5966667,33.31,59.06
20-04-2021 16:00,2,20.87333333,50.87166667,180.30155,0.0,80.1732,316.5833333,30.40833333,70.31166667
20-04-2021 16:00,3,26.435,0.0,125.33755,870.578,65.43086667,327.0633333,31.17833333,67.76
20-04-2021 16:00,4,22.94,69.70166667,115.2281,1257.162,57.24416667,431.4266667,32.58166667,61.11333333
20-04-2021 16:00,5,21.08166667,48.63666667,141.23785,2049.43,65.74453333,603.0366667,32.02833333,62.82833333
20-04-2021 16:00,6,21.45833333,53.93166667,141.2705667,1536.404,110.8811667,441.0333333,31.23,66.43
20-04-2021 17:00,1,22.64,59.68333333,170.3229667,1364.886,178.0372,358.94,31.10333333,68.26666667
20-04-2021 17:00,2,26.97333333,57.63,187.0739,0.0,106.0193333,379.9,30.42666667,71.41333333
20-04-2021 17:00,3,34.735,0.0,127.595,1349.988,80.48686667,388.6333333,31.14166667,67.61
20-04-2021 17:00,4,26.41333333,67.865,130.3104833,2141.11,88.20306667,524.4366667,31.745,65.06
20-04-2021 17:00,5,22.56333333,53.34833333,164.9574333,3652.493,95.73106667,672.4666667,31.27,67.145
20-04-2021 17:00,6,24.74,61.55333333,142.8736833,2468.484,133.9356667,595.6133333,30.99333333,68.42833333
20-04-2021 18:00,1,22.66166667,55.67333333,188.15355,1311.597,230.8900333,307.4133333,29.23,78.69666667
20-04-2021 18:00,2,24.59433962,53.78301887,171.0032264,0.0,90.58456604,428.5924528,29.79811321,74.92264151
20-04-2021 18:00,3,42.18,0.0,120.62635,1915.539,87.35616667,491.6866667,30.255,71.03333333
20-04-2021 18:00,4,26.19166667,62.79,125.4029833,2002.253,90.4301,487.7566667,30.62833333,72.26833333
20-04-2021 18:00,5,20.80833333,44.845,161.7839167,2961.455,99.71463333,672.4666667,30.29,73.96333333
20-04-2021 18:00,6,21.81833333,53.54,128.67465,2556.917,132.9319333,610.0233333,30.46,72.72
20-04-2021 19:00,1,18.01666667,44.00166667,164.9574333,1307.013,218.4061,268.55,28.89666667,77.585
20-04-2021 19:00,2,21.68,50.79333333,142.5465167,0.0,91.4652,520.9433333,29.82666667,72.675
20-04-2021 19:00,3,29.76923077,0.0,109.928,2198.336538,86.68057692,546.1692308,31.03461538,70.15
20-04-2021 19:00,4,25.61166667,60.04,128.28205,1895.293,109.0932667,425.3133333,29.89333333,76.24833333
20-04-2021 19:00,5,17.285,36.87166667,145.6218833,3222.361,97.04846667,584.26,30.29333333,73.73833333
20-04-2021 19:00,6,24.315,64.44,124.9776667,5701.732,157.2411,477.7133333,30.455,73.145
20-04-2021 20:00,1,23.21833333,60.87833333,155.4368833,1539.842,222.2642,331.43,28.75666667,81.905
20-04-2021 20:00,2,22.05833333,50.18333333,135.0544,0.0,81.83563333,425.75,29.66666667,75.91166667
20-04-2021 20:00,3,24.685,0.0,99.29508333,2100.236,75.59366667,527.93,30.78833333,72.07333333
20-04-2021 20:00,4,26.48333333,64.24333333,124.9122333,1565.818,112.0103667,353.7,29.72833333,79.57166667
20-04-2021 20:00,5,16.25833333,35.32,132.0771833,2374.894,95.44876667,591.2466667,30.17166667,77.41
20-04-2021 20:00,6,22.99833333,66.75166667,116.1768833,3856.29,148.8034667,358.94,30.21833333,76.43666667
20-04-2021 21:00,1,19.57,46.56166667,137.11555,1042.669,201.8758667,267.24,28.6,85.66166667
20-04-2021 21:00,2,19.43166667,46.04,131.5537167,0.0,73.17843333,338.4166667,29.115,78.095
20-04-2021 21:00,3,22.51,0.0,96.80861667,1403.277,74.18216667,389.07,29.96,76.50666667
20-04-2021 21:00,4,26.61,65.565,107.7032667,1341.202,102.0044,327.0633333,29.64833333,80.71666667
20-04-2021 21:00,5,16.78,35.995,107.1798,1326.113,75.97006667,420.51,29.71166667,78.57833333
20-04-2021 21:00,6,19.295,45.05833333,98.70618333,1559.706,117.3113333,429.68,29.695,78.79833333
20-04-2021 22:00,1,16.40666667,41.97166667,121.1171,862.365,196.8258333,230.1233333,28.59833333,85.98333333
20-04-2021 22:00,2,18.35666667,44.77166667,134.8581,0.0,79.3263,279.9033333,28.72833333,81.28833333
20-04-2021 22:00,3,17.265,0.0,95.27093333,989.571,72.5511,298.68,29.28833333,78.425
20-04-2021 22:00,4,23.66166667,54.83166667,82.90403333,1086.026,68.09703333,297.8066667,29.46833333,78.74333333
20-04-2021 22:00,5,14.75833333,30.91166667,103.2538,946.787,70.8573,350.6433333,29.305,80.41
20-04-2021 22:00,6,17.30666667,40.60833333,97.98641667,1094.43,116.684,315.2733333,29.25,80.19
20-04-2021 23:00,1,17.37166667,45.14166667,116.2096,757.888,194.6929,202.6133333,28.38833333,86.59166667
20-04-2021 23:00,2,16.78333333,41.66833333,128.1184667,0.0,74.37036667,230.1233333,28.31666667,85.03666667
20-04-2021 23:00,3,18.76666667,0.0,91.83568333,796.088,75.21726667,254.5766667,28.80833333,82.26166667
20-04-2021 23:00,4,24.53333333,55.66,82.0534,743.945,66.93646667,241.9133333,29.15333333,81.555
20-04-2021 23:00,5,15.05,31.43333333,100.0475667,583.505,69.88493333,282.0866667,28.92333333,83.255
20-04-2021 23:00,6,18.25666667,40.215,95.72896667,808.694,115.7116333,244.0966667,28.88666667,83.39166667
21-04-2021 00:00,1,16.30666667,40.46,102.95935,596.493,170.6660333,183.4,28.33,87.27666667
21-04-2021 00:00,2,16.65333333,41.44666667,119.1541,0.0,75.0918,224.4466667,28.31,85.81666667
21-04-2021 00:00,3,20.18,0.0,83.91825,625.334,72.39426667,214.4033333,28.39,84.66833333
21-04-2021 00:00,4,27.915,62.56166667,78.29098333,638.704,64.14483333,215.2766667,28.9,82.94166667
21-04-2021 00:00,5,13.87666667,28.91166667,94.55116667,496.791,67.87746667,266.8033333,28.63833333,84.72
21-04-2021 00:00,6,16.88,35.38333333,88.07326667,688.746,112.2299333,211.3466667,28.65166667,84.96333333
21-04-2021 01:00,1,15.16,34.38666667,94.28943333,523.913,158.8408,175.54,28.16333333,87.29
21-04-2021 01:00,2,17.41034483,42.10862069,108.3034483,0.0,71.67824138,211.4068966,28.08103448,86.92241379
21-04-2021 01:00,3,21.46034483,0.0,77.87694828,585.8431034,72.13251724,207.3413793,28.10689655,86.12413793
21-04-2021 01:00,4,27.74166667,61.495,77.30948333,563.068,64.2703,200.43,28.69833333,83.83666667
21-04-2021 01:00,5,13.03,27.085,87.05905,522.194,64.30166667,293.8766667,28.46833333,85.55
21-04-2021 01:00,6,15.66,31.68666667,81.95525,650.355,107.3681,194.7533333,28.50833333,85.83166667
21-04-2021 02:00,1,14.00333333,31.44333333,92.32643333,483.803,149.7758333,162.8766667,28.12666667,87.14333333
21-04-2021 02:00,2,19.37666667,43.93166667,106.29645,0.0,67.97156667,208.7266667,27.83166667,88.24833333
21-04-2021 02:00,3,20.99333333,0.0,73.77608333,545.687,70.98276667,186.4566667,28.055,86.66333333
21-04-2021 02:00,4,23.43833333,51.84,74.92116667,478.073,61.66686667,183.4,28.54833333,84.26666667
21-04-2021 02:00,5,12.22,25.26333333,84.04911667,748.338,61.165,339.7266667,28.375,85.835
21-04-2021 02:00,6,15.92166667,31.91,78.81445,640.423,104.8587667,183.4,28.37333333,86.44166667
21-04-2021 03:00,1,13.5,29.88666667,93.96226667,476.927,154.2926333,158.0733333,28.04333333,87.52166667
21-04-2021 03:00,2,20.34,45.27833333,101.78155,0.0,71.95513333,226.63,27.82333333,88.525
21-04-2021 03:00,3,21.77833333,0.0,71.81308333,546.833,69.634,184.2733333,27.97333333,87.24
21-04-2021 03:00,4,23.65333333,52.46166667,71.58406667,506.532,61.76096667,181.2166667,28.475,84.79333333
21-04-2021 03:00,5,12.01833333,24.95,82.34785,756.933,60.66313333,361.56,28.265,86.47
21-04-2021 03:00,6,15.57166667,31.035,74.82301667,661.624,103.3531667,185.5833333,28.35833333,86.725
21-04-2021 04:00,1,15.99333333,36.85166667,94.0277,524.104,158.7467,165.06,27.90833333,88.49666667
21-04-2021 04:00,2,19.335,44.09,94.32215,0.0,67.87746667,218.77,27.70333333,89.36666667
21-04-2021 04:00,3,27.28666667,0.0,73.08903333,624.952,73.398,206.98,27.49166667,89.71666667
21-04-2021 04:00,4,24.69666667,54.63666667,69.26118333,611.773,61.7296,196.5,28.36666667,85.71833333
21-04-2021 04:00,5,13.34,27.86166667,78.78173333,769.921,62.73333333,327.9366667,28.155,87.27833333
21-04-2021 04:00,6,17.085,34.83,73.6125,777.561,105.5488333,210.4733333,28.23,87.40166667
21-04-2021 05:00,1,16.56166667,38.75833333,90.65788333,739.361,160.9423667,204.7966667,27.40666667,91.125
21-04-2021 05:00,2,25.16333333,51.41,98.50988333,0.0,72.23743333,250.6466667,27.575,89.89
21-04-2021 05:00,3,36.57,0.0,75.80451667,795.515,80.5496,227.94,27.25,90.76166667
21-04-2021 05:00,4,24.97166667,60.325,64.41911667,822.064,62.54513333,230.9966667,28.27333333,84.73833333
21-04-2021 05:00,5,14.19333333,29.71166667,71.02788333,971.044,67.43833333,345.4033333,28.23166667,85.56666667
21-04-2021 05:00,6,18.285,38.80666667,73.08903333,1024.715,113.1709333,248.9,28.125,86.90833333
21-04-2021 06:00,1,19.25166667,46.08,80.0904,1187.256,154.6690333,291.6933333,27.84333333,89.585
21-04-2021 06:00,2,34.87,63.02333333,91.54123333,0.0,70.1045,300.4266667,27.89833333,88.27666667
21-04-2021 06:00,3,47.74,0.0,72.14025,1050.882,79.5145,279.9033333,27.675,88.90666667
21-04-2021 06:00,4,22.05833333,49.51,63.4049,1047.253,57.55783333,273.79,28.6,81.17833333
21-04-2021 06:00,5,15.18166667,31.67166667,69.85008333,1339.483,65.61906667,404.3533333,28.485,82.63
21-04-2021 06:00,6,18.755,39.33,73.44891667,1193.75,109.5951333,288.6366667,28.345,84.97
21-04-2021 07:00,1,18.85666667,43.23166667,64.51726667,1180.571,116.1507667,294.3133333,28.61833333,83.80333333
21-04-2021 07:00,2,29.81166667,57.67,86.01211667,0.0,60.85133333,349.77,28.50666667,85.01
21-04-2021 07:00,3,41.24833333,0.0,66.742,1220.299,69.41443333,341.0366667,28.27166667,86.40833333
21-04-2021 07:00,4,22.15,50.25833333,70.56985,1447.589,56.46,355.01,29.07,79.30333333
21-04-2021 07:00,5,13.85166667,28.83333333,82.70773333,1466.498,63.64296667,435.7933333,28.77333333,82.36833333
21-04-2021 07:00,6,19.19,40.76833333,80.18855,1679.463,106.2702667,418.3266667,28.69166667,83.44
21-04-2021 08:00,1,18.65666667,41.84166667,75.9681,1299.182,89.17543333,310.9066667,29.74666667,77.67
21-04-2021 08:00,2,23.40833333,50.4,81.17005,0.0,47.74006667,292.5666667,29.31833333,81.15166667
21-04-2021 08:00,3,32.90333333,0.0,59.38075,917.755,57.65193333,296.06,29.28166667,82.07333333
21-04-2021 08:00,4,20.065,45.925,74.49585,1362.021,46.8618,348.8966667,30.17666667,74.865
21-04-2021 08:00,5,15.06833333,33.82833333,89.18563333,1547.1,57.71466667,458.0633333,29.675,78.23833333
21-04-2021 08:00,6,18.1,40.12166667,82.446,1464.97,97.0171,355.01,29.24,80.74833333
21-04-2021 09:00,1,18.15,41.455,93.30793333,1128.81,80.70643333,279.4666667,30.45833333,74.02
21-04-2021 09:00,2,17.25,43.43666667,62.97958333,0.0,23.58773333,296.06,30.96666667,72.65166667
21-04-2021 09:00,3,40.87333333,0.0,39.61988333,608.144,34.31513333,262.4366667,30.445,76.20666667
21-04-2021 09:00,4,21.32166667,50.345,73.28533333,1366.987,31.86853333,365.49,30.855,71.58666667
21-04-2021 09:00,5,17.72666667,41.83666667,71.74765,1532.966,39.39653333,485.1366667,30.89666667,71.45666667
21-04-2021 09:00,6,19.21,47.97833333,80.45028333,1469.172,79.29493333,361.1233333,30.29833333,74.47333333
21-04-2021 10:00,1,24.12833333,56.545,102.56675,1076.285,55.20533333,282.5233333,32.08333333,68.51833333
21-04-2021 10:00,2,15.375,40.48,60.98386667,0.0,14.46003333,289.51,31.65166667,69.38333333
21-04-2021 10:00,3,22.43,0.0,41.84461667,554.855,26.4421,247.1533333,31.04166667,73.33
21-04-2021 10:00,4,27.04833333,64.49166667,88.1387,1296.89,29.9238,351.5166667,31.68833333,68.55166667
21-04-2021 10:00,5,18.75,46.27666667,95.14006667,1428.298,44.35246667,459.81,31.48833333,68.94
21-04-2021 10:00,6,20.29,50.25833333,83.75466667,1290.396,70.82593333,345.4033333,30.71166667,72.43333333
21-04-2021 11:00,1,26.31833333,63.16,128.3802,884.521,86.2897,272.0433333,31.93833333,71.4
21-04-2021 11:00,2,14.415,38.845,61.18016667,0.0,9.755033333,288.2,32.56333333,65.035
21-04-2021 11:00,3,19.39666667,0.0,46.68668333,558.675,21.4548,256.3233333,31.43833333,70.945
21-04-2021 11:00,4,24.06833333,55.62166667,75.67365,987.661,20.6079,333.6133333,32.325,65.91666667
21-04-2021 11:00,5,20.26666667,44.36,69.06488333,1054.129,23.30543333,451.95,32.48833333,65.56666667
21-04-2021 11:00,6,21.6862069,49.66896552,87.45503448,1090.675862,68.33606897,305.3655172,31.40517241,69.75862069
21-04-2021 12:00,1,20.005,47.68333333,107.1798,689.51,72.77066667,242.35,31.945,69.68166667
21-04-2021 12:00,2,12.04333333,35.71333333,56.76341667,0.0,4.579533333,292.5666667,33.64666667,59.335
21-04-2021 12:00,3,14.29622642,0.0,41.03781132,540.7822642,17.32860377,264.4716981,33.04150943,62.78679245
21-04-2021 12:00,4,17.05833333,38.355,51.39788333,686.072,12.9858,331.43,34.86666667,57.405
21-04-2021 12:00,5,17.05,35.82833333,79.59965,1087.554,27.53993333,449.33,32.74833333,63.22166667
21-04-2021 12:00,6,14.96833333,32.62333333,75.11746667,975.246,53.2606,296.9333333,32.31166667,64.27833333
21-04-2021 13:00,1,17.50166667,40.99666667,103.8427,646.535,86.25833333,230.9966667,32.145,67.11333333
21-04-2021 13:00,2,12.74,36.89666667,54.50596667,0.0,0.219566667,334.4866667,34.505,56.03833333
21-04-2021 13:00,3,16.43333333,0.0,22.99981667,539.384,0.125466667,329.2466667,33.99333333,58.59333333
21-04-2021 13:00,4,15.6,35.435,55.58561667,721.407,5.959666667,334.9233333,33.585,59.065
21-04-2021 13:00,5,16.63166667,42.10833333,93.56966667,962.831,33.4996,416.1433333,32.98833333,60.76166667
21-04-2021 13:00,6,14.935,33.33333333,58.36653333,854.534,21.4548,311.3433333,33.31666667,59.525
21-04-2021 14:00,1,15.925,38.82333333,124.4542,790.549,123.4278333,228.3766667,31.66666667,68.00333333
21-04-2021 14:00,2,14.33666667,38.88833333,104.13715,0.0,16.2793,300.8633333,33.32833333,58.74333333
21-04-2021 14:00,3,14.92641509,0.0,64.29750943,595.7037736,21.09260377,288.6943396,32.53584906,62.76037736
21-04-2021 14:00,4,18.36833333,43.41833333,90.59245,1049.163,34.4406,352.39,33.05166667,60.79666667
21-04-2021 14:00,5,18.435,47.08666667,129.7543,886.622,49.08883333,358.0666667,32.6,62.05666667
21-04-2021 14:00,6,15.38166667,36.25333333,97.65925,878.791,60.63176667,282.0866667,32.77333333,61.205
21-04-2021 15:00,1,18.24333333,46.49333333,148.0429167,942.203,148.3329667,240.6033333,31.495,69.72833333
21-04-2021 15:00,2,16.24833333,41.74666667,129.06725,0.0,32.2763,282.96,32.76,60.92333333
21-04-2021 15:00,3,22.81833333,0.0,102.6321833,757.888,50.4376,262.4366667,31.975,66.26833333
21-04-2021 15:00,4,24.54166667,63.55166667,102.6976167,1396.401,48.96336667,395.1833333,32.73833333,62.275
21-04-2021 15:00,5,27.245,151.0,143.5280167,1320.956,60.28673333,414.3966667,32.49,63.375
21-04-2021 15:00,6,18.26333333,43.96333333,112.38175,1114.103,79.67133333,317.02,32.53,61.98166667
21-04-2021 16:00,1,20.58333333,52.36833333,152.42695,957.101,146.4196,247.59,30.75333333,72.71666667
21-04-2021 16:00,2,19.77627119,47.58813559,138.5079492,0.0,47.24138983,394.7762712,32.54915254,62.50338983
21-04-2021 16:00,3,23.07666667,0.0,88.20413333,788.066,46.8618,282.96,31.93833333,65.63666667
21-04-2021 16:00,4,29.47333333,74.20333333,110.8440667,1409.771,56.46,386.0133333,32.27333333,65.23833333
21-04-2021 16:00,5,20.71833333,64.45333333,135.5124333,1453.51,64.1762,439.7233333,32.26,64.03833333
21-04-2021 16:00,6,19.785,50.44833333,118.9250833,1846.206,96.10746667,484.7,32.42833333,63.23666667
21-04-2021 17:00,1,17.40666667,39.305,147.8793333,772.404,161.0364667,241.4766667,29.48333333,82.20166667
21-04-2021 17:00,2,21.695,48.71,162.4055333,0.0,75.5623,359.8133333,30.45166667,75.46333333
21-04-2021 17:00,3,24.63666667,0.0,101.4216667,1112.766,61.7296,345.4033333,31.17833333,71.87833333
21-04-2021 17:00,4,24.105,56.625,118.1726,997.402,80.11046667,305.6666667,30.45166667,77.555
21-04-2021 17:00,5,16.51166667,35.95,137.3445667,1185.728,76.81696667,413.0866667,30.46833333,76.99333333
21-04-2021 17:00,6,20.3,49.16833333,122.4257667,1783.367,121.2321667,483.8266667,30.72166667,75.78333333
21-04-2021 18:00,1,14.41,32.28666667,120.0701667,753.113,151.9715,220.9533333,29.02833333,82.66166667
21-04-2021 18:00,2,19.025,45.59833333,142.8409667,0.0,77.94616667,329.2466667,29.52166667,76.38166667
21-04-2021 18:00,3,19.44666667,0.0,92.8499,1045.152,66.1523,313.9633333,29.82833333,75.90333333
21-04-2021 18:00,4,23.685,55.18833333,100.60375,1128.428,74.55856667,305.23,29.97333333,77.16333333
21-04-2021 18:00,5,15.78166667,32.89,118.6960667,1160.325,70.6691,379.9,29.90833333,76.30166667
21-04-2021 18:00,6,18.92833333,42.56166667,107.3761,1395.637,114.6765333,370.2933333,29.89,76.60666667
21-04-2021 19:00,1,14.25333333,32.18166667,114.5737667,929.406,157.5547667,237.11,28.75833333,82.60666667
21-04-2021 19:00,2,20.40333333,47.56166667,121.9677333,0.0,70.0104,330.9933333,29.26666667,76.565
21-04-2021 19:00,3,18.62166667,0.0,79.53421667,1064.634,63.7057,310.0333333,29.56833333,74.55
21-04-2021 19:00,4,27.12833333,63.43166667,88.62945,1386.278,70.51226667,342.7833333,29.90166667,75.75333333
21-04-2021 19:00,5,16.9,35.41166667,104.8896333,1458.858,67.62653333,428.37,29.76,75.25833333
21-04-2021 19:00,6,19.49333333,45.17833333,93.50423333,1725.303,109.2814667,428.8066667,29.79833333,75.49833333
21-04-2021 20:00,1,16.55833333,39.43833333,109.3063833,990.908,159.6877,255.8866667,28.52666667,84.42833333
21-04-2021 20:00,2,17.31730769,42.89615385,116.53425,0.0,70.53880769,293.2384615,28.91730769,78.31346154
21-04-2021 20:00,3,19.58833333,0.0,73.6125,946.405,64.30166667,287.3266667,29.18,77.01833333
21-04-2021 20:00,4,24.73333333,57.06166667,77.27676667,1338.528,61.22773333,342.7833333,29.66333333,75.15666667
21-04-2021 20:00,5,15.645,32.9,98.86976667,1106.654,64.30166667,369.8566667,29.29833333,76.87
21-04-2021 20:00,6,17.595,40.11,90.4943,1274.352,107.4935667,330.9933333,29.29333333,77.14
21-04-2021 21:00,1,16.565,42.55,92.29371667,859.691,155.7668667,222.7,28.655,82.02833333
21-04-2021 21:00,2,17.69333333,42.63,118.5652,0.0,71.95513333,258.9433333,28.63,80.93333333
21-04-2021 21:00,3,19.36551724,0.0,74.86475862,2356.808276,65.9997931,287.3266667,28.69655172,80.36206897
21-04-2021 21:00,4,22.59,52.94,78.19283333,1695.507,68.53616667,455.0066667,29.47166667,77.28166667
21-04-2021 21:00,5,14.695,30.63,98.08456667,1058.904,69.0694,359.3766667,29.04666667,79.45166667
21-04-2021 21:00,6,16.43166667,35.035,88.95661667,1041.332,108.9678,282.5233333,29.09666667,79.63
21-04-2021 22:00,1,17.07833333,42.25166667,98.60803333,801.627,164.8632,216.15,28.29833333,84.06666667
21-04-2021 22:00,2,18.93166667,44.20333333,113.0033667,0.0,71.54736667,244.97,28.46,82.48833333
21-04-2021 22:00,3,19.47666667,0.0,80.8756,950.607,73.9626,254.14,28.825,80.29
21-04-2021 22:00,4,21.52333333,49.15166667,77.3422,950.225,66.3405,275.5366667,29.08833333,79.76666667
21-04-2021 22:00,5,13.69,28.35833333,91.70481667,768.011,66.84236667,305.6666667,28.835,81.21166667
21-04-2021 22:00,6,17.52075472,39.99622642,85.26086792,1075.077736,116.1513585,293.1433962,28.96037736,80.99433962
21-04-2021 23:00,1,16.90833333,41.80833333,100.80005,674.039,167.1843333,189.95,27.79333333,87.17166667
21-04-2021 23:00,2,19.88833333,45.39166667,100.8982,0.0,70.04176667,234.49,28.365,83.31333333
21-04-2021 23:00,3,20.49666667,0.0,67.36361667,837.917,61.6355,229.6866667,28.685,80.355
21-04-2021 23:00,4,27.98666667,62.58833333,75.47735,811.177,64.77216667,246.28,28.82666667,80.93833333
21-04-2021 23:00,5,15.28166667,31.86833333,85.45593333,527.733,61.47866667,270.2966667,28.62333333,82.07333333
21-04-2021 23:00,6,17.65333333,37.94166667,76.32798333,749.293,105.2351667,228.3766667,28.68833333,82.22666667
22-04-2021 00:00,1,17.85833333,44.48,97.1685,771.258,172.9244333,201.74,27.62666667,88.31
22-04-2021 00:00,2,16.98,41.615,93.14435,0.0,68.72436667,216.5866667,28.235,82.465
22-04-2021 00:00,3,24.24333333,0.0,66.18581667,736.687,61.2591,206.98,28.18333333,81.93833333
22-04-2021 00:00,4,20.85166667,46.02333333,67.49448333,770.112,57.1187,237.9833333,28.85666667,79.27166667
22-04-2021 00:00,5,14.03333333,29.185,76.3607,466.804,58.59293333,254.5766667,28.59666667,80.88166667
22-04-2021 00:00,6,16.62833333,34.845,72.79458333,523.531,106.333,193.88,28.66,81.06333333
22-04-2021 01:00,1,15.38833333,34.87666667,86.04483333,637.367,157.9939,179.0333333,27.585,86.79833333
22-04-2021 01:00,2,15.93833333,40.13333333,92.81718333,0.0,68.5989,209.1633333,27.925,84.085
22-04-2021 01:00,3,27.115,0.0,73.08903333,692.184,68.1284,186.02,27.77333333,83.86166667
22-04-2021 01:00,4,18.99833333,41.65166667,67.3309,585.224,59.0007,205.67,28.65666667,80.415
22-04-2021 01:00,5,13.40833333,27.79,83.29663333,628.199,64.20756667,293.44,28.46833333,81.77666667
22-04-2021 01:00,6,14.84833333,29.99,75.05203333,488.005,110.2538333,182.9633333,28.49,82.015
22-04-2021 02:00,1,18.57833333,43.19,85.16148333,703.071,155.5159333,194.3166667,27.43833333,87.345
22-04-2021 02:00,2,15.25333333,39.49,92.88261667,0.0,70.98276667,215.7133333,27.83166667,84.97166667
22-04-2021 02:00,3,37.03666667,0.0,64.61541667,784.819,67.4697,208.7266667,28.355,82.39166667
22-04-2021 02:00,4,19.22166667,42.19666667,64.9753,610.627,60.34946667,204.36,28.46833333,81.68166667
22-04-2021 02:00,5,13.205,27.45833333,74.29955,1075.903,60.81996667,412.2133333,28.42,82.40666667
22-04-2021 02:00,6,14.79833333,30.67,73.15446667,536.137,112.8886333,186.4566667,28.38666667,82.895
22-04-2021 03:00,1,9.758333333,25.18,115.5879833,506.532,107.1171667,99.99666667,24.835,90.625
22-04-2021 03:00,2,17.99166667,42.455,85.75038333,0.0,63.86253333,234.49,28.105,83.33666667
22-04-2021 03:00,3,24.08166667,0.0,38.21306667,713.385,34.03283333,197.81,28.47666667,78.68
22-04-2021 03:00,4,14.835,37.56,68.9013,566.888,42.69003333,164.6233333,27.00166667,83.04833333
22-04-2021 03:00,5,11.18833333,23.36666667,78.25826667,794.178,48.96336667,332.3033333,27.82833333,81.59
22-04-2021 03:00,6,13.94,30.925,71.71493333,514.363,98.20903333,175.9766667,28.01833333,82.775
22-04-2021 04:00,1,8.603333333,18.08166667,152.2633667,585.606,176.3747667,99.99666667,23.74333333,96.85666667
22-04-2021 04:00,2,9.426666667,32.34333333,118.1398833,0.0,59.9417,179.0333333,25.86166667,87.43833333
22-04-2021 04:00,3,6.693333333,0.0,103.0575,651.119,72.01786667,124.8866667,24.555,92.18833333
22-04-2021 04:00,4,16.8,36.84,118.66335,578.73,74.2449,114.4066667,24.56666667,92.835
22-04-2021 04:00,5,7.988333333,16.685,141.336,304.645,71.7042,141.9166667,24.54666667,94.00666667
22-04-2021 04:00,6,9.158333333,15.85166667,113.6249833,852.433,134.4375333,180.3433333,25.33,92.58666667
22-04-2021 05:00,1,8.683333333,20.025,135.2834167,674.803,164.9886667,120.9566667,23.775,96.42833333
22-04-2021 05:00,2,11.3,34.34666667,143.8224667,0.0,91.21426667,251.0833333,25.62166667,88.82
22-04-2021 05:00,3,7.59,0.0,120.8553667,1024.715,97.3935,173.3566667,24.82666667,91.55166667
22-04-2021 05:00,4,25.49166667,55.445,115.7842833,770.303,83.68626667,148.4666667,24.645,92.81333333
22-04-2021 05:00,5,8.791666667,18.10666667,134.8908167,586.561,85.03503333,175.54,24.84833333,93.16666667
22-04-2021 05:00,6,11.28833333,20.88833333,111.8255667,1684.047,147.3606,339.7266667,25.51833333,91.76833333
22-04-2021 07:00,1,17.67666667,43.085,136.3957833,1642.218,183.5577333,279.03,24.235,94.38
22-04-2021 07:00,2,16.14666667,41.57166667,135.54515,0.0,86.9484,342.7833333,25.43166667,88.67
22-04-2021 07:00,3,20.14333333,0.0,91.77025,2651.271,82.30613333,518.3233333,26.83666667,84.63666667
22-04-2021 07:00,4,26.56166667,60.465,118.8923667,1817.365,97.73853333,320.5133333,25.5,89.49666667
22-04-2021 07:00,5,12.29666667,25.765,150.6929667,3401.71,100.4047,650.6333333,25.64833333,88.68333333
22-04-2021 07:00,6,17.88833333,43.19666667,119.8738667,5093.015,159.3426667,288.6366667,25.92166667,88.20166667
22-04-2021 08:00,1,27.01833333,76.38666667,147.9774833,1754.335,180.3897,295.1866667,25.14666667,89.82
22-04-2021 08:00,2,27.78833333,56.54833333,128.3802,0.0,70.44953333,496.9266667,27.66666667,80.36666667
22-04-2021 08:00,3,35.655,0.0,67.29818333,2666.742,52.25686667,529.6766667,27.95333333,80.41
22-04-2021 08:00,4,38.33166667,93.22,130.3432,2512.414,83.5608,467.2333333,26.3,85.05
22-04-2021 08:00,5,17.73833333,40.54833333,191.49065,4742.912,95.5115,435.7933333,26.85833333,84.01333333
22-04-2021 08:00,6,27.385,68.65833333,159.5919,6864.731,183.0558667,418.3266667,27.33666667,83.94166667
22-04-2021 09:00,1,32.97666667,90.975,167.6402,1605.355,179.2918667,276.8466667,26.89,85.31166667
22-04-2021 09:00,2,39.02833333,72.14333333,167.4439,0.0,52.28823333,637.5333333,30.14,72.02333333
22-04-2021 09:00,3,62.37833333,0.0,140.6162333,3138.894,70.16723333,621.3766667,29.225,77.23833333
22-04-2021 09:00,4,51.90666667,130.5466667,170.09395,2750.209,86.69746667,470.29,28.27666667,77.62166667
22-04-2021 09:00,5,37.42333333,90.295,236.3124833,4824.66,92.65713333,458.0633333,28.82666667,77.59333333
22-04-2021 09:00,6,43.43666667,110.9316667,205.9514167,5850.521,146.9842,355.01,29.04333333,77.21666667
22-04-2021 10:00,1,42.03181818,113.0363636,200.6721364,1812.242727,144.9995455,252.4727273,27.06818182,84.23636364
22-04-2021 10:00,2,28.73,58.93833333,157.4980333,0.0,45.32483333,377.28,30.505,71.95666667
22-04-2021 10:00,3,52.52666667,0.0,120.82265,2373.175,43.78786667,534.9166667,30.405,74.31333333
22-04-2021 10:00,4,39.46333333,98.45,142.9064,1656.161,60.7886,324.0066667,29.45,74.04666667
22-04-2021 10:00,5,29.12166667,70.91333333,194.9913333,2294.865,76.37783333,503.04,29.13,75.94333333
22-04-2021 10:00,6,37.91666667,95.43166667,189.4949333,3613.529,114.3628667,361.1233333,30.06,74.19833333
22-04-2021 11:00,1,32.72820513,87.88205128,170.328,1103.686154,37.1574359,182.7282051,31.38205128,70.42051282
22-04-2021 11:00,2,23.27333333,51.60833333,202.87605,0.0,59.7535,296.06,29.83166667,73.855
22-04-2021 11:00,3,62.345,0.0,176.7027167,2450.721,85.4428,482.9533333,28.90333333,77.37333333
22-04-2021 11:00,4,37.4,99.84333333,167.4439,1013.446,49.84163333,217.46,30.67,70.91833333
22-04-2021 11:00,5,21.03333333,47.62833333,171.46805,1380.357,57.05596667,382.0833333,29.92,72.86833333
22-04-2021 11:00,6,24.91034483,61.7137931,156.3631034,2302.076897,103.9967241,577.7551724,30.30517241,73.01034483
22-04-2021 12:00,1,22.21960784,52.77647059,166.3546275,917.6988235,66.7187451,163.3647059,31.79215686,69.34705882
22-04-2021 12:00,2,18.84166667,44.55166667,190.5745833,0.0,81.23966667,251.52,29.41166667,77.075
22-04-2021 12:00,3,39.25666667,0.0,163.3216,1663.801,72.01786667,372.4766667,30.24666667,75.45
22-04-2021 12:00,4,27.49166667,66.225,144.4440833,846.703,25.94023333,235.8,31.48833333,68.81166667
22-04-2021 12:00,5,18.405,40.83333333,168.71985,1667.812,54.73483333,433.1733333,30.64166667,70.77
22-04-2021 12:00,6,18.26,42.385,163.1907333,2143.02,128.4778667,531.4233333,29.55,77.78833333
22-04-2021 13:00,1,22.59302326,54.84651163,211.6844419,1016.74186,82.72046512,135.8744186,32.05581395,67.85116279
22-04-2021 13:00,2,17.03207547,42.76603774,109.1872453,0.0,30.0054717,307.9735849,31.98679245,67.16792453
22-04-2021 13:00,3,25.58833333,0.0,108.5211833,1248.567,26.78713333,387.76,32.03,69.38333333
22-04-2021 13:00,4,18.85666667,47.14666667,120.6590667,1024.906,19.0082,306.54,32.605,63.695
22-04-2021 13:00,5,13.97833333,31.12333333,113.7885667,1478.722,30.89616667,489.5033333,32.04166667,64.06
22-04-2021 13:00,6,15.09666667,36.20166667,103.54825,1618.152,63.76843333,490.3766667,31.73166667,68.04333333
22-04-2021 14:00,1,17.02333333,41.085,158.7739833,1091.374,54.45253333,217.0233333,33.48666667,60.72333333
22-04-2021 14:00,2,18.04333333,44.57333333,79.59965,0.0,7.088866667,385.14,33.53833333,61.21666667
22-04-2021 14:00,3,28.6,0.0,67.23275,968.179,2.854366667,384.7033333,32.82166667,65.57666667
22-04-2021 14:00,4,15.39833333,35.02833333,93.73325,935.518,10.10006667,338.8533333,33.04333333,60.86666667
22-04-2021 14:00,5,15.72333333,35.675,129.65615,1405.378,37.85956667,480.3333333,32.885,60.82333333
22-04-2021 14:00,6,17.90666667,40.03333333,79.17433333,816.907,12.6094,381.6466667,33.135,61.33166667
22-04-2021 15:00,1,17.695,43.96166667,205.82055,1345.213,120.8557667,246.7166667,32.27833333,65.08666667
22-04-2021 15:00,2,28.435,57.98,128.1184667,0.0,28.63776667,335.36,32.475,64.07666667
22-04-2021 15:00,3,33.37,0.0,89.80725,1058.14,13.4563,354.1366667,32.45833333,64.56166667
22-04-2021 15:00,4,29.02833333,103.7383333,135.2179833,976.583,33.7819,311.78,32.99,63.08166667
22-04-2021 15:00,5,21.60754717,60.16037736,158.9659623,1845.492453,57.31222642,534.3811321,32.51509434,63.56415094
22-04-2021 15:00,6,28.60666667,70.39833333,144.9021167,1123.844,71.10823333,384.2666667,32.12166667,65.79666667
22-04-2021 16:00,1,24.52881356,61.81525424,197.364678,1425.31322,116.1417288,268.2169492,32.52542373,65.61864407
22-04-2021 16:00,2,17.53965517,43.95517241,94.224,0.0,37.25062069,356.862069,31.12241379,66.59827586
22-04-2021 16:00,3,29.23833333,0.0,119.7757167,969.707,53.88793333,286.89,30.94666667,68.735
22-04-2021 16:00,4,35.88833333,111.035,150.9874167,1502.406,55.9895,393.0,32.67833333,64.455
22-04-2021 16:00,5,26.535,62.88166667,162.5364,2296.202,57.08733333,613.5166667,32.135,64.53333333
22-04-2021 16:00,6,24.43666667,58.17333333,138.09705,1272.251,94.5705,393.8733333,31.43833333,66.255
22-04-2021 17:00,1,25.71833333,65.45666667,219.0708,1885.17,189.2978333,333.1766667,29.55333333,78.50333333
22-04-2021 17:00,2,19.635,48.835,154.6844,0.0,87.45026667,355.4466667,29.05666667,76.23333333
22-04-2021 17:00,3,25.68333333,0.0,112.5453333,1340.438,72.30016667,345.4033333,29.35833333,74.56
22-04-2021 17:00,4,18.38,47.21333333,93.37336667,1846.779,51.62953333,502.1666667,31.35666667,65.01666667
22-04-2021 17:00,5,17.27333333,39.69,133.8438833,2858.888,80.20456667,613.5166667,30.74833333,68.99333333
22-04-2021 17:00,6,18.21833333,45.21333333,119.4812667,1752.234,124.6825,498.6733333,30.33166667,70.96
22-04-2021 18:00,1,15.45740741,34.69074074,233.851463,1848.667778,276.654,301.7851852,26.16296296,94.27592593
22-04-2021 18:00,2,18.53833333,45.79333333,151.0855667,0.0,97.2053,368.9833333,28.125,80.79
22-04-2021 18:00,3,24.535,0.0,121.706,1427.916,90.46146667,352.8266667,27.95833333,81.70833333
22-04-2021 18:00,4,24.185,58.05666667,118.66335,2263.35,89.64593333,544.0866667,29.30333333,77.14833333
22-04-2021 18:00,5,17.34666667,48.51333333,142.4810833,2039.307,91.5593,534.48,29.00833333,76.65166667
22-04-2021 18:00,6,17.53833333,40.67666667,117.09295,1310.451,135.0648667,390.38,28.855,78.09333333
22-04-2021 19:00,1,15.40363636,34.90363636,184.7004545,2547.037091,252.4617455,450.1636364,26.4,95.56
22-04-2021 19:00,2,17.87666667,44.51333333,121.0843833,0.0,85.78783333,321.3866667,28.01,79.545
22-04-2021 19:00,3,21.63666667,0.0,125.2394,1329.742,101.3770667,305.6666667,26.88666667,87.975
22-04-2021 19:00,4,20.61166667,48.72,102.95935,2002.826,90.02233333,465.9233333,28.8,76.98833333
22-04-2021 19:00,5,13.89666667,30.00833333,122.6220667,1768.469,83.68626667,476.84,28.69666667,76.08333333
22-04-2021 19:00,6,15.57,36.08833333,106.002,1625.983,135.504,424.8766667,28.38333333,78.75833333
22-04-2021 20:00,1,22.09333333,54.65666667,148.0102,2837.687,214.4852667,511.3366667,26.51666667,94.225
22-04-2021 20:00,2,24.44666667,53.00166667,103.7118333,0.0,81.1142,311.78,27.90333333,80.895
22-04-2021 20:00,3,36.68,0.0,97.72468333,1400.221,91.81023333,306.1033333,27.50166667,84.41666667
22-04-2021 20:00,4,28.13,67.59333333,96.9722,2094.506,94.1941,474.6566667,28.53166667,79.05833333
22-04-2021 20:00,5,17.14,36.85,106.6563333,2343.761,84.69,571.5966667,29.06333333,75.445
22-04-2021 20:00,6,21.20833333,50.015,97.26665,1881.923,137.6055667,473.3466667,28.37166667,78.95666667
22-04-2021 21:00,1,29.56833333,73.22666667,115.5879833,1787.951,169.5054667,360.25,26.48666667,93.35333333
22-04-2021 21:00,2,28.45833333,57.61166667,99.81855,0.0,76.94243333,286.4533333,27.68666667,82.63166667
22-04-2021 21:00,3,31.9637931,0.0,87.59041379,1110.434483,85.7607931,261.0965517,27.34482759,85.43448276
22-04-2021 21:00,4,36.15833333,87.55333333,88.89118333,1351.516,83.90583333,352.39,28.08,81.63666667
22-04-2021 21:00,5,22.32166667,50.46333333,99.1315,1651.195,80.2673,467.67,28.65333333,78.91
22-04-2021 21:00,6,23.98333333,57.505,94.74746667,1111.429,131.2381333,330.5566667,27.77166667,83.04666667
22-04-2021 22:00,1,27.29333333,67.23833333,105.5439667,1457.903,152.2851667,297.37,26.35333333,92.86166667
22-04-2021 22:00,2,19.09833333,44.94166667,91.21406667,0.0,61.51003333,240.6033333,27.48333333,79.66
22-04-2021 22:00,3,18.46666667,0.0,59.51161667,770.876,55.92676667,186.4566667,27.27166667,80.14
22-04-2021 22:00,4,29.60833333,68.45833333,80.483,918.328,68.56753333,268.1133333,27.85833333,79.87333333
22-04-2021 22:00,5,18.33333333,39.33333333,89.34921667,1077.049,66.77963333,360.6866667,28.34,78.62666667
22-04-2021 22:00,6,18.78666667,44.64,87.5498,1041.905,114.0178333,286.4533333,27.565,80.56833333
22-04-2021 23:00,1,29.93833333,75.75666667,115.9478667,1563.335,182.5853667,309.5966667,26.25,94.51666667
22-04-2021 23:00,2,19.09166667,44.90666667,92.98076667,0.0,64.67806667,225.32,27.60333333,77.25
22-04-2021 23:00,3,20.62833333,0.0,79.53421667,853.961,73.4921,202.1766667,27.11166667,80.045
22-04-2021 23:00,4,29.54833333,68.76166667,81.79166667,1118.114,74.6213,282.96,27.81333333,79.49
22-04-2021 23:00,5,13.98666667,29.52666667,91.93383333,791.122,61.38456667,282.96,28.11666667,74.68333333
22-04-2021 23:00,6,15.22666667,36.02166667,83.0349,886.049,112.8886333,244.5333333,27.76666667,77.25166667
23-04-2021 00:00,1,33.46833333,82.60666667,115.71885,1500.114,186.2552667,298.2433333,26.14166667,95.15333333
23-04-2021 00:00,2,20.23833333,47.83,104.5951833,0.0,83.34123333,248.0266667,27.21666667,81.695
23-04-2021 00:00,3,15.65833333,0.0,86.11026667,940.866,82.18066667,211.7833333,27.43,80.35166667
23-04-2021 00:00,4,32.62,75.57666667,86.79731667,1023.187,84.43906667,262.0,27.49833333,83.27833333
23-04-2021 00:00,5,19.34666667,42.18666667,105.5766833,922.912,78.73033333,305.6666667,27.68666667,78.90833333
23-04-2021 00:00,6,15.93666667,39.63666667,84.08183333,920.62,122.5182,248.4633333,27.72166667,78.40166667
23-04-2021 01:00,1,49.02666667,119.9516667,114.6064833,1473.947,181.8325667,296.9333333,25.795,95.70666667
23-04-2021 01:00,2,24.95,52.85166667,95.33636667,0.0,78.2912,233.6166667,26.75666667,84.305
23-04-2021 01:00,3,84.72833333,0.0,62.4234,1029.681,73.17843333,230.9966667,27.05666667,81.91666667
23-04-2021 01:00,4,41.83,98.12166667,94.12585,988.998,99.11866667,247.1533333,27.25,86.085
23-04-2021 01:00,5,20.95,46.36666667,98.47716667,1686.53,86.13286667,482.5166667,27.83833333,78.76333333
23-04-2021 01:00,6,20.59,49.23666667,76.58971667,895.026,121.2008,247.1533333,27.45666667,79.7
23-04-2021 02:00,1,44.80333333,112.2783333,108.0304333,1451.218,172.0148,303.0466667,25.595,95.84166667
23-04-2021 02:00,2,33.93333333,63.08333333,103.2865167,0.0,89.42636667,278.1566667,26.57666667,84.11833333
23-04-2021 02:00,3,69.22833333,0.0,54.93128333,874.398,60.0358,221.39,27.38833333,80.53333333
23-04-2021 02:00,4,48.69,115.7633333,86.92818333,1135.495,94.5705,277.2833333,27.03333333,87.52333333
23-04-2021 02:00,5,32.35,73.42166667,85.06333333,1078.004,80.23593333,353.2633333,27.535,78.99333333
23-04-2021 02:00,6,47.25666667,112.29,80.15583333,876.117,136.5391,241.04,26.85666667,83.915
23-04-2021 03:00,1,39.69333333,100.6566667,98.08456667,1314.653,155.2963667,299.5533333,25.33333333,96.52666667
23-04-2021 03:00,2,42.24,73.59,95.10735,0.0,80.01636667,248.4633333,25.98833333,86.31
23-04-2021 03:00,3,83.03,0.0,68.5087,917.373,69.19486667,211.7833333,26.025,84.69666667
23-04-2021 03:00,4,70.29333333,166.5733333,86.04483333,1693.406,93.56676667,421.3833333,26.53666667,90.965
23-04-2021 03:00,5,37.29166667,84.57666667,91.44308333,1942.47,89.70866667,590.3733333,27.31666667,80.65833333
23-04-2021 03:00,6,40.29,92.84,75.60821667,773.168,120.448,226.63,26.85666667,81.85166667
23-04-2021 04:00,1,31.99666667,76.285,97.39751667,1163.954,151.1873333,246.7166667,25.465,95.835
23-04-2021 04:00,2,23.895,49.54833333,94.94376667,0.0,77.00516667,199.12,26.045,85.81
23-04-2021 04:00,3,45.055,0.0,66.18581667,850.332,70.63773333,195.19,26.12166667,85.16
23-04-2021 04:00,4,74.05333333,180.0366667,76.19711667,3221.788,84.2195,515.7033333,26.455,89.585
23-04-2021 04:00,5,22.58833333,49.09833333,87.12448333,1215.906,79.10673333,412.2133333,26.93166667,81.02333333
23-04-2021 04:00,6,30.27333333,68.12166667,86.86275,801.436,128.8542667,216.15,26.40333333,84.20666667
23-04-2021 05:00,1,36.78666667,87.26666667,93.2425,1197.761,146.8273667,249.7733333,25.42166667,96.25666667
23-04-2021 05:00,2,20.645,46.455,93.27521667,0.0,78.16573333,252.3933333,26.365,84.03166667
23-04-2021 05:00,3,69.69166667,0.0,54.70226667,1177.324,69.85356667,250.21,26.03166667,85.58166667
23-04-2021 05:00,4,79.74166667,194.0283333,75.28105,2811.329,82.46296667,462.8666667,26.18166667,89.815
23-04-2021 05:00,5,22.165,47.695,99.58953333,1357.246,83.8431,381.21,27.05833333,80.37333333
23-04-2021 05:00,6,21.26666667,54.72833333,87.48436667,1911.528,137.8251333,432.7366667,26.64833333,83.18
23-04-2021 06:00,1,43.48833333,106.1683333,92.39186667,1529.91,152.1597,304.7933333,25.89166667,94.7
23-04-2021 06:00,2,24.43833333,50.885,80.8756,0.0,68.15976667,330.9933333,28.42333333,75.55333333
23-04-2021 06:00,3,27.225,0.0,74.92116667,1215.524,70.575,264.1833333,27.02166667,81.065
23-04-2021 06:00,4,61.40666667,159.8183333,71.2569,2347.772,74.30763333,458.9366667,27.08333333,83.73166667
23-04-2021 06:00,5,21.11833333,45.385,107.6378333,3452.898,87.85803333,695.61,27.485,78.52333333
23-04-2021 06:00,6,20.62666667,45.66666667,90.52701667,1726.64,120.9498667,389.07,26.975,80.58
23-04-2021 07:00,1,47.21333333,113.4416667,118.9250833,2143.02,150.0267667,366.8,27.45166667,86.12833333
23-04-2021 07:00,2,17.52833333,43.78666667,50.87441667,0.0,34.37786667,346.2766667,29.37,71.60666667
23-04-2021 07:00,3,31.61,0.0,68.37783333,1410.535,56.33453333,310.9066667,27.81,78.61666667
23-04-2021 07:00,4,26.21666667,61.51,79.14161667,1878.103,48.33603333,432.3,28.63,75.43166667
23-04-2021 07:00,5,16.75,35.13666667,112.3163167,2555.58,71.2337,589.9366667,28.57333333,74.23833333
23-04-2021 07:00,6,22.84,53.46666667,108.3903167,2760.141,118.5032667,595.6133333,27.97,77.12166667
23-04-2021 08:00,1,48.71333333,115.4016667,158.9375667,2297.921,152.8184,381.6466667,28.68333333,81.275
23-04-2021 08:00,2,15.57833333,41.655,41.64831667,0.0,16.68706667,324.0066667,31.025,65.37333333
23-04-2021 08:00,3,20.16333333,0.0,71.35505,939.529,53.76246667,238.8566667,28.75833333,75.38
23-04-2021 08:00,4,31.4,88.42,98.80433333,2072.541,36.00893333,480.77,30.21333333,69.74666667
23-04-2021 08:00,5,18.975,42.32333333,111.3348167,2458.934,62.04326667,611.77,30.135,68.12
23-04-2021 08:00,6,22.015,52.35,113.2651,1903.888,101.7221,438.85,28.61666667,74.71166667
23-04-2021 09:00,1,37.28666667,88.86166667,178.4039833,2199.365,98.93046667,364.6166667,30.17,74.575
23-04-2021 09:00,2,14.94333333,40.56166667,74.23411667,0.0,28.95143333,300.8633333,31.36666667,65.42
23-04-2021 09:00,3,26.14833333,0.0,58.1048,879.555,36.47943333,270.7333333,31.23166667,69.37833333
23-04-2021 09:00,4,22.51,86.275,73.25261667,1177.706,11.35473333,389.5066667,32.11666667,62.12166667
23-04-2021 09:00,5,15.74909091,37.68,73.84449091,1653.573818,32.78101818,553.0581818,31.91090909,62.40545455
23-04-2021 09:00,6,16.67666667,42.57,106.1983,1099.587,92.8767,298.68,29.965,70.075
23-04-2021 10:00,1,57.84166667,142.1216667,223.782,1855.565,84.2195,279.9033333,32.10166667,70.115
23-04-2021 10:00,2,15.0,41.00566038,97.26109434,0.0,13.77766038,309.4566038,32.96415094,60.70188679
23-04-2021 10:00,3,14.92166667,0.0,35.30128333,592.1,9.535466667,259.38,32.78,62.675
23-04-2021 10:00,4,19.31,46.60833333,89.25106667,847.658,10.1628,336.2333333,32.72,60.24666667
23-04-2021 10:00,5,14.89310345,37.30344828,61.19144828,1727.891379,5.483758621,664.4862069,33.94482759,56.27068966
23-04-2021 10:00,6,14.29,32.99,100.5383167,851.669,76.84833333,262.4366667,31.12166667,65.23166667
23-04-2021 11:00,1,31.165,75.34333333,187.0739,1366.987,47.36366667,234.9266667,32.90666667,63.01666667
23-04-2021 11:00,2,11.28166667,35.13833333,84.24541667,0.0,20.20013333,294.75,33.29833333,59.22666667
23-04-2021 11:00,3,14.49666667,0.0,59.4789,675.567,24.2778,263.7466667,32.00666667,66.78333333
23-04-2021 11:00,4,20.77166667,82.8,88.00783333,787.302,14.7737,336.67,33.46666667,58.045
23-04-2021 11:00,5,18.10666667,41.94333333,197.8704,2362.67,61.41593333,643.21,33.11833333,60.01333333
23-04-2021 11:00,6,14.39137931,34.90862069,107.5250172,874.3189655,74.43634483,279.1655172,31.92586207,64.06551724
23-04-2021 12:00,1,18.925,46.09,172.0896667,1079.341,89.74003333,241.9133333,32.57166667,64.455
23-04-2021 12:00,2,12.89,36.53833333,80.51571667,0.0,15.40103333,312.2166667,33.61,58.555
23-04-2021 12:00,3,12.595,0.0,38.21306667,614.447,13.39356667,297.37,33.52333333,61.295
23-04-2021 12:00,4,14.76666667,33.83666667,87.18991667,562.686,23.525,303.92,33.88,58.14333333
23-04-2021 12:00,5,12.11833333,24.375,122.39305,1366.223,38.3928,523.5633333,33.965,55.97
23-04-2021 12:00,6,11.57166667,23.58,54.53868333,628.39,35.25613333,306.1033333,33.69333333,57.69166667
23-04-2021 13:00,1,19.73,52.38166667,160.7369833,986.324,97.36213333,247.1533333,32.08166667,67.65333333
23-04-2021 13:00,2,10.73166667,34.32166667,78.25826667,0.0,14.83643333,318.7666667,33.99666667,56.69333333
23-04-2021 13:00,3,15.19333333,0.0,53.68805,706.509,16.81253333,303.0466667,33.34333333,60.43166667
23-04-2021 13:00,4,13.43833333,38.98833333,43.25143333,506.15,3.5758,360.25,34.58333333,54.72
23-04-2021 13:00,5,12.92666667,27.54833333,130.5395,1226.411,48.68106667,496.0533333,33.305,58.68
23-04-2021 13:00,6,12.75,31.34833333,67.29818333,590.19,42.21953333,318.7666667,32.83333333,60.63666667
23-04-2021 14:00,1,13.44666667,31.24,212.2003,906.295,199.8997667,193.0066667,27.67166667,87.18166667
23-04-2021 14:00,2,10.38333333,33.98666667,88.04055,0.0,17.75353333,322.6966667,33.82166667,56.67666667
23-04-2021 14:00,3,17.48833333,0.0,66.05495,780.426,27.22626667,280.7766667,32.52833333,61.51833333
23-04-2021 14:00,4,26.745,66.525,145.4255833,757.506,88.76766667,281.2133333,27.82666667,88.165
23-04-2021 14:00,5,10.51166667,21.96,204.8063333,1147.528,105.392,380.3366667,28.18166667,85.085
23-04-2021 14:00,6,12.31,28.18833333,104.7914833,1497.058,104.7019333,480.3333333,31.92166667,65.59166667
23-04-2021 15:00,1,13.205,29.61666667,196.4963,1223.164,219.8803333,207.8533333,26.42666667,91.38333333
23-04-2021 15:00,2,13.95833333,38.75833333,123.0473833,0.0,46.51676667,358.0666667,31.97666667,65.32666667
23-04-2021 15:00,3,19.43,0.0,110.8767833,1560.088,76.47193333,363.7433333,28.615,84.38833333
23-04-2021 15:00,4,27.38666667,61.35666667,176.3428333,1596.187,134.5316333,350.6433333,26.83666667,93.90833333
23-04-2021 15:00,5,9.876666667,19.115,208.96135,1994.613,123.4592,455.0066667,27.2,90.09166667
23-04-2021 15:00,6,15.87666667,32.58333333,148.6318167,2597.6,169.0349667,638.8433333,27.85166667,88.97
23-04-2021 17:00,1,14.64333333,39.84,153.8664833,1753.38,202.0954333,287.3266667,27.62166667,87.46
23-04-2021 17:00,2,10.16333333,32.57,204.9044833,0.0,109.9088,223.1366667,25.86666667,91.675
23-04-2021 17:00,3,13.675,0.0,126.9406667,1508.327,96.20156667,292.5666667,25.90333333,93.48333333
23-04-2021 17:00,4,14.87166667,34.68833333,120.03745,2962.41,90.21053333,599.1066667,26.25333333,96.10666667
23-04-2021 17:00,5,9.461666667,19.67,150.0059167,5324.316,101.7221,455.0066667,27.47,82.68166667
23-04-2021 17:00,6,10.81166667,22.01166667,137.7371667,2105.966,139.8012333,457.19,26.79166667,85.61
23-04-2021 18:00,1,14.075,31.77166667,153.40845,2652.99,207.1454667,457.6266667,26.725,89.12166667
23-04-2021 18:00,2,11.445,35.005,145.16385,0.0,94.16273333,326.19,27.24333333,84.5
23-04-2021 18:00,3,21.335,0.0,108.3248833,1564.099,95.35466667,331.8666667,26.52666667,92.21
23-04-2021 18:00,4,20.38333333,45.23333333,111.0403667,3060.202,100.7183667,616.1366667,26.395,95.71333333
23-04-2021 18:00,5,11.385,31.86333333,110.6477667,2522.346,84.5018,607.4033333,27.88,83.33333333
23-04-2021 18:00,6,12.35833333,24.55,97.1685,1777.064,120.6048333,428.37,27.89,83.72666667
23-04-2021 19:00,1,13.755,30.79,125.8610167,1530.674,195.0693,291.2566667,26.44,91.70666667
23-04-2021 19:00,2,12.66,37.60833333,131.0956833,0.0,89.26953333,347.5866667,26.92833333,86.97333333
23-04-2021 19:00,3,22.12166667,0.0,97.98641667,1195.469,91.277,257.1966667,26.45833333,91.11333333
23-04-2021 19:00,4,19.37833333,43.885,94.74746667,2589.769,95.041,529.24,26.9,89.50833333
23-04-2021 19:00,5,11.76166667,35.73166667,102.4686,1857.666,82.1493,476.4033333,27.15166667,86.045
23-04-2021 19:00,6,12.965,29.36666667,82.31513333,1812.972,117.4995333,428.37,27.475,84.54833333
23-04-2021 20:00,1,16.54166667,38.025,133.6148667,2003.59,203.6010333,364.6166667,25.69833333,96.62333333
23-04-2021 20:00,2,13.25166667,36.91166667,127.7585833,0.0,91.99843333,268.1133333,26.56,91.45666667
23-04-2021 20:00,3,25.65,0.0,92.78446667,1455.42,92.93943333,309.5966667,26.71166667,90.73
23-04-2021 20:00,4,21.80333333,49.10166667,94.48573333,2310.336,94.3823,482.08,26.67833333,91.51333333
23-04-2021 20:00,5,10.36833333,23.12666667,114.0830167,2083.619,92.06116667,499.5466667,26.975,89.625
23-04-2021 20:00,6,14.735,30.075,91.93383333,1690.732,128.7601667,397.8033333,26.89666667,89.90833333
23-04-2021 21:00,1,15.37833333,35.47666667,122.7202167,2023.072,192.5599667,365.0533333,25.86,96.08333333
23-04-2021 21:00,2,12.34833333,35.92,112.4471833,0.0,82.4316,260.69,26.90833333,89.97666667
23-04-2021 21:00,3,23.52241379,0.0,87.21812069,1253.486897,87.22096552,249.3517241,26.33965517,92.19137931
23-04-2021 21:00,4,20.41833333,44.62833333,87.41893333,1661.318,84.69,385.14,26.92,90.765
23-04-2021 21:00,5,10.93666667,23.59833333,99.19693333,1898.349,86.13286667,481.2066667,27.23833333,88.52
23-04-2021 21:00,6,14.32166667,28.46333333,86.43743333,1402.131,124.4629333,344.9666667,27.245,88.84333333
23-04-2021 22:00,1,13.55,30.58666667,105.3476667,2089.158,175.1514667,388.6333333,25.91833333,96.10666667
23-04-2021 22:00,2,14.76,41.64333333,114.1811667,0.0,88.70493333,256.3233333,27.09,89.70166667
23-04-2021 22:00,3,36.27166667,0.0,68.9013,1183.818,80.20456667,258.07,27.08833333,90.05333333
23-04-2021 22:00,4,21.025,47.2,83.10033333,1405.187,83.8431,332.3033333,27.00333333,90.7
23-04-2021 22:00,5,10.70333333,25.77166667,93.6351,1777.828,83.05893333,447.1466667,27.34666667,88.46166667
23-04-2021 22:00,6,12.39,25.77,81.0719,1102.643,121.8908667,283.8333333,27.32833333,88.78666667
23-04-2021 23:00,1,17.255,40.27166667,107.7032667,1993.467,178.2881333,364.18,26.21333333,94.03666667
23-04-2021 23:00,2,14.83,41.67,104.6279,0.0,82.9962,274.6633333,27.25,88.8
23-04-2021 23:00,3,32.64833333,0.0,42.04091667,911.261,60.72586667,224.8833333,28.21666667,85.39833333
23-04-2021 23:00,4,28.165,67.145,83.72195,1266.521,89.5832,301.3,26.84833333,92.04333333
23-04-2021 23:00,5,11.12666667,26.575,90.85418333,2034.914,83.49806667,492.9966667,27.395,88.75833333
23-04-2021 23:00,6,15.09,36.66333333,74.43041667,1518.068,118.3778,363.7433333,27.27166667,89.21166667
24-04-2021 00:00,1,20.97833333,58.59666667,103.2210833,1779.165,175.9356333,342.7833333,25.98,96.315
24-04-2021 00:00,2,15.09666667,41.26333333,99.88398333,0.0,80.4555,276.41,27.28666667,88.49333333
24-04-2021 00:00,3,30.99833333,0.0,35.85746667,912.598,56.89913333,217.0233333,27.80333333,86.75166667
24-04-2021 00:00,4,35.25333333,83.75833333,82.34785,1369.661,91.40246667,315.2733333,26.79666667,92.48666667
24-04-2021 00:00,5,11.57166667,26.855,88.46586667,1714.416,80.6437,444.9633333,27.25666667,88.98166667
24-04-2021 00:00,6,17.07833333,48.89166667,73.28533333,1880.586,118.4719,428.8066667,27.19,89.415
24-04-2021 01:00,1,29.78,93.41333333,97.07035,1255.825,166.9334,266.3666667,25.825,96.32333333
24-04-2021 01:00,2,16.09166667,45.57833333,106.3291667,0.0,83.87446667,258.9433333,26.96666667,90.72833333
24-04-2021 01:00,3,30.85166667,0.0,71.0606,1113.912,81.9611,262.0,27.95666667,85.43166667
24-04-2021 01:00,4,45.05166667,121.1666667,85.5868,1287.531,93.09626667,304.7933333,26.61333333,93.12333333
24-04-2021 01:00,5,12.32666667,29.67333333,93.8314,1103.789,84.56453333,340.1633333,27.16,89.51
24-04-2021 01:00,6,16.125,44.675,70.30811667,1315.799,115.1156667,343.22,27.17166667,89.08333333
24-04-2021 02:00,1,30.92833333,91.87166667,95.23821667,1219.153,165.0827667,278.5933333,25.53833333,96.88666667
24-04-2021 02:00,2,14.45333333,40.82833333,105.0859333,0.0,82.65116667,236.6733333,26.84333333,91.03833333
24-04-2021 02:00,3,26.07,0.0,87.48436667,1304.339,92.15526667,279.9033333,26.775,90.39833333
24-04-2021 02:00,4,52.105,141.925,79.92681667,890.824,89.55183333,237.11,26.53333333,93.09666667
24-04-2021 02:00,5,14.33,37.66333333,96.9722,1067.117,88.0776,360.6866667,26.90666667,90.705
24-04-2021 02:00,6,17.615,43.73,81.10461667,1060.241,132.1477667,274.6633333,27.26333333,89.50166667
24-04-2021 03:00,1,31.24,89.105,91.34493333,1114.676,161.9147333,252.83,25.49833333,96.83
24-04-2021 03:00,2,13.72666667,38.53833333,105.9365667,0.0,76.6915,235.8,26.44666667,91.41333333
24-04-2021 03:00,3,18.26833333,0.0,80.25398333,868.668,84.9723,205.2333333,26.67666667,90.15666667
24-04-2021 03:00,4,34.015,84.74666667,77.04775,795.515,87.26206667,215.7133333,26.51333333,93.39166667
24-04-2021 03:00,5,11.28666667,24.945,79.66508333,727.901,71.2337,319.64,26.77166667,90.79666667
24-04-2021 03:00,6,13.56,30.25833333,68.86858333,620.368,108.7796,197.3733333,26.96166667,89.86
24-04-2021 04:00,1,26.76166667,71.74833333,88.76031667,1001.031,158.5585,220.5166667,25.78166667,96.29833333
24-04-2021 04:00,2,14.91166667,40.23,103.7118333,0.0,76.0328,242.7866667,26.335,92.43833333
24-04-2021 04:00,3,13.835,0.0,70.43898333,819.199,76.44056667,202.1766667,26.62,89.81166667
24-04-2021 04:00,4,23.88333333,58.685,69.06488333,605.088,76.62876667,181.2166667,26.545,92.69833333
24-04-2021 04:00,5,11.58666667,24.57,75.15018333,670.219,67.1874,297.37,26.72666667,91.41666667
24-04-2021 04:00,6,14.06833333,29.64333333,67.69078333,586.561,104.6392,186.02,26.845,90.25
24-04-2021 05:00,1,25.635,67.25,86.9609,1074.375,156.3628333,223.5733333,25.89,95.96166667
24-04-2021 05:00,2,15.54833333,40.97333333,103.2538,0.0,73.64893333,273.79,26.215,93.07833333
24-04-2021 05:00,3,16.50833333,0.0,69.39205,1104.362,75.12316667,249.7733333,26.465,90.84833333
24-04-2021 05:00,4,22.97333333,55.24166667,65.43333333,726.182,70.3868,194.3166667,26.625,91.975
24-04-2021 05:00,5,11.43833333,24.545,74.69215,769.539,68.19113333,299.99,26.68833333,90.955
24-04-2021 05:00,6,14.10833333,29.91166667,66.87286667,760.944,105.0156,213.9666667,26.72333333,90.43333333
24-04-2021 06:00,1,24.385,63.525,86.60101667,1260.218,152.7870333,263.31,26.38,94.15666667
24-04-2021 06:00,2,18.01333333,44.08833333,85.12876667,0.0,64.48986667,404.79,28.495,82.20666667
24-04-2021 06:00,3,15.935,0.0,65.07345,1471.464,67.6579,330.5566667,27.39333333,86.35
24-04-2021 06:00,4,21.37666667,52.10333333,66.44755,1230.804,68.8812,286.89,26.88833333,89.285
24-04-2021 06:00,5,11.42666667,23.91833333,71.74765,928.451,60.81996667,306.1033333,26.93,87.75
24-04-2021 06:00,6,13.98333333,30.86,68.93401667,1644.128,101.6593667,361.56,27.175,87.22666667
24-04-2021 07:00,1,20.47333333,49.23833333,68.63956667,1015.356,116.1507667,227.0666667,27.785,88.09833333
24-04-2021 07:00,2,16.08166667,41.72166667,47.112,0.0,28.5123,441.0333333,30.99333333,71.92833333
24-04-2021 07:00,3,17.07666667,0.0,54.14608333,1873.519,44.94843333,434.92,29.57333333,78.34833333
24-04-2021 07:00,4,25.67666667,64.14333333,72.2384,1207.693,70.92003333,291.2566667,28.48666667,83.78333333
24-04-2021 07:00,5,11.33166667,24.47,91.2795,1920.887,63.3293,469.4166667,28.00666667,83.685
24-04-2021 07:00,6,13.625,30.64333333,83.16576667,1967.682,92.6885,437.1033333,28.09666667,83.42166667
24-04-2021 08:00,1,15.56,36.01333333,63.73206667,783.1,84.9723,188.2033333,29.425,80.03833333
24-04-2021 08:00,2,12.7,37.52333333,40.30693333,0.0,11.13516667,413.5233333,31.445,69.24666667
24-04-2021 08:00,3,14.04666667,0.0,52.44481667,1308.159,27.5713,351.9533333,30.92666667,72.18333333
24-04-2021 08:00,4,20.34,49.86833333,60.95115,1036.366,42.9096,285.58,30.23666667,76.22
24-04-2021 08:00,5,12.27333333,27.56,51.49603333,1587.592,32.21356667,480.77,31.26,70.80166667
24-04-2021 08:00,6,14.23396226,37.23018868,92.74249057,2979.816226,91.93392453,659.9433962,29.6754717,77.00188679
24-04-2021 09:00,1,11.87,26.64,50.61268333,630.873,34.59743333,166.37,31.54166667,69.99666667
24-04-2021 09:00,2,12.07,36.58333333,52.15036667,0.0,8.6572,362.87,32.29833333,64.41666667
24-04-2021 09:00,3,13.41166667,0.0,48.64968333,917.755,20.35696667,290.3833333,31.81166667,67.29
24-04-2021 09:00,4,14.60666667,35.09666667,66.08766667,827.603,10.94696667,269.4233333,31.76666667,68.54
24-04-2021 09:00,5,13.06833333,32.58666667,8.6372,1593.704,1.5997,630.9833333,32.78,62.90166667
24-04-2021 09:00,6,12.75333333,30.00166667,77.99653333,1377.492,60.44356667,367.2366667,30.51833333,70.27
24-04-2021 10:00,1,12.06666667,27.77166667,74.62671667,640.614,22.83493333,163.3133333,32.53833333,64.78
24-04-2021 10:00,2,10.70833333,34.72,69.19575,0.0,9.064966667,327.0633333,33.185,59.00333333
24-04-2021 10:00,3,13.03,0.0,32.5858,697.15,3.513066667,281.65,33.25333333,59.65166667
24-04-2021 10:00,4,14.20333333,33.05333333,75.31376667,777.561,3.450333333,275.9733333,32.645,63.645
24-04-2021 10:00,5,13.44333333,37.35166667,57.67948333,1427.343,13.89543333,571.16,32.99,59.62333333
24-04-2021 10:00,6,12.44166667,30.27666667,82.80588333,1298.418,52.9783,355.4466667,31.41,64.955
24-04-2021 11:00,1,12.22333333,29.09,132.1753333,785.392,57.3069,155.89,32.105,64.13
24-04-2021 11:00,2,12.82333333,37.49166667,94.97648333,0.0,12.48393333,315.2733333,33.135,58.745
24-04-2021 11:00,3,15.57,0.0,46.85026667,673.466,3.324866667,285.1433333,33.42,58.545
24-04-2021 11:00,4,13.38,31.47833333,72.53285,887.386,7.088866667,318.7666667,33.22666667,59.88166667
24-04-2021 11:00,5,12.30833333,28.23666667,64.71356667,1263.274,14.4914,547.1433333,34.32166667,54.65166667
24-04-2021 11:00,6,13.2362069,34.10517241,87.82732759,1677.704483,53.70189655,441.3344828,32.51896552,60.12758621
24-04-2021 12:00,1,13.58,31.48833333,149.9732,957.865,49.55933333,195.19,33.54,59.44666667
24-04-2021 12:00,2,13.75,38.46166667,114.5737667,0.0,24.21506667,300.4266667,33.465,57.48666667
24-04-2021 12:00,3,16.73166667,0.0,58.56283333,791.122,16.2793,296.4966667,32.905,60.76
24-04-2021 12:00,4,13.835,31.2,94.48573333,858.545,14.89916667,282.96,32.62333333,60.66166667
24-04-2021 12:00,5,13.835,30.21333333,162.1765167,1468.79,42.84686667,495.18,33.355,57.46
24-04-2021 12:00,6,15.36333333,34.93833333,85.75038333,1043.242,34.03283333,341.91,33.20333333,58.11666667
24-04-2021 13:00,1,13.53,32.08833333,152.7541167,785.583,73.398,179.47,32.91,61.35166667
24-04-2021 13:00,2,10.65833333,34.51166667,83.8201,0.0,10.03733333,335.36,34.46166667,51.97833333
24-04-2021 13:00,3,11.855,0.0,34.84325,690.847,8.970866667,314.8366667,33.83833333,57.4
24-04-2021 13:00,4,16.26666667,38.78333333,110.5823333,943.54,34.2524,283.8333333,32.97833333,60.58
24-04-2021 13:00,5,16.36166667,48.505,199.4735167,1433.646,64.23893333,436.6666667,33.16166667,58.86833333
24-04-2021 13:00,6,14.765,36.81666667,67.5272,1042.86,14.33456667,398.24,34.13333333,54.77666667
24-04-2021 14:00,1,12.94666667,30.195,125.3702667,824.165,81.45923333,233.6166667,34.225,58.71666667
24-04-2021 14:00,2,12.26833333,37.12666667,78.78173333,0.0,4.7991,417.4533333,35.675,49.22333333
24-04-2021 14:00,3,10.91833333,0.0,30.94996667,620.559,1.913366667,331.43,34.43166667,53.69833333
24-04-2021 14:00,4,15.4,36.92666667,98.08456667,823.592,22.8663,273.3533333,33.34166667,58.535
24-04-2021 14:00,5,14.44333333,36.42333333,181.1521833,1359.347,55.8954,431.4266667,33.655,56.32333333
24-04-2021 14:00,6,15.13333333,39.94833333,89.64366667,1075.521,25.53246667,390.38,34.04166667,54.595
24-04-2021 15:00,1,13.51,31.29,117.87815,772.404,47.45776667,223.5733333,33.37333333,59.24333333
24-04-2021 15:00,2,11.94166667,36.86333333,119.4812667,0.0,21.04703333,455.88,33.71166667,60.72
24-04-2021 15:00,3,13.14666667,0.0,46.94841667,798.38,7.496633333,372.9133333,34.01166667,56.60166667
24-04-2021 15:00,4,14.38833333,34.47333333,104.7587667,865.039,35.88346667,280.7766667,33.17333333,59.49
24-04-2021 15:00,5,12.50333333,33.735,185.40535,1054.702,65.55633333,404.3533333,33.31166667,60.915
24-04-2021 15:00,6,12.82666667,36.36333333,112.8397833,1183.818,70.26133333,424.0033333,33.02166667,61.32666667
24-04-2021 16:00,1,14.215,34.86,175.9502333,973.718,180.0760333,241.4766667,31.42666667,70.31333333
24-04-2021 16:00,2,11.22413793,35.46551724,176.1284828,0.0,74.76082759,370.8655172,32.27241379,67.69137931
24-04-2021 16:00,3,12.25333333,0.0,115.0645167,1264.229,55.7072,371.6033333,32.02833333,66.39166667
24-04-2021 16:00,4,12.585,30.64333333,106.5254667,971.044,49.99846667,314.8366667,32.495,65.775
24-04-2021 16:00,5,11.55333333,31.13,172.3186833,1137.787,76.15826667,423.13,32.16666667,66.81166667
24-04-2021 16:00,6,11.35333333,28.085,126.12275,1192.604,103.9491333,395.1833333,31.79833333,68.84833333
24-04-2021 17:00,1,13.95333333,34.45166667,169.6032,1404.423,199.8370333,275.9733333,30.47,73.95833333
24-04-2021 17:00,2,10.98,35.33833333,169.89765,0.0,76.75423333,384.7033333,30.82,74.285
24-04-2021 17:00,3,9.963333333,0.0,108.3576,1493.047,68.63026667,404.3533333,31.48333333,71.32833333
24-04-2021 17:00,4,12.54,30.785,106.1655833,1228.512,73.5862,336.67,30.74666667,74.44666667
24-04-2021 17:00,5,9.488333333,20.55666667,144.57495,1503.743,83.8431,461.9933333,30.71833333,74.37666667
24-04-2021 17:00,6,10.12333333,24.18,117.48555,1697.035,116.2448667,486.8833333,30.835,75.075
24-04-2021 18:00,1,11.54333333,25.84833333,149.6133167,1063.87,185.2201667,230.1233333,29.53166667,79.815
24-04-2021 18:00,2,13.91666667,38.995,151.2164333,0.0,70.16723333,329.6833333,29.66333333,73.07
24-04-2021 18:00,3,10.11166667,0.0,92.55545,1319.81,63.64296667,352.39,30.59,73.20833333
24-04-2021 18:00,4,11.66833333,27.11,102.6649,935.327,75.0918,254.14,29.76833333,78.90166667
24-04-2021 18:00,5,9.948333333,21.18166667,124.6177833,1119.451,74.84086667,373.7866667,30.01333333,77.225
24-04-2021 18:00,6,11.41833333,27.045,102.2723,1716.135,106.7094,455.0066667,30.11833333,77.13333333
24-04-2021 19:00,1,9.786666667,23.385,121.1498167,906.868,138.6093,179.0333333,28.52166667,78.16833333
24-04-2021 19:00,2,14.01833333,39.83666667,154.3572333,0.0,81.5847,263.31,27.915,79.05666667
24-04-2021 19:00,3,13.31666667,0.0,95.76168333,880.51,64.48986667,227.5033333,28.39333333,76.71
24-04-2021 19:00,4,13.68166667,31.89166667,89.44736667,1277.79,60.8827,290.3833333,28.55833333,76.645
24-04-2021 19:00,5,10.81,26.29166667,123.0146667,1173.695,66.9992,337.1066667,28.16666667,77.53333333
24-04-2021 19:00,6,12.14,28.62333333,101.4543833,1406.524,98.805,349.77,28.265,78.11166667
24-04-2021 20:00,1,13.82333333,33.01833333,125.14125,1152.876,160.0641,226.63,27.505,81.55666667
24-04-2021 20:00,2,14.98596491,41.1877193,137.4788772,0.0,90.56712281,299.6912281,27.54561404,84.35789474
24-04-2021 20:00,3,29.22833333,0.0,95.49995,986.897,82.21203333,234.9266667,27.425,82.435
24-04-2021 20:00,4,16.705,39.08333333,90.6906,1366.032,78.79306667,309.5966667,27.965,79.42
24-04-2021 20:00,5,13.29166667,30.345,113.4614,2098.326,86.07013333,502.1666667,28.48666667,78.835
24-04-2021 20:00,6,16.18333333,38.29333333,95.92526667,1730.078,119.6952,421.3833333,28.175,80.57
25-04-2021 16:00,1,28.87666667,81.92,160.3116667,1353.617,121.9849667,301.7366667,33.21333333,60.825
25-04-2021 16:00,2,18.8,45.83333333,150.4966667,0.0,71.82966667,323.1333333,31.96666667,62.5
25-04-2021 16:00,3,22.27333333,0.0,101.8797,846.894,46.5795,302.1733333,32.275,62.95833333
25-04-2021 16:00,4,19.91,50.61,86.30656667,1030.063,38.54963333,379.4633333,34.15833333,54.37166667
25-04-2021 16:00,5,19.06833333,45.96,150.7911167,1240.736,56.05223333,469.8533333,33.56333333,56.79166667
25-04-2021 16:00,6,19.91666667,46.44166667,117.2238167,1099.014,86.8543,419.2,33.09,58.935
25-04-2021 17:00,1,26.195,70.08666667,143.7570333,1531.056,141.9341667,352.8266667,32.06,65.17666667
25-04-2021 17:00,2,17.925,44.21333333,133.2877,0.0,61.10226667,336.2333333,30.86,64.91833333
25-04-2021 17:00,3,20.49333333,0.0,94.32215,947.36,58.18516667,271.6066667,30.475,65.94666667
25-04-2021 17:00,4,21.705,51.58333333,99.26236667,1398.884,64.67806667,402.17,32.355,61.71833333
25-04-2021 17:00,5,18.64333333,42.185,125.6974333,1425.051,68.37933333,472.0366667,31.99833333,61.4
25-04-2021 17:00,6,19.115,42.85666667,117.78,1321.147,109.1246333,384.2666667,31.36,63.90333333
25-04-2021 18:00,1,13.61333333,32.855,196.1364167,934.754,213.607,242.7866667,27.51666667,92.30333333
25-04-2021 18:00,2,15.52333333,41.035,128.4456333,0.0,72.86476667,314.8366667,29.84333333,67.14333333
25-04-2021 18:00,3,17.09,0.0,86.20841667,1081.251,63.3293,275.1,29.30833333,69.80333333
25-04-2021 18:00,4,23.125,56.7,88.40043333,1777.255,71.64146667,441.0333333,31.275,62.97333333
25-04-2021 18:00,5,18.78,42.07166667,113.95215,1506.799,71.01413333,474.22,31.055,63.25166667
25-04-2021 18:00,6,16.14833333,35.98166667,100.99635,1445.488,109.4383,385.14,30.41333333,65.205
25-04-2021 19:00,1,14.125,31.43166667,176.17925,1693.215,230.2313333,342.3466667,27.13166667,95.67833333
25-04-2021 19:00,2,14.415,39.62,135.9050333,0.0,85.22323333,308.2866667,29.085,73.79166667
25-04-2021 19:00,3,14.67333333,0.0,86.04483333,1049.545,68.7871,259.38,28.65666667,75.155
25-04-2021 19:00,4,16.49166667,37.47333333,83.0349,1534.112,68.5989,403.9166667,30.265,66.775
25-04-2021 19:00,5,15.27666667,33.295,110.02615,1417.22,77.03653333,427.4966667,30.0,69.48833333
25-04-2021 19:00,6,12.725,26.25166667,98.28086667,1216.479,116.1821333,331.8666667,29.55,71.53666667
25-04-2021 20:00,1,17.045,39.11166667,131.1938333,1442.623,186.8512333,282.5233333,26.63166667,94.64
25-04-2021 20:00,2,18.27666667,44.45333333,153.21215,0.0,90.39873333,308.7233333,28.22,81.875
25-04-2021 20:00,3,17.57666667,0.0,85.06333333,1225.647,73.80576667,284.7066667,28.70166667,75.49666667
25-04-2021 20:00,4,22.83833333,54.46333333,95.7944,1446.252,85.631,353.7,29.50333333,73.76833333
25-04-2021 20:00,5,16.73833333,35.795,118.7615,1476.43,86.35243333,426.1866667,29.22166667,76.29166667
25-04-2021 20:00,6,19.54067797,48.15762712,98.28308475,1897.115593,125.7431186,448.0644068,29.11864407,76.50847458
25-04-2021 21:00,1,16.70333333,43.885,123.7998667,1323.63,187.0708,254.14,26.54666667,94.67166667
25-04-2021 21:00,2,15.85833333,41.11,135.8396,0.0,84.25086667,293.44,28.18166667,82.54666667
25-04-2021 21:00,3,20.31724138,0.0,82.54753448,1410.370345,72.03517241,319.3689655,28.72586207,78.20517241
25-04-2021 21:00,4,24.175,59.945,103.2865167,1354.954,96.7348,320.5133333,28.905,80.515
25-04-2021 21:00,5,15.21333333,32.17666667,108.1613,1448.926,80.42413333,406.5366667,28.97666667,78.37166667
25-04-2021 21:00,6,16.52,38.44,95.89255,1780.884,120.6362,421.82,28.88,79.115
25-04-2021 22:00,1,16.47666667,43.62833333,108.45575,1273.015,177.6921667,247.59,26.625,95.575
25-04-2021 22:00,2,15.625,40.45833333,112.8725,0.0,71.01413333,242.7866667,27.58333333,81.87166667
25-04-2021 22:00,3,19.96833333,0.0,80.64658333,1093.857,70.26133333,259.38,28.04666667,80.48
25-04-2021 22:00,4,19.20666667,43.88166667,77.66936667,1207.12,73.05296667,294.3133333,28.60833333,78.985
25-04-2021 22:00,5,13.025,30.80333333,97.10306667,777.752,71.39053333,287.3266667,28.13666667,79.32
25-04-2021 22:00,6,15.99833333,36.31833333,85.03061667,1077.813,108.7482333,281.65,28.13,81.29
25-04-2021 23:00,1,13.77833333,33.125,101.19265,1052.601,169.2231667,186.8933333,26.08666667,93.98166667
25-04-2021 23:00,2,15.36,40.21333333,97.98641667,0.0,68.72436667,240.1666667,27.90166667,78.59333333
25-04-2021 23:00,3,15.87166667,0.0,69.91551667,986.706,65.33676667,232.7433333,27.965,78.79833333
25-04-2021 23:00,4,17.28666667,39.26666667,67.88708333,1017.648,65.14856667,258.9433333,28.375,77.09333333
25-04-2021 23:00,5,13.165,29.86666667,90.1017,754.068,69.7281,279.03,28.22333333,77.66333333
25-04-2021 23:00,6,16.06,33.955,76.49156667,855.489,100.2165,223.1366667,28.15333333,78.14833333
26-04-2021 00:00,1,13.59833333,35.91833333,98.24815,1001.986,168.5331,188.64,25.93166667,93.66166667
26-04-2021 00:00,2,15.975,40.735,105.3476667,0.0,71.48463333,218.77,27.29833333,82.39333333
26-04-2021 00:00,3,16.78833333,0.0,75.1829,795.133,67.15603333,192.1333333,27.43333333,80.92166667
26-04-2021 00:00,4,17.37333333,39.26,71.09331667,822.064,65.33676667,224.4466667,28.24666667,78.545
26-04-2021 00:00,5,12.97166667,31.095,91.0832,513.79,68.00293333,243.2233333,27.88333333,80.205
26-04-2021 00:00,6,14.76166667,31.69,78.81445,736.114,104.2628,204.36,28.0,80.19333333
26-04-2021 01:00,1,14.07666667,35.79166667,98.83705,933.799,167.4352667,177.7233333,25.74166667,95.105
26-04-2021 01:00,2,17.54333333,42.52166667,103.4501,0.0,77.60113333,215.7133333,27.21166667,83.555
26-04-2021 01:00,3,19.92666667,0.0,74.0051,768.584,69.2576,184.2733333,27.11833333,82.86166667
26-04-2021 01:00,4,16.77166667,37.08166667,72.59828333,715.677,65.1172,207.8533333,28.17333333,79.86666667
26-04-2021 01:00,5,13.53666667,30.83666667,90.95233333,479.983,68.4107,236.6733333,27.72833333,81.79333333
26-04-2021 01:00,6,14.98333333,31.42166667,73.93966667,699.824,102.8513,190.3866667,27.83333333,81.98833333
26-04-2021 02:00,1,16.58833333,42.81,95.0092,1018.985,166.1178667,209.6,25.67166667,96.33833333
26-04-2021 02:00,2,17.55333333,42.86166667,91.80296667,0.0,71.95513333,212.6566667,27.045,84.68833333
26-04-2021 02:00,3,20.85,0.0,77.21133333,738.406,73.93123333,169.8633333,26.81333333,84.30666667
26-04-2021 02:00,4,15.68166667,34.35166667,67.95251667,593.819,60.75723333,183.8366667,28.065,79.65
26-04-2021 02:00,5,12.39,26.68666667,81.59536667,687.6,65.2113,293.8766667,27.855,80.90833333
26-04-2021 02:00,6,14.60666667,30.385,69.81736667,706.318,101.8789333,192.1333333,27.915,81.085
26-04-2021 03:00,1,20.98,56.08833333,93.0462,1098.059,162.9812,223.5733333,25.75,95.74333333
26-04-2021 03:00,2,16.035,40.805,106.2637333,0.0,77.66386667,232.3066667,27.18666667,83.58666667
26-04-2021 03:00,3,19.25666667,0.0,72.86001667,732.294,70.4809,166.37,27.02833333,83.82
26-04-2021 03:00,4,13.655,29.88833333,68.44326667,588.28,59.59666667,179.9066667,27.86,80.21166667
26-04-2021 03:00,5,11.055,23.44,83.2312,660.287,61.79233333,290.82,27.79333333,80.95833333
26-04-2021 03:00,6,12.39333333,24.84166667,70.60256667,647.108,96.70343333,172.92,27.82666667,81.48666667
26-04-2021 04:00,1,21.94166667,61.75166667,91.11591667,1197.57,162.3538667,236.6733333,25.8,95.25
26-04-2021 04:00,2,14.28305085,38.67457627,102.3754407,0.0,72.85572881,258.0033898,27.12881356,83.81355932
26-04-2021 04:00,3,14.875,0.0,69.22846667,801.818,70.4809,178.16,26.96666667,83.58
26-04-2021 04:00,4,14.88666667,33.615,70.34083333,677.668,64.3644,181.2166667,27.62666667,81.49666667
26-04-2021 04:00,5,10.88833333,23.07,85.91396667,746.046,64.33303333,324.0066667,27.72666667,81.26833333
26-04-2021 04:00,6,12.02333333,24.77666667,73.74336667,721.025,100.0283,186.4566667,27.71833333,81.93333333
26-04-2021 05:00,1,20.86166667,59.95,90.1017,1423.523,161.2874,274.2266667,25.73666667,95.55333333
26-04-2021 05:00,2,16.44,41.69166667,102.9920667,0.0,73.83713333,280.7766667,27.18666667,83.28833333
26-04-2021 05:00,3,14.11333333,0.0,67.7235,1183.627,75.8446,248.0266667,27.79,81.14166667
26-04-2021 05:00,4,19.80666667,47.94166667,75.05203333,1139.506,77.19336667,242.7866667,27.34833333,83.52
26-04-2021 05:00,5,11.92333333,25.35333333,89.64366667,1046.871,72.5511,318.33,27.68,81.93166667
26-04-2021 05:00,6,13.26166667,29.305,78.87988333,1104.171,115.4607,248.9,27.73,81.96166667
26-04-2021 06:00,1,22.95,66.975,97.1685,2084.192,168.9408667,389.5066667,26.83333333,91.55833333
26-04-2021 06:00,2,18.83,46.305,99.81855,0.0,72.61383333,426.6233333,28.61333333,78.69666667
26-04-2021 06:00,3,17.245,0.0,69.81736667,1929.673,68.693,395.1833333,27.89333333,81.22666667
26-04-2021 06:00,4,22.26666667,59.74,80.64658333,1757.582,85.1605,343.22,28.08333333,81.75333333
26-04-2021 06:00,5,16.09,34.27,95.36908333,1752.998,75.6564,439.7233333,27.94666667,81.27333333
26-04-2021 06:00,6,16.29666667,36.71833333,86.89546667,1984.108,118.0014,414.3966667,28.05,81.04
26-04-2021 07:00,1,21.70166667,59.23,107.86685,1712.697,156.8647,313.9633333,29.08833333,83.70166667
26-04-2021 07:00,2,17.71666667,44.42,67.26546667,0.0,37.67136667,451.0766667,31.245,69.89333333
26-04-2021 07:00,3,16.68666667,0.0,61.54005,1724.157,46.0149,395.1833333,29.85,76.24333333
26-04-2021 07:00,4,21.10833333,53.11166667,87.12448333,1951.256,66.56006667,403.9166667,29.725,75.855
26-04-2021 07:00,5,14.00166667,31.37666667,108.6193333,2115.707,69.2576,499.11,28.80333333,79.34
26-04-2021 07:00,6,15.02166667,35.85,100.8654833,2690.235,108.8109667,570.7233333,28.99833333,79.0
26-04-2021 08:00,1,18.78166667,45.78166667,93.76596667,1092.711,89.83413333,215.7133333,30.80666667,76.10666667
26-04-2021 08:00,2,16.27,42.23333333,67.46176667,0.0,24.68556667,392.5633333,31.925,68.095
26-04-2021 08:00,3,15.84666667,0.0,47.34101667,1174.841,25.5952,323.1333333,31.125,71.51166667
26-04-2021 08:00,4,19.81166667,47.52333333,80.25398333,1555.122,34.12693333,371.1666667,31.55833333,69.57
26-04-2021 08:00,5,16.19666667,39.43166667,82.54415,2011.23,49.52796667,551.0733333,31.1,71.375
26-04-2021 08:00,6,14.425,34.30166667,87.32078333,1635.533,82.30613333,384.7033333,29.85833333,75.61833333
26-04-2021 09:00,1,18.12,44.50166667,95.7944,984.605,51.53543333,208.29,32.33166667,69.13333333
26-04-2021 09:00,2,14.96333333,40.53166667,60.52583333,0.0,12.29573333,331.43,32.26833333,64.28
26-04-2021 09:00,3,17.22333333,0.0,36.7081,810.031,14.33456667,268.9866667,32.27166667,65.56166667
26-04-2021 09:00,4,17.88,44.04833333,50.28551667,1130.338,6.806566667,355.01,33.07833333,62.705
26-04-2021 09:00,5,15.88166667,39.57333333,57.48318333,1466.88,12.07616667,515.7033333,32.06666667,65.34333333
26-04-2021 09:00,6,16.74528302,44.62075472,81.85339623,1573.04717,68.28464151,376.1924528,31.10377358,68.78301887
26-04-2021 10:00,1,14.64166667,33.96166667,54.60411667,784.628,17.56533333,228.3766667,34.28333333,59.685
26-04-2021 10:00,2,13.995,39.07333333,78.22555,0.0,18.1613,316.1466667,33.6,58.75166667
26-04-2021 10:00,3,17.80833333,0.0,32.74938333,747.765,3.638533333,281.2133333,33.68166667,59.88
26-04-2021 10:00,4,17.0,43.01333333,53.26273333,911.261,3.042566667,347.15,33.94,58.425
26-04-2021 10:00,5,14.98,35.29666667,82.90403333,1608.22,21.1725,555.0033333,33.74833333,58.83
26-04-2021 10:00,6,15.57166667,41.805,72.17296667,1302.238,48.3674,346.2766667,32.25,62.975
26-04-2021 11:00,1,14.18833333,33.86,68.93401667,662.388,18.41223333,235.8,34.83166667,56.48666667
26-04-2021 11:00,2,12.785,37.19333333,60.49311667,0.0,3.3876,361.9966667,34.74333333,52.68166667
26-04-2021 11:00,3,18.09166667,0.0,54.08065,843.456,5.332333333,312.6533333,33.73333333,58.865
26-04-2021 11:00,4,14.02833333,31.825,28.49621667,618.458,0.784166667,342.7833333,36.1,51.12666667
26-04-2021 11:00,5,14.01166667,31.58166667,81.30091667,1414.737,12.92306667,546.27,34.54,54.51666667
26-04-2021 11:00,6,13.77241379,35.37241379,65.62512069,1231.357241,34.58986207,354.6034483,33.17586207,57.99482759
26-04-2021 12:00,1,12.35833333,27.87,107.3106667,581.213,45.70123333,208.29,34.805,55.18333333
26-04-2021 12:00,2,12.485,36.67333333,83.36206667,0.0,10.19416667,357.1933333,35.01333333,51.65666667
26-04-2021 12:00,3,14.17333333,0.0,49.14043333,749.866,5.489166667,328.81,34.30833333,55.975
26-04-2021 12:00,4,14.21666667,37.06,25.94431667,536.137,0.125466667,380.3366667,36.42666667,49.43833333
26-04-2021 12:00,5,13.18,27.215,127.10425,972.381,33.84463333,437.1033333,34.265,54.60166667
26-04-2021 12:00,6,14.47,34.55833333,46.19593333,995.874,12.10753333,353.7,34.82333333,53.18
26-04-2021 13:00,1,12.605,28.50666667,65.66235,600.313,10.8215,268.9866667,36.57833333,49.76166667
26-04-2021 13:00,2,13.09833333,37.29166667,58.39925,0.0,0.972366667,444.9633333,36.16333333,48.545
26-04-2021 13:00,3,14.61666667,0.0,66.25125,808.312,15.2442,324.4433333,34.28166667,55.65166667
26-04-2021 13:00,4,13.85333333,37.73833333,46.39223333,549.507,0.721433333,371.6033333,36.755,48.60833333
26-04-2021 13:00,5,12.88333333,29.14666667,129.3617,1086.599,46.4854,457.6266667,34.20166667,53.88833333
26-04-2021 13:00,6,15.1,41.34166667,40.27421667,1285.239,7.9985,473.7833333,34.71,52.79333333
26-04-2021 14:00,1,12.94150943,29.86037736,57.33441509,658.8418868,0.639169811,325.7698113,37.26603774,46.74150943
26-04-2021 14:00,2,12.24666667,36.5,47.53731667,0.0,0.0,485.5733333,36.62666667,47.10166667
26-04-2021 14:00,3,14.74833333,0.0,68.77043333,900.756,17.34576667,342.3466667,33.79166667,56.62333333
26-04-2021 14:00,4,13.12833333,29.76833333,45.31258333,561.349,0.345033333,385.5766667,36.305,48.51
26-04-2021 14:00,5,13.01666667,30.75166667,117.48555,1179.616,35.31886667,492.56,35.02,50.68166667
26-04-2021 14:00,6,14.955,43.52833333,55.38931667,1451.218,19.0082,516.14,35.54166667,50.295
26-04-2021 15:00,1,13.795,33.34833333,110.9095,667.927,60.28673333,324.0066667,35.87666667,49.72
26-04-2021 15:00,2,13.94166667,38.89,94.84561667,0.0,15.11873333,524.8733333,35.69333333,55.40833333
26-04-2021 15:00,3,16.11333333,0.0,87.81153333,913.744,31.83716667,328.81,34.22,56.27166667
26-04-2021 15:00,4,14.98166667,43.64166667,77.3422,807.739,26.28526667,376.4066667,35.265,52.67333333
26-04-2021 15:00,5,13.25333333,30.55833333,142.2520667,1012.491,48.86926667,468.98,34.80666667,55.73166667
26-04-2021 15:00,6,15.28,44.15333333,55.78191667,1206.547,15.68333333,539.72,35.35666667,55.19166667
26-04-2021 16:00,1,14.73333333,34.17333333,156.74555,856.826,147.1724,334.9233333,33.855,60.07333333
26-04-2021 16:00,2,14.07068966,39.40517241,159.6460517,0.0,58.66648276,451.2724138,33.42931034,64.83275862
26-04-2021 16:00,3,15.42333333,0.0,70.668,1275.689,29.5474,418.3266667,33.335,64.64333333
26-04-2021 16:00,4,14.45166667,36.1,82.21698333,948.315,44.47793333,373.7866667,34.06166667,58.17
26-04-2021 16:00,5,13.05166667,31.60333333,145.5237333,1271.869,68.09703333,503.9133333,33.295,61.65
26-04-2021 16:00,6,13.69833333,36.52833333,102.76305,1595.041,86.54063333,536.6633333,33.17666667,63.86
26-04-2021 17:00,1,15.73833333,35.43,173.2674667,958.82,180.5779,296.9333333,31.44333333,71.76666667
26-04-2021 17:00,2,16.45833333,43.37833333,165.38275,0.0,81.08283333,429.68,31.535,69.92833333
26-04-2021 17:00,3,15.80833333,0.0,90.98505,1398.693,53.32333333,403.0433333,31.96,69.26166667
26-04-2021 17:00,4,14.94833333,38.91166667,89.74181667,1175.987,61.85506667,378.1533333,32.33666667,65.70833333
26-04-2021 17:00,5,12.05833333,26.27333333,119.1541,1844.869,71.57873333,560.2433333,31.95333333,64.76666667
26-04-2021 17:00,6,13.795,35.64333333,104.2680167,2127.74,104.0746,590.3733333,31.84166667,67.18166667
26-04-2021 18:00,1,12.96833333,29.13166667,155.76405,958.438,181.9894,250.21,30.25333333,75.195
26-04-2021 18:00,2,19.93666667,47.85333333,160.7042667,0.0,86.69746667,390.38,30.44333333,73.70333333
26-04-2021 18:00,3,19.16833333,0.0,85.61951667,1481.205,60.91406667,386.45,30.72833333,72.42833333
26-04-2021 18:00,4,15.34666667,35.95166667,106.2637333,1024.524,81.5847,310.0333333,30.9,73.10166667
26-04-2021 18:00,5,11.82333333,24.545,129.26355,1593.704,84.94093333,487.32,30.98,73.10333333
26-04-2021 18:00,6,13.47333333,32.90833333,105.70755,1898.731,115.7116333,513.9566667,31.01,73.73666667
26-04-2021 19:00,1,10.34,23.58,142.9391167,897.891,175.1828333,230.1233333,29.51333333,79.11
26-04-2021 19:00,2,14.08166667,39.32833333,128.3147667,0.0,71.39053333,349.3333333,30.23833333,73.5
26-04-2021 19:00,3,13.27666667,0.0,68.67228333,1140.079,53.04103333,321.3866667,30.56666667,72.00333333
26-04-2021 19:00,4,14.52833333,32.80833333,95.4018,981.549,80.39276667,285.58,30.45666667,75.58833333
26-04-2021 19:00,5,10.35833333,21.10166667,106.1328667,1167.201,72.48836667,390.38,30.49333333,74.41666667
26-04-2021 19:00,6,12.51833333,27.52166667,87.90968333,1432.882,98.86773333,399.9866667,30.47,73.855
26-04-2021 20:00,1,9.63,21.48833333,125.6974333,783.673,160.4091333,209.1633333,29.09666667,81.34333333
26-04-2021 20:00,2,11.97833333,36.13166667,128.7728,0.0,73.2098,296.06,29.68833333,76.75333333
26-04-2021 20:00,3,10.47166667,0.0,70.01366667,913.744,54.8603,266.8033333,30.04333333,74.32166667
26-04-2021 20:00,4,15.12,33.63833333,88.82575,927.305,76.94243333,257.6333333,30.005,77.83833333
26-04-2021 20:00,5,9.905,20.09,99.62225,843.265,67.81473333,333.1766667,30.01666667,76.34
26-04-2021 20:00,6,11.085,24.385,85.88125,1164.718,98.74226667,330.5566667,29.94,76.60833333
26-04-2021 21:00,1,9.561666667,21.85833333,121.0843833,808.312,173.8027,199.5566667,29.005,82.44166667
26-04-2021 21:00,2,12.36166667,36.70166667,118.7615,0.0,71.95513333,281.2133333,29.395,78.76
26-04-2021 21:00,3,10.01724138,0.0,76.15086207,904.1544828,61.74906897,248.9,29.63103448,76.68448276
26-04-2021 21:00,4,15.09833333,33.945,76.00081667,948.506,68.4107,250.21,29.98833333,77.26333333
26-04-2021 21:00,5,9.883333333,20.1,98.31358333,814.424,66.87373333,313.5266667,29.73,78.22666667
26-04-2021 21:00,6,11.17666667,24.71333333,82.80588333,1126.518,100.5301667,304.7933333,29.68333333,78.68666667
26-04-2021 22:00,1,10.275,25.01,117.3546833,799.144,180.4210667,183.8366667,28.965,83.165
26-04-2021 22:00,2,13.23333333,37.585,113.7231333,0.0,70.98276667,234.0533333,29.08,80.34
26-04-2021 22:00,3,11.63166667,0.0,77.37491667,799.908,64.67806667,221.39,29.25333333,78.65666667
26-04-2021 22:00,4,14.54166667,32.565,70.34083333,825.693,61.3532,230.1233333,29.78,77.86166667
26-04-2021 22:00,5,11.08666667,22.82333333,93.89683333,573.764,63.54886667,282.0866667,29.42,79.72
26-04-2021 22:00,6,12.72166667,27.44833333,76.49156667,800.481,95.16646667,234.9266667,29.45333333,79.60666667
26-04-2021 23:00,1,10.69333333,24.58333333,109.1428,777.179,162.5420667,174.23,28.90166667,82.97833333
26-04-2021 23:00,2,13.92166667,38.04666667,112.1527333,0.0,73.1157,219.6433333,28.81,82.20166667
26-04-2021 23:00,3,13.84,0.0,74.3977,727.137,64.89763333,207.8533333,28.99333333,80.30166667
26-04-2021 23:00,4,15.12666667,33.475,67.00373333,683.398,57.4951,208.7266667,29.505,78.49666667
26-04-2021 23:00,5,10.855,22.29333333,87.41893333,400.909,63.45476667,235.8,29.135,81.04333333
26-04-2021 23:00,6,12.85,27.425,74.0051,710.52,94.69596667,206.98,29.22166667,80.89333333
27-04-2021 00:00,1,12.03833333,28.60333333,108.3903167,773.741,168.2194333,168.99,28.61333333,84.10333333
27-04-2021 00:00,2,14.015,38.15666667,105.9692833,0.0,73.0216,225.7566667,28.54333333,84.10333333
27-04-2021 00:00,3,15.64166667,0.0,76.32798333,651.883,68.09703333,183.4,28.52833333,82.64333333
27-04-2021 00:00,4,14.68833333,32.175,70.79886667,592.864,59.50256667,190.8233333,29.27,79.88333333
27-04-2021 00:00,5,10.65166667,21.855,83.78738333,326.992,61.9178,224.8833333,28.905,82.36666667
27-04-2021 00:00,6,12.995,26.595,72.92545,612.728,94.06863333,183.4,28.94333333,82.77833333
27-04-2021 01:00,1,12.77,30.26666667,108.5539,769.157,163.8908333,168.5533333,28.375,85.075
27-04-2021 01:00,2,16.725,41.07666667,99.65496667,0.0,73.93123333,214.4033333,28.415,84.92
27-04-2021 01:00,3,21.79666667,0.0,78.55271667,700.015,75.97006667,182.5266667,28.11166667,84.965
27-04-2021 01:00,4,15.85666667,34.84833333,70.89701667,593.437,62.54513333,186.4566667,29.05666667,81.20666667
27-04-2021 01:00,5,11.76166667,24.61166667,82.41328333,429.941,60.91406667,241.4766667,28.74666667,83.49833333
27-04-2021 01:00,6,12.69,25.52666667,68.18153333,618.458,90.21053333,180.3433333,28.77166667,83.91833333
27-04-2021 02:00,1,11.80333333,27.91666667,105.5439667,710.711,166.4001667,166.8066667,28.32833333,85.79166667
27-04-2021 02:00,2,16.92592593,41.34444444,102.8393889,0.0,76.63922222,212.0259259,28.19074074,85.92962963
27-04-2021 02:00,3,21.54833333,0.0,75.1829,717.014,76.25236667,182.9633333,28.11,85.23
27-04-2021 02:00,4,15.59166667,34.205,67.46176667,571.281,59.59666667,176.85,28.935,81.19666667
27-04-2021 02:00,5,11.23166667,23.21166667,78.16011667,769.157,59.62803333,346.2766667,28.7,83.54666667
27-04-2021 02:00,6,12.95689655,26.06551724,63.32367241,627.3362069,87.09117241,178.4310345,28.65344828,84.19137931
27-04-2021 03:00,1,12.85333333,30.16833333,105.0532167,746.428,167.7489333,168.99,28.28333333,85.935
27-04-2021 03:00,2,15.06666667,39.18,102.5013167,0.0,74.7154,234.49,28.1,86.26833333
27-04-2021 03:00,3,16.02033898,0.0,68.80481356,690.319322,68.93223729,182.9559322,28.03898305,85.21864407
27-04-2021 03:00,4,18.03333333,40.07666667,66.5457,612.728,62.2942,181.2166667,28.88666667,81.8
27-04-2021 03:00,5,11.35666667,23.42,78.09468333,493.735,57.401,260.2533333,28.60833333,83.795
27-04-2021 03:00,6,12.20666667,23.69,63.50305,607.571,85.00366667,170.7366667,28.59166667,84.48166667
27-04-2021 04:00,1,21.73666667,52.43666667,109.4699667,787.684,162.6048,175.1033333,26.975,91.01666667
27-04-2021 04:00,2,15.355,39.55666667,105.4458167,0.0,74.7154,257.6333333,28.16333333,86.16333333
27-04-2021 04:00,3,12.39333333,0.0,59.02086667,752.922,62.0119,192.1333333,28.595,83.28833333
27-04-2021 04:00,4,17.26166667,38.51166667,67.23275,660.096,65.46223333,175.54,28.80333333,82.68166667
27-04-2021 04:00,5,12.09666667,25.09666667,77.50578333,483.039,60.7886,248.4633333,28.59833333,84.29833333
27-04-2021 04:00,6,13.42,30.51,67.23275,864.466,93.69223333,212.6566667,28.61166667,84.65
27-04-2021 05:00,1,15.46333333,39.79333333,123.669,857.017,175.9356333,167.68,25.92166667,92.93166667
27-04-2021 05:00,2,17.325,41.985,104.1044333,0.0,75.78186667,317.4566667,28.40333333,85.40833333
27-04-2021 05:00,3,13.13166667,0.0,54.40781667,1016.311,58.02833333,245.4066667,28.86166667,82.35166667
27-04-2021 05:00,4,30.84833333,76.15166667,70.70071667,818.626,70.32406667,196.9366667,27.85333333,85.76
27-04-2021 05:00,5,11.42666667,25.05666667,79.20705,638.895,69.13213333,260.69,28.68833333,84.04666667
27-04-2021 05:00,6,14.99666667,37.61833333,70.24268333,1577.087,104.8587667,365.49,28.85,83.89
27-04-2021 06:00,1,16.14833333,41.66666667,117.9108667,1079.341,171.6384,220.08,25.86666667,93.94333333
27-04-2021 06:00,2,19.905,46.48666667,103.6791167,0.0,75.78186667,414.3966667,28.285,85.31
27-04-2021 06:00,3,33.95,0.0,43.186,1536.595,51.06493333,343.22,28.11166667,83.26166667
27-04-2021 06:00,4,37.75833333,88.75666667,98.44445,1041.905,86.2897,205.2333333,25.30333333,98.85
27-04-2021 06:00,5,15.205,35.53,87.45165,1059.286,76.5974,319.64,27.75166667,84.52
27-04-2021 06:00,6,18.54833333,48.36666667,63.0123,2480.135,102.1612333,563.7366667,28.85666667,81.75833333
27-04-2021 07:00,1,17.51219512,42.00731707,113.1358293,1135.658049,155.5174634,231.9658537,26.2,92.72926829
27-04-2021 07:00,2,17.54333333,42.555,137.4427167,0.0,88.3599,482.9533333,27.27833333,86.92833333
27-04-2021 07:00,3,28.99333333,0.0,96.31786667,2846.282,89.92823333,569.85,26.71333333,89.64333333
27-04-2021 07:00,4,41.28666667,98.19333333,103.5155333,1461.341,94.69596667,279.9033333,25.65666667,99.28333333
27-04-2021 07:00,5,16.24,35.12333333,101.4543833,1677.171,80.5496,400.86,27.56,83.935
27-04-2021 07:00,6,20.38166667,49.62,75.05203333,3891.434,111.8849,563.7366667,28.63833333,80.505
27-04-2021 09:00,1,26.24,69.31333333,39.78346667,1119.26,25.84613333,326.6266667,31.91333333,68.26
27-04-2021 09:00,2,19.93,47.19166667,69.39205,0.0,29.7356,340.1633333,31.04833333,67.95
27-04-2021 09:00,3,34.02,0.0,94.8129,1877.339,48.14783333,424.8766667,30.48666667,74.795
27-04-2021 09:00,4,29.03666667,68.93833333,72.0421,1191.649,49.55933333,265.4933333,20.4,12.5
27-04-2021 09:00,5,21.16333333,48.475,114.4429,2339.177,48.39876667,562.4266667,30.84833333,70.34333333
27-04-2021 09:00,6,21.39166667,56.66333333,114.8682167,2646.305,87.54436667,577.2733333,30.17,72.36333333
27-04-2021 10:00,1,19.35666667,49.17833333,65.40061667,710.711,13.2681,189.5133333,32.59166667,64.565
27-04-2021 10:00,2,18.70833333,44.64333333,51.20158333,0.0,7.9044,374.66,33.31166667,60.24333333
27-04-2021 10:00,3,51.055,0.0,92.91533333,1869.699,29.95516667,428.37,31.775,70.80333333
27-04-2021 10:00,4,23.89166667,55.045,52.0195,818.817,19.44733333,233.6166667,28.445,46.345
27-04-2021 10:00,5,24.15166667,54.40333333,162.9617167,2837.687,36.07166667,660.24,32.73333333,64.04333333
27-04-2021 10:00,6,29.655,75.34333333,149.0571333,3217.968,87.82666667,686.8766667,30.94166667,70.19
27-04-2021 11:00,1,18.86333333,46.155,70.70071667,700.397,16.0911,227.0666667,34.04333333,58.80333333
27-04-2021 11:00,2,22.69166667,49.695,108.9137833,0.0,14.83643333,397.3666667,32.44166667,62.62833333
27-04-2021 11:00,3,28.585,0.0,105.4131,1393.345,41.15306667,330.12,28.65833333,81.34333333
27-04-2021 11:00,4,22.48833333,51.05666667,60.10051667,824.738,12.10753333,271.6066667,32.69833333,63.03666667
27-04-2021 11:00,5,25.33666667,55.69,189.2986333,3117.502,68.91256667,660.24,32.39666667,63.97833333
27-04-2021 11:00,6,23.18333333,49.82,145.5237333,2399.342,93.3472,524.0,29.485,73.16333333
27-04-2021 12:00,1,18.51333333,40.69666667,86.07755,651.692,36.35396667,223.5733333,34.04166667,56.73
27-04-2021 12:00,2,20.38166667,46.38666667,119.2195333,0.0,33.53096667,359.8133333,33.19333333,58.90333333
27-04-2021 12:00,3,28.67833333,0.0,139.2094167,1243.983,66.21503333,309.5966667,31.30166667,73.73333333
27-04-2021 12:00,4,23.485,53.18666667,76.557,706.318,17.47123333,242.7866667,33.505,59.785
27-04-2021 12:00,5,20.05666667,41.76,148.30465,1418.939,27.25763333,470.7266667,33.26833333,58.93
27-04-2021 12:00,6,23.94,55.55333333,134.2692,2431.621,64.20756667,566.7933333,32.42333333,63.39833333
27-04-2021 13:00,1,27.35862069,60.81034483,145.8712069,765.8441379,68.01158621,195.1448276,33.44137931,58.37241379
27-04-2021 13:00,2,17.19375,41.596875,74.40996875,0.0,10.2921875,381.5375,34.2625,53.58125
27-04-2021 13:00,3,32.88846154,0.0,100.9435,1323.63,13.68069231,367.8076923,32.44615385,67.20769231
27-04-2021 13:00,4,18.68214286,60.56785714,34.3525,707.655,7.326357143,301.3,34.48928571,55.37142857
27-04-2021 13:00,5,16.27142857,33.15714286,104.4596429,843.5378571,23.32335714,399.55,33.775,53.63214286
27-04-2021 13:00,6,18.196875,41.15625,35.02728125,1568.945625,9.8805,528.09375,35.14375,50.440625
28-04-2021 06:00,1,22.97142857,62.72857143,88.80238095,1132.357143,145.9894286,250.7714286,27.68571429,87.44761905
28-04-2021 06:00,2,18.575,46.1625,121.8286875,0.0,79.985,425.75,29.05625,79.625
28-04-2021 06:00,3,26.25,0.0,63.7975,1876.893333,71.62055556,457.0444444,28.6,81.49444444
28-04-2021 06:00,4,37.46521739,91.84347826,71.26543478,995.0269565,68.16113043,263.1391304,28.36086957,83.54347826
28-04-2021 06:00,5,12.31904762,27.03809524,98.99128571,1274.788571,74.38380952,348.0857143,28.56190476,82.11428571
28-04-2021 06:00,6,15.97647059,45.11176471,69.85970588,3874.154118,109.9309412,473.7833333,29.19411765,79.07058824
28-04-2021 07:00,1,21.08333333,63.78666667,75.11746667,990.908,109.4069333,233.18,28.91333333,81.97333333
28-04-2021 07:00,2,17.48666667,44.17666667,105.6094,0.0,62.9529,401.7333333,30.48833333,71.48166667
28-04-2021 07:00,3,19.22166667,0.0,53.81891667,1787.187,55.67583333,472.0366667,29.89333333,76.30833333
28-04-2021 07:00,4,25.03333333,60.62333333,61.96536667,1015.356,52.94693333,273.79,29.36,77.40333333
28-04-2021 07:00,5,12.59166667,26.915,94.4203,1360.302,65.1172,370.73,29.26166667,77.63666667
28-04-2021 07:00,6,15.055,38.57,69.19575,3310.794,93.84906667,516.14,29.895,74.84
28-04-2021 08:00,1,16.20833333,45.595,66.61113333,747.192,63.10973333,176.85,30.66666667,72.685
28-04-2021 08:00,2,18.29833333,44.665,93.0462,0.0,39.96113333,338.4166667,31.68666667,64.655
28-04-2021 08:00,3,15.65333333,0.0,44.33108333,1145.427,32.87226667,348.46,31.115,68.21666667
28-04-2021 08:00,4,17.99666667,43.885,47.99535,714.531,31.30393333,247.59,31.14833333,69.425
28-04-2021 08:00,5,17.06333333,38.475,88.43315,1308.35,49.4025,375.0966667,30.87333333,69.90666667
28-04-2021 08:00,6,17.52333333,43.41333333,75.9681,2083.619,75.62503333,507.4066667,31.09333333,68.54833333
28-04-2021 09:00,1,19.00833333,44.18333333,65.69506667,691.038,36.9813,176.4133333,32.185,65.73166667
28-04-2021 09:00,2,20.49666667,47.24666667,103.0247833,0.0,32.52723333,315.71,32.41,61.08166667
28-04-2021 09:00,3,17.76,0.0,38.93283333,768.966,16.96936667,299.5533333,32.33,62.64666667
28-04-2021 09:00,4,18.705,43.94666667,43.64403333,532.89,11.9507,233.6166667,32.44833333,63.44
28-04-2021 09:00,5,19.84,45.595,100.01485,1182.29,33.93873333,375.0966667,32.215,64.63333333
28-04-2021 09:00,6,21.72833333,57.04833333,85.7831,1955.076,73.7744,491.6866667,31.835,65.41333333
28-04-2021 10:00,1,22.285,51.08833333,81.2682,711.284,27.16353333,165.9333333,32.77666667,60.34833333
28-04-2021 10:00,2,19.51166667,45.81833333,111.3021,0.0,31.3353,326.19,33.28666667,57.17333333
28-04-2021 10:00,3,20.1,0.0,35.46486667,668.118,4.1404,297.8066667,33.36833333,57.19166667
28-04-2021 10:00,4,21.66833333,50.02333333,45.41073333,478.646,0.784166667,246.28,33.64166667,57.32666667
28-04-2021 10:00,5,21.35166667,47.10666667,104.2025833,1254.488,16.68706667,413.96,34.00166667,57.215
28-04-2021 10:00,6,23.19666667,60.59333333,90.8869,1874.092,57.84013333,485.1366667,32.94,60.59
28-04-2021 11:00,1,22.80333333,51.61833333,82.80588333,709.183,17.5026,191.26,34.19333333,54.39666667
28-04-2021 11:00,2,20.91333333,46.63833333,138.0643333,0.0,29.13963333,291.2566667,33.52166667,55.66
28-04-2021 11:00,3,25.0,0.0,61.6382,693.139,7.4339,298.68,33.56833333,56.58666667
28-04-2021 11:00,4,24.36666667,54.88,48.81326667,432.424,0.031366667,260.69,34.86666667,51.99
28-04-2021 11:00,5,22.44,47.71166667,127.69315,1110.474,16.7498,417.89,34.62666667,53.87166667
28-04-2021 11:00,6,24.03166667,61.49666667,83.4275,1931.392,40.2748,531.4233333,33.805,55.815
28-04-2021 12:00,1,22.34166667,50.10833333,82.6423,685.69,16.0911,224.01,34.965,51.99
28-04-2021 12:00,2,19.88666667,45.065,130.5395,0.0,21.7371,317.4566667,34.68,51.04
28-04-2021 12:00,3,25.01166667,0.0,49.99106667,610.245,3.356233333,317.4566667,34.48,52.61166667
28-04-2021 12:00,4,25.28833333,60.70666667,51.26701667,456.299,0.0,297.37,35.585,48.95
28-04-2021 12:00,5,21.86666667,45.87833333,137.0174,872.488,15.9029,384.2666667,34.49666667,51.575
28-04-2021 12:00,6,24.645,56.865,64.71356667,1316.181,13.14263333,444.9633333,34.965,50.99833333
28-04-2021 13:00,1,23.36833333,53.75333333,83.36206667,717.014,17.3144,246.28,35.30833333,48.89833333
28-04-2021 13:00,2,21.10833333,46.86166667,135.7087333,0.0,21.04703333,337.5433333,34.37833333,53.17833333
28-04-2021 13:00,3,26.49666667,0.0,65.07345,737.069,7.590733333,337.98,34.22166667,53.605
28-04-2021 13:00,4,26.745,73.27333333,58.46468333,597.639,4.0463,324.88,35.61666667,47.95833333
28-04-2021 13:00,5,23.06166667,51.41833333,187.8591,1166.628,48.71243333,387.76,34.135,52.73666667
28-04-2021 13:00,6,26.43166667,68.84333333,82.60958333,1331.652,17.25166667,460.2466667,34.55333333,52.155
28-04-2021 14:00,1,22.75833333,55.195,119.7102833,738.406,40.2748,220.5166667,34.425,47.29833333
28-04-2021 14:00,2,19.73666667,45.38833333,126.1881833,0.0,22.74083333,342.7833333,34.26166667,52.555
28-04-2021 14:00,3,26.15,0.0,74.62784483,764.2634483,7.528,350.9896552,34.2,54.34137931
28-04-2021 14:00,4,24.095,57.75333333,75.41191667,609.863,4.391333333,313.09,35.19,48.71166667
28-04-2021 14:00,5,20.25833333,47.52666667,180.7268667,1167.965,53.2606,396.4933333,33.945,53.38166667
28-04-2021 14:00,6,23.94666667,61.02166667,74.26683333,1390.862,17.65943333,506.97,35.11666667,50.73833333
28-04-2021 15:00,1,21.36166667,57.90333333,161.06415,965.696,133.5592667,232.7433333,33.21833333,51.27333333
28-04-2021 15:00,2,18.35333333,44.53166667,116.8639333,0.0,17.81626667,374.2233333,33.76166667,49.51666667
28-04-2021 15:00,3,21.91,0.0,70.0791,792.268,9.1277,333.6133333,33.76333333,51.22833333
28-04-2021 15:00,4,23.48833333,73.79333333,84.08183333,725.418,23.55636667,309.16,33.91333333,50.46166667
28-04-2021 15:00,5,18.61166667,44.33666667,162.04565,1494.193,51.31586667,453.6966667,33.55666667,50.81333333
28-04-2021 15:00,6,22.06333333,63.52333333,67.5272,1567.537,15.74606667,555.8766667,34.355,48.62666667
28-04-2021 16:00,1,21.5,56.39833333,183.04975,1082.97,188.1059,248.9,31.82,60.79333333
28-04-2021 16:00,2,18.64,44.73333333,158.0542167,0.0,50.2494,330.9933333,32.10833333,54.88666667
28-04-2021 16:00,3,26.03333333,0.0,86.5683,1109.71,36.7931,362.87,32.52166667,55.92
28-04-2021 16:00,4,27.82,71.88166667,112.6762,928.069,62.07463333,326.19,32.23833333,59.87666667
28-04-2021 16:00,5,19.83,46.27,169.8649333,1518.832,79.07536667,464.1766667,31.9,61.03333333
28-04-2021 16:00,6,21.65,60.18833333,116.2423167,1826.915,89.3009,548.0166667,32.30666667,58.085
28-04-2021 17:00,1,20.315,52.86333333,171.7297833,1235.961,191.6189667,264.1833333,30.57,67.94833333
28-04-2021 17:00,2,18.72,45.32833333,186.1578333,0.0,81.9611,362.4333333,30.58833333,65.55666667
28-04-2021 17:00,3,22.62166667,0.0,100.3747333,1373.481,61.51003333,389.5066667,31.10666667,63.01
28-04-2021 17:00,4,28.37,68.8,116.2750333,1029.299,79.85953333,322.6966667,30.86333333,67.29833333
28-04-2021 17:00,5,17.65833333,37.93,153.2775833,2065.474,88.8304,551.0733333,30.84666667,65.88166667
28-04-2021 17:00,6,20.74833333,54.27833333,122.9165167,2341.087,116.3389667,604.3466667,30.93,64.36333333
28-04-2021 18:00,1,24.36166667,62.11333333,158.1850833,1237.68,194.9124667,263.7466667,29.66166667,72.94333333
28-04-2021 18:00,2,18.21333333,44.12,176.1465333,0.0,85.66236667,316.5833333,29.72833333,70.57166667
28-04-2021 18:00,3,18.985,0.0,92.19556667,1204.255,64.3644,341.4733333,30.25333333,68.18333333
28-04-2021 18:00,4,24.305,59.30333333,105.7729833,999.503,79.38903333,282.96,30.155,69.595
28-04-2021 18:00,5,16.28333333,34.585,139.9291833,1667.43,83.2785,443.2166667,30.27,68.495
28-04-2021 18:00,6,19.43,49.75666667,116.9293667,2599.319,124.4943,622.6866667,30.28833333,68.40666667
28-04-2021 19:00,1,27.255,68.76166667,125.33755,1098.823,153.2889,237.5466667,29.145,71.29166667
28-04-2021 19:00,2,16.905,42.21666667,169.8649333,0.0,88.86176667,298.2433333,29.395,73.965
28-04-2021 19:00,3,19.52,0.0,91.80296667,1208.839,70.41816667,323.57,29.855,69.78166667
28-04-2021 19:00,4,24.135,58.41666667,98.67346667,958.056,77.88343333,252.3933333,29.70166667,71.20166667
28-04-2021 19:00,5,16.725,35.385,134.0401833,1794.827,82.55706667,442.3433333,30.00833333,69.71
28-04-2021 19:00,6,18.79833333,45.09666667,107.3761,2158.3,114.4883333,526.62,30.21833333,69.62666667
28-04-2021 20:00,1,21.375,51.09166667,144.18235,927.687,159.5936,200.43,28.63833333,75.88
28-04-2021 20:00,2,18.40166667,45.8,165.9062167,0.0,94.1941,279.4666667,29.18,77.23666667
28-04-2021 20:00,3,18.92666667,0.0,92.94805,1091.183,74.7154,282.96,29.63,71.29
28-04-2021 20:00,4,26.98,66.73,93.0462,1061.387,79.01263333,250.6466667,29.395,71.545
28-04-2021 20:00,5,16.46833333,35.55166667,137.31185,1427.152,86.0074,374.66,29.60333333,73.72
28-04-2021 20:00,6,19.49833333,53.23333333,106.4273167,2008.938,121.9222333,472.91,30.095,71.90666667
28-04-2021 21:00,1,24.88,59.925,140.3545,951.18,163.0753,195.6266667,28.23166667,79.59333333
28-04-2021 21:00,2,18.21,45.69666667,153.99735,0.0,91.30836667,271.17,29.01833333,78.73833333
28-04-2021 21:00,3,20.41896552,0.0,84.74744828,961.652069,69.11482759,258.3862069,29.35172414,72.27068966
28-04-2021 21:00,4,30.855,76.60666667,95.14006667,999.121,85.88193333,241.9133333,29.14,72.98833333
28-04-2021 21:00,5,19.49833333,42.69833333,126.0573167,1394.491,85.03503333,353.7,29.265,74.99166667
28-04-2021 21:00,6,20.225,46.92833333,92.71903333,1485.789,104.8587667,370.73,29.975,72.34833333
